round_epochs,val_loss,loss,batch_sizes,epochs,layers,losses,nodes,optimizers
100,0.00883735633506697,0.007600891436779439,100,100,1,mean_squared_error,128,adam
250,0.009669924168917701,0.007458589693550208,100,250,1,mean_squared_error,128,adam
500,0.009020539309511232,0.006859109118449116,100,500,1,mean_squared_error,128,adam
750,0.013423592708630479,0.005916068600866981,100,750,1,mean_squared_error,128,adam
1000,0.01686012716823487,0.00554380431239766,100,1000,1,mean_squared_error,128,adam
