round_epochs,val_loss,loss,batch_sizes,epochs,layers,losses,nodes,optimizers
100,0.009377591480412076,0.0074332533145530354,100,100,1,mean_squared_error,128,adam
250,0.00954873039944088,0.007095330234880399,100,250,1,mean_squared_error,128,adam
500,0.010258434813039088,0.006354019056412984,100,500,1,mean_squared_error,128,adam
750,0.011418324403801755,0.005716902402587085,100,750,1,mean_squared_error,128,adam
1000,0.01532991091023438,0.00521430967497931,100,1000,1,mean_squared_error,128,adam
