round_epochs,val_loss,loss,batch_sizes,epochs,layers,losses,nodes,optimizers
100,0.007729684793619654,0.007820880896590575,100,100,1,mean_squared_error,128,adam
250,0.008420347343737157,0.007516231491333908,100,250,1,mean_squared_error,128,adam
500,0.009387945417015247,0.0067084555565896965,100,500,1,mean_squared_error,128,adam
750,0.011295774394655646,0.006511076120659709,100,750,1,mean_squared_error,128,adam
1000,0.012894687427666468,0.005246955520388755,100,1000,1,mean_squared_error,128,adam
