round_epochs,val_loss,loss,batch_sizes,epochs,layers,losses,nodes,optimizers
100,0.008401380177942952,0.007785747472121559,100,100,1,mean_squared_error,128,adam
250,0.009457824639414423,0.00722371734387119,100,250,1,mean_squared_error,128,adam
500,0.01060377367439881,0.006517840248316226,100,500,1,mean_squared_error,128,adam
750,0.013083391668434119,0.005446055344296525,100,750,1,mean_squared_error,128,adam
1000,0.016540997015808395,0.004517129350764056,100,1000,1,mean_squared_error,128,adam
