round_epochs,val_loss,loss,batch_sizes,epochs,layers,losses,nodes,optimizers
100,0.006254777770920016,0.00819289991443958,100,100,1,mean_squared_error,128,adam
250,0.006118859744738394,0.008111692572275947,100,250,1,mean_squared_error,128,adam
500,0.007117279503382181,0.007156701749096615,100,500,1,mean_squared_error,128,adam
750,0.010277382065378243,0.006435731886839023,100,750,1,mean_squared_error,128,adam
1000,0.01395443458128814,0.006074670107207364,100,1000,1,mean_squared_error,128,adam
