round_epochs,val_loss,loss,batch_sizes,epochs,layers,losses,nodes,optimizers
100,0.00753977867638945,0.00791216518664074,100,100,1,mean_squared_error,128,adam
250,0.007508775626482377,0.007729354855425731,100,250,1,mean_squared_error,128,adam
500,0.012125810655067914,0.006634418563352841,100,500,1,mean_squared_error,128,adam
750,0.01120905568308417,0.005899685352683218,100,750,1,mean_squared_error,128,adam
1000,0.010382572137493284,0.0053645016594949845,100,1000,1,mean_squared_error,128,adam
