round_epochs,val_loss,loss,batch_sizes,epochs,layers,losses,nodes,optimizers
100,0.00844847149304559,0.007716993869498673,100,100,1,mean_squared_error,128,adam
250,0.009039929646755283,0.007538363078816069,100,250,1,mean_squared_error,128,adam
500,0.011573999034399962,0.006904951952905817,100,500,1,mean_squared_error,128,adam
750,0.012353266781224078,0.0063402321885782055,100,750,1,mean_squared_error,128,adam
1000,0.012533013301728358,0.0054169254238726665,100,1000,1,mean_squared_error,128,adam
