round_epochs,val_loss,loss,batch_sizes,epochs,layers,losses,nodes,optimizers
100,0.008259128065470925,0.007680877652771846,100,100,1,mean_squared_error,128,adam
250,0.008710871598023416,0.007604927254953619,100,250,1,mean_squared_error,128,adam
500,0.009208588114466948,0.006990760237900446,100,500,1,mean_squared_error,128,adam
750,0.008784915720716343,0.006456438082768911,100,750,1,mean_squared_error,128,adam
1000,0.013468629240652725,0.006287040655745777,100,1000,1,mean_squared_error,128,adam
