round_epochs,val_loss,loss,batch_sizes,epochs,layers,losses,nodes,optimizers
100,0.005963881942326549,0.008250010594951384,100,100,1,mean_squared_error,128,adam
250,0.00609156842245229,0.008089339910921726,100,250,1,mean_squared_error,128,adam
500,0.006418029274604279,0.007071920480071144,100,500,1,mean_squared_error,128,adam
750,0.007408404310968653,0.006155215441296348,100,750,1,mean_squared_error,128,adam
1000,0.008961351162487238,0.005423542081538325,100,1000,1,mean_squared_error,128,adam
