round_epochs,val_loss,loss,batch_sizes,epochs,layers,losses,nodes,optimizers
100,0.008295004134389324,0.007776504149660468,100,100,1,mean_squared_error,128,adam
250,0.011114827703553529,0.007260684935244346,100,250,1,mean_squared_error,128,adam
500,0.01119925594659307,0.006620431423535326,100,500,1,mean_squared_error,128,adam
750,0.011767279188237598,0.005930346258059897,100,750,1,mean_squared_error,128,adam
1000,0.01994117515994676,0.005279061067002741,100,1000,1,mean_squared_error,128,adam
