round_epochs,val_loss,loss,batch_sizes,epochs,layers,losses,nodes,optimizers
100,0.0063418778122856685,0.008168731275193318,100,100,1,mean_squared_error,128,adam
250,0.006256926610560423,0.008096663873981346,100,250,1,mean_squared_error,128,adam
500,0.006571731773490582,0.007260032456763314,100,500,1,mean_squared_error,128,adam
750,0.006744133579970604,0.006273529654594533,100,750,1,mean_squared_error,128,adam
1000,0.007293539641228453,0.005839202948140375,100,1000,1,mean_squared_error,128,adam
