round_epochs,val_loss,loss,batch_sizes,epochs,layers,losses,nodes,optimizers
100,0.005985489875621083,0.008297839561815967,100,100,1,mean_squared_error,128,adam
250,0.00684172939041152,0.007631705655255402,100,250,1,mean_squared_error,128,adam
500,0.00980021667914774,0.006556266448413482,100,500,1,mean_squared_error,128,adam
750,0.009243974209430829,0.006285483078711262,100,750,1,mean_squared_error,128,adam
1000,0.011233790169221972,0.0060679861603097785,100,1000,1,mean_squared_error,128,adam
