round_epochs,val_loss,loss,batch_sizes,epochs,layers,losses,nodes,optimizers
100,0.009322424657904923,0.007435599605392928,100,100,1,mean_squared_error,128,adam
250,0.009617005184704635,0.007191565035927025,100,250,1,mean_squared_error,128,adam
500,0.010227745127438301,0.00635059597793816,100,500,1,mean_squared_error,128,adam
750,0.013737793422149654,0.005666198687524431,100,750,1,mean_squared_error,128,adam
1000,0.012693583501980233,0.005433600323011327,100,1000,1,mean_squared_error,128,adam
