round_epochs,val_loss,loss,batch_sizes,epochs,layers,losses,nodes,optimizers
100,0.007272116989646126,0.008015634849517032,100,100,1,mean_squared_error,128,adam
250,0.0074246269252956215,0.007922999309187736,100,250,1,mean_squared_error,128,adam
500,0.008060046335934993,0.007090930220191226,100,500,1,mean_squared_error,128,adam
750,0.010280053341882912,0.006072783922644878,100,750,1,mean_squared_error,128,adam
1000,0.012466821117541898,0.00555559505609739,100,1000,1,mean_squared_error,128,adam
