round_epochs,val_loss,loss,batch_sizes,epochs,layers,losses,nodes,optimizers
100,0.008889785607406242,0.007534151840390581,100,100,1,mean_squared_error,128,adam
250,0.009130267040270507,0.007160455162514641,100,250,1,mean_squared_error,128,adam
500,0.009898089380214112,0.00618989024701707,100,500,1,mean_squared_error,128,adam
750,0.011396959021537747,0.005776074787865233,100,750,1,mean_squared_error,128,adam
1000,0.01671917123448609,0.004122562889912815,100,1000,1,mean_squared_error,128,adam
