round_epochs,val_loss,loss,batch_sizes,epochs,layers,losses,nodes,optimizers
100,0.006296608456639788,0.008234387374191422,100,100,1,mean_squared_error,128,adam
250,0.0070590428825486546,0.007883755718310825,100,250,1,mean_squared_error,128,adam
500,0.007958365744681813,0.007150130118290433,100,500,1,mean_squared_error,128,adam
750,0.008814779447213789,0.006596234659993589,100,750,1,mean_squared_error,128,adam
1000,0.0090123322703431,0.005638888397376344,100,1000,1,mean_squared_error,128,adam
