round_epochs,val_loss,loss,batch_sizes,epochs,layers,losses,nodes,optimizers
100,0.007179447498883883,0.007984457514013606,100,100,1,mean_squared_error,128,adam
250,0.007770399109053252,0.007558230630526639,100,250,1,mean_squared_error,128,adam
500,0.007627877727356838,0.006941254986826368,100,500,1,mean_squared_error,128,adam
750,0.00864188846706146,0.006007484226214765,100,750,1,mean_squared_error,128,adam
1000,0.00914784731465069,0.005559833626253436,100,1000,1,mean_squared_error,128,adam
