round_epochs,val_loss,loss,batch_sizes,epochs,layers,losses,nodes,optimizers
100,0.006813867565188276,0.008153468511547104,100,100,1,mean_squared_error,128,adam
250,0.006644359494947908,0.008007375285913698,100,250,1,mean_squared_error,128,adam
500,0.008349140338487361,0.006949404560292911,100,500,1,mean_squared_error,128,adam
750,0.007811337241425586,0.006298511267893694,100,750,1,mean_squared_error,128,adam
1000,0.010109987109899521,0.0059828441590070724,100,1000,1,mean_squared_error,128,adam
