round_epochs,val_loss,loss,batch_sizes,epochs,layers,losses,nodes,optimizers
100,0.00832739090734166,0.007703330675892607,100,100,1,mean_squared_error,128,adam
250,0.00884462654328526,0.007609027644826306,100,250,1,mean_squared_error,128,adam
500,0.019351315464655957,0.006803701455337983,100,500,1,mean_squared_error,128,adam
750,0.021122255526370738,0.006163219596739068,100,750,1,mean_squared_error,128,adam
1000,0.018926331296038986,0.006051829692700671,100,1000,1,mean_squared_error,128,adam
