round_epochs,val_loss,loss,batch_sizes,epochs,layers,losses,nodes,optimizers
100,0.007784039285221141,0.00788738642762782,100,100,1,mean_squared_error,128,adam
250,0.008380954083635579,0.007653150653391324,100,250,1,mean_squared_error,128,adam
500,0.009627056319790718,0.007325539076136369,100,500,1,mean_squared_error,128,adam
750,0.008374072396051344,0.00633148369708597,100,750,1,mean_squared_error,128,adam
1000,0.009943511945443536,0.00619215828912201,100,1000,1,mean_squared_error,128,adam
