round_epochs,val_loss,loss,batch_sizes,epochs,layers,losses,nodes,optimizers
100,0.008676159808683635,0.007754202367681445,100,100,1,mean_squared_error,128,adam
250,0.00925196656002546,0.007369022743513036,100,250,1,mean_squared_error,128,adam
500,0.008790310540110173,0.006566273845788656,100,500,1,mean_squared_error,128,adam
750,0.009712035545433437,0.006211305774437885,100,750,1,mean_squared_error,128,adam
1000,0.011254188993093956,0.005063271518053506,100,1000,1,mean_squared_error,128,adam
