round_epochs,val_loss,loss,batch_sizes,epochs,layers,losses,nodes,optimizers
100,0.004128512963839811,0.008779243448504595,100,100,1,mean_squared_error,128,adam
250,0.003994639658710765,0.008653676367806966,100,250,1,mean_squared_error,128,adam
500,0.004470454613168036,0.00741838389593694,100,500,1,mean_squared_error,128,adam
750,0.0045808218302551525,0.006760308855316705,100,750,1,mean_squared_error,128,adam
1000,0.0073345906789129105,0.006544546313546222,100,1000,1,mean_squared_error,128,adam
