round_epochs,val_loss,loss,batch_sizes,epochs,layers,losses,nodes,optimizers
100,0.010976828438178378,0.007126002802955683,100,100,1,mean_squared_error,128,adam
250,0.011567851931006465,0.0068700422904444764,100,250,1,mean_squared_error,128,adam
500,0.014617542881312682,0.005566597645726017,100,500,1,mean_squared_error,128,adam
750,0.01721994048124881,0.00540755336840797,100,750,1,mean_squared_error,128,adam
1000,0.020779543832393745,0.004302938627502458,100,1000,1,mean_squared_error,128,adam
