round_epochs,val_loss,loss,batch_sizes,epochs,layers,losses,nodes,optimizers
100,0.008691880692863585,0.007674312019118607,100,100,1,mean_squared_error,128,adam
250,0.008946544645195032,0.007409335901923102,100,250,1,mean_squared_error,128,adam
500,0.010600627446781152,0.0064973517866673495,100,500,1,mean_squared_error,128,adam
750,0.01176480029302476,0.00641224579885602,100,750,1,mean_squared_error,128,adam
1000,0.009870232017383204,0.006186824092039406,100,1000,1,mean_squared_error,128,adam
