round_epochs,val_loss,loss,batch_sizes,epochs,layers,losses,nodes,optimizers
100,0.007159099215641618,0.009708570696899019,100,100,1,mean_squared_error,1,adam
100,0.009351785760372877,0.012599103276461437,100,100,1,mean_squared_error,2,adam
100,0.006591846467927098,0.008796038141095997,100,100,1,mean_squared_error,3,adam
100,0.00659494218416512,0.008789390802878261,100,100,1,mean_squared_error,8,adam
100,0.0066236332058906555,0.008831640273650038,100,100,1,mean_squared_error,16,adam
100,0.006644930457696319,0.008834112388896464,100,100,1,mean_squared_error,32,adam
100,0.006611330201849341,0.008842609318575464,100,100,1,mean_squared_error,64,adam
100,0.006621399894356728,0.00884835011696905,100,100,1,mean_squared_error,128,adam
