round_epochs,val_loss,loss,batch_sizes,epochs,layers,losses,nodes,optimizers
100,0.009926085360348225,0.007999042792474492,100,100,1,mean_squared_error,1,adam
100,0.009805564302951097,0.00818268981129678,100,100,1,mean_squared_error,2,adam
100,0.009965700563043356,0.007983926496932978,100,100,1,mean_squared_error,3,adam
100,0.010135540273040533,0.007934808634212217,100,100,1,mean_squared_error,8,adam
100,0.010146214626729488,0.007941355921776224,100,100,1,mean_squared_error,16,adam
100,0.010140945203602314,0.00795588924089694,100,100,1,mean_squared_error,32,adam
100,0.010148946195840836,0.007974417579073207,100,100,1,mean_squared_error,64,adam
100,0.0101487603969872,0.007972770046097295,100,100,1,mean_squared_error,128,adam
