round_epochs,val_loss,loss,batch_sizes,epochs,layers,losses,nodes,optimizers
100,0.013306936714798212,0.012939311951436196,100,100,1,mean_squared_error,1,adam
100,0.008086004294455051,0.008442874685079232,100,100,1,mean_squared_error,2,adam
100,0.008110414259135723,0.008475444050865215,100,100,1,mean_squared_error,3,adam
100,0.008068880531936884,0.00845085096109033,100,100,1,mean_squared_error,8,adam
100,0.008088089991360903,0.008460004983194415,100,100,1,mean_squared_error,16,adam
100,0.008078380022197962,0.008461368393927887,100,100,1,mean_squared_error,32,adam
100,0.008083576802164316,0.008472304427085962,100,100,1,mean_squared_error,64,adam
100,0.008108399342745543,0.008486753586390264,100,100,1,mean_squared_error,128,adam
