round_epochs,val_loss,loss,batch_sizes,epochs,layers,losses,nodes,optimizers
100,0.006630531512200832,0.008775933736697175,100,100,1,mean_squared_error,1,adam
100,0.007165842689573765,0.009334425350889228,100,100,1,mean_squared_error,2,adam
100,0.007493090117350221,0.009471316362047255,100,100,1,mean_squared_error,3,adam
100,0.006713045062497258,0.008807445068687275,100,100,1,mean_squared_error,8,adam
100,0.006689560133963823,0.008806976513064146,100,100,1,mean_squared_error,16,adam
100,0.006742804776877165,0.008815577305050422,100,100,1,mean_squared_error,32,adam
100,0.006731265224516392,0.008828406681990563,100,100,1,mean_squared_error,64,adam
100,0.006738716037943959,0.008830165336454721,100,100,1,mean_squared_error,128,adam
