round_epochs,val_loss,loss,batch_sizes,epochs,layers,losses,nodes,optimizers
100,0.009343205019831657,0.009595759581765137,100,100,1,mean_squared_error,1,adam
100,0.008456028066575527,0.008683028822311931,100,100,1,mean_squared_error,2,adam
100,0.009077739901840687,0.009300716580790385,100,100,1,mean_squared_error,3,adam
100,0.008257272886112332,0.00838636624671164,100,100,1,mean_squared_error,8,adam
100,0.008314373204484582,0.008392504584464364,100,100,1,mean_squared_error,16,adam
100,0.00833279499784112,0.008431348123384598,100,100,1,mean_squared_error,32,adam
100,0.008338734041899443,0.008429603290541056,100,100,1,mean_squared_error,64,adam
100,0.008299101609736681,0.008431150566291689,100,100,1,mean_squared_error,128,adam
