round_epochs,val_loss,loss,batch_sizes,epochs,layers,losses,nodes,optimizers
100,0.009409178979694843,0.009839489577538836,100,100,1,mean_squared_error,1,adam
100,0.008182447403669357,0.008522857298005494,100,100,1,mean_squared_error,2,adam
100,0.008459728676825762,0.008893349196267008,100,100,1,mean_squared_error,3,adam
100,0.00809170538559556,0.00846042532595178,100,100,1,mean_squared_error,8,adam
100,0.00807379512116313,0.008449368321227101,100,100,1,mean_squared_error,16,adam
100,0.008093879092484713,0.008474022371783144,100,100,1,mean_squared_error,32,adam
100,0.00810574134811759,0.008481768830527639,100,100,1,mean_squared_error,64,adam
100,0.008150000125169754,0.008487522053557978,100,100,1,mean_squared_error,128,adam
