round_epochs,val_loss,loss,batch_sizes,epochs,layers,losses,nodes,optimizers
100,0.011983891949057579,0.008283010417861598,100,100,1,mean_squared_error,1,adam
100,0.012253125896677375,0.008665919732209062,100,100,1,mean_squared_error,2,adam
100,0.011574029922485352,0.007945663711163484,100,100,1,mean_squared_error,3,adam
100,0.011250309413298965,0.007668603862866871,100,100,1,mean_squared_error,8,adam
100,0.011251642368733883,0.007669378312439996,100,100,1,mean_squared_error,16,adam
100,0.011285197688266635,0.0076921437540205945,100,100,1,mean_squared_error,32,adam
100,0.011246531968936324,0.0076966921805887295,100,100,1,mean_squared_error,64,adam
100,0.01126050646416843,0.00769562758201906,100,100,1,mean_squared_error,128,adam
