round_epochs,val_loss,loss,batch_sizes,epochs,layers,losses,nodes,optimizers
100,0.011385106481611729,0.01168080651782509,100,100,1,mean_squared_error,1,adam
100,0.008158320095390081,0.008582025664837513,100,100,1,mean_squared_error,2,adam
100,0.009042364079505205,0.009388259341263383,100,100,1,mean_squared_error,3,adam
100,0.007913044653832912,0.008508647623983092,100,100,1,mean_squared_error,8,adam
100,0.007895472692325711,0.008501094938687663,100,100,1,mean_squared_error,16,adam
100,0.007933202432468534,0.00851416193126213,100,100,1,mean_squared_error,32,adam
100,0.007935601752251387,0.00851854645556077,100,100,1,mean_squared_error,64,adam
100,0.007966133067384362,0.00852949070489795,100,100,1,mean_squared_error,128,adam
