round_epochs,val_loss,loss,batch_sizes,epochs,layers,losses,nodes,optimizers
100,0.009229404153302312,0.009310306477031313,100,100,1,mean_squared_error,1,adam
100,0.008352537173777819,0.00856450271038782,100,100,1,mean_squared_error,2,adam
100,0.008217385038733482,0.008480144281845941,100,100,1,mean_squared_error,3,adam
100,0.008132843300700188,0.008448079804934207,100,100,1,mean_squared_error,8,adam
100,0.00815633637830615,0.008456484734414514,100,100,1,mean_squared_error,16,adam
100,0.008153037633746862,0.008467118640927444,100,100,1,mean_squared_error,32,adam
100,0.008144194027408957,0.00848473675133553,100,100,1,mean_squared_error,64,adam
100,0.008165357867255807,0.008479755043862084,100,100,1,mean_squared_error,128,adam
