round_epochs,val_loss,loss,batch_sizes,epochs,layers,losses,nodes,optimizers
100,0.009530443698167801,0.00871876939514974,100,100,1,mean_squared_error,1,adam
100,0.009371033404022455,0.008504451235014022,100,100,1,mean_squared_error,2,adam
100,0.008961480110883713,0.008293134129995989,100,100,1,mean_squared_error,3,adam
100,0.008833786472678185,0.00826031359304723,100,100,1,mean_squared_error,8,adam
100,0.008882034104317427,0.008275064151911508,100,100,1,mean_squared_error,16,adam
100,0.00886385003104806,0.008274356995646218,100,100,1,mean_squared_error,32,adam
100,0.008922985754907131,0.008290468479382963,100,100,1,mean_squared_error,64,adam
100,0.00885600596666336,0.008289651166797057,100,100,1,mean_squared_error,128,adam
