round_epochs,val_loss,loss,batch_sizes,epochs,layers,losses,nodes,optimizers
100,0.010939541272819042,0.013376325437738408,100,100,1,mean_squared_error,1,adam
100,0.008653853088617325,0.00845949825851765,100,100,1,mean_squared_error,2,adam
100,0.00897070812061429,0.008265466048828043,100,100,1,mean_squared_error,3,adam
100,0.010103857144713402,0.01207052045886902,100,100,1,mean_squared_error,8,adam
100,0.00900022266432643,0.008245018522084731,100,100,1,mean_squared_error,16,adam
100,0.009017073083668947,0.008270100877155786,100,100,1,mean_squared_error,32,adam
100,0.008999154437333345,0.008270998655778723,100,100,1,mean_squared_error,64,adam
100,0.008968224748969078,0.008280675237377485,100,100,1,mean_squared_error,128,adam
