round_epochs,val_loss,loss,batch_sizes,epochs,layers,losses,nodes,optimizers
100,0.0152829485014081,0.012618205699145346,100,100,1,mean_squared_error,1,adam
100,0.009806490037590265,0.008082916115160873,100,100,1,mean_squared_error,2,adam
100,0.009722030023112893,0.008098325629095385,100,100,1,mean_squared_error,3,adam
100,0.009729382349178195,0.008008509307147417,100,100,1,mean_squared_error,8,adam
100,0.009725847048684955,0.008037626191292117,100,100,1,mean_squared_error,16,adam
100,0.009714697720482945,0.00805286646477486,100,100,1,mean_squared_error,32,adam
100,0.009723238181322813,0.008068723860838659,100,100,1,mean_squared_error,64,adam
100,0.009721021633595228,0.008074569154091944,100,100,1,mean_squared_error,128,adam
