round_epochs,val_loss,loss,batch_sizes,epochs,layers,losses,nodes,optimizers
100,0.009578244294971228,0.011658097864747197,100,100,1,mean_squared_error,1,adam
100,0.007838952355086803,0.008575102115950937,100,100,1,mean_squared_error,2,adam
100,0.007805467350408435,0.008672001575560946,100,100,1,mean_squared_error,3,adam
100,0.007923581637442112,0.008477447668842057,100,100,1,mean_squared_error,8,adam
100,0.008008185075595975,0.008487090752004905,100,100,1,mean_squared_error,16,adam
100,0.008034541038796306,0.008485808174935798,100,100,1,mean_squared_error,32,adam
100,0.008022862253710628,0.008497951360872216,100,100,1,mean_squared_error,64,adam
100,0.008019007509574294,0.008525095504234758,100,100,1,mean_squared_error,128,adam
