round_epochs,val_loss,loss,batch_sizes,epochs,layers,losses,nodes,optimizers
100,0.008630041498690844,0.00888619284591355,100,100,1,mean_squared_error,1,adam
100,0.009283417835831642,0.009742381452655135,100,100,1,mean_squared_error,2,adam
100,0.00813001929782331,0.008454702904256513,100,100,1,mean_squared_error,3,adam
100,0.00807323306798935,0.00843902452986566,100,100,1,mean_squared_error,8,adam
100,0.008102731313556433,0.00844789115025809,100,100,1,mean_squared_error,16,adam
100,0.008131304988637567,0.008465270097495843,100,100,1,mean_squared_error,32,adam
100,0.008134381379932165,0.00847025273045651,100,100,1,mean_squared_error,64,adam
100,0.008155036019161344,0.008467650678204862,100,100,1,mean_squared_error,128,adam
