round_epochs,val_loss,loss,batch_sizes,epochs,layers,losses,nodes,optimizers
100,0.009376816218718886,0.008388207378075984,100,100,1,mean_squared_error,1,adam
100,0.00901635317131877,0.008343275816163473,100,100,1,mean_squared_error,2,adam
100,0.008945116074755788,0.008306273985140604,100,100,1,mean_squared_error,3,adam
100,0.008902734145522118,0.008279572649483095,100,100,1,mean_squared_error,8,adam
100,0.008898308034986258,0.008256068000369203,100,100,1,mean_squared_error,16,adam
100,0.008925303351134062,0.008263770663611274,100,100,1,mean_squared_error,32,adam
100,0.008875085972249508,0.008289365716427938,100,100,1,mean_squared_error,64,adam
100,0.008917541708797216,0.00827646487390151,100,100,1,mean_squared_error,128,adam
