round_epochs,val_loss,loss,batch_sizes,epochs,layers,losses,nodes,optimizers
100,0.008531533414497972,0.014339639564840715,100,100,1,mean_squared_error,1,adam
100,0.006798700196668506,0.008932099415031368,100,100,1,mean_squared_error,2,adam
100,0.006785213947296143,0.008781837160584697,100,100,1,mean_squared_error,3,adam
100,0.006964075146242976,0.00876678613931837,100,100,1,mean_squared_error,8,adam
100,0.0069444149266928434,0.00876660279948311,100,100,1,mean_squared_error,16,adam
100,0.006932825082913041,0.008780693177852714,100,100,1,mean_squared_error,32,adam
100,0.006915823323652148,0.008841131090240222,100,100,1,mean_squared_error,64,adam
100,0.006942437728866935,0.008791152124099415,100,100,1,mean_squared_error,128,adam
