round_epochs,val_loss,loss,batch_sizes,epochs,layers,losses,nodes,optimizers
100,0.007159114116802812,0.00952353372114867,100,100,1,mean_squared_error,1,adam
100,0.006864152383059263,0.00886689902360278,100,100,1,mean_squared_error,2,adam
100,0.006760204443708062,0.008833524727853094,100,100,1,mean_squared_error,3,adam
100,0.006772564956918359,0.008808141854360588,100,100,1,mean_squared_error,8,adam
100,0.006745606428012252,0.008809662624764113,100,100,1,mean_squared_error,16,adam
100,0.006760414922609925,0.008814693470590544,100,100,1,mean_squared_error,32,adam
100,0.006869536126032472,0.008830701110693147,100,100,1,mean_squared_error,64,adam
100,0.006855795392766595,0.00883977160203203,100,100,1,mean_squared_error,128,adam
