round_epochs,val_loss,loss,batch_sizes,epochs,layers,losses,nodes,optimizers
100,0.009327562991529703,0.009806373866186255,100,100,1,mean_squared_error,1,adam
100,0.013738388195633888,0.013647959364536113,100,100,1,mean_squared_error,2,adam
100,0.007974848616868258,0.00857073788818224,100,100,1,mean_squared_error,3,adam
100,0.00792013294994831,0.008519667840299002,100,100,1,mean_squared_error,8,adam
100,0.007905916776508093,0.008506931715824624,100,100,1,mean_squared_error,16,adam
100,0.007916524074971676,0.00851410061335728,100,100,1,mean_squared_error,32,adam
100,0.007920210715383291,0.008529076527776127,100,100,1,mean_squared_error,64,adam
100,0.007930366788059473,0.00852232498063106,100,100,1,mean_squared_error,128,adam
