round_epochs,val_loss,loss,batch_sizes,epochs,layers,losses,nodes,optimizers
100,0.016311922576278448,0.0136432933217302,100,100,1,mean_squared_error,1,adam
100,0.009624780621379614,0.008312297076976538,100,100,1,mean_squared_error,2,adam
100,0.00951098557561636,0.008160729845869063,100,100,1,mean_squared_error,3,adam
100,0.00953275477513671,0.008077250373430718,100,100,1,mean_squared_error,8,adam
100,0.009537414647638798,0.008093515343329213,100,100,1,mean_squared_error,16,adam
100,0.009557319339364767,0.008097740381554627,100,100,1,mean_squared_error,32,adam
100,0.009559608064591885,0.008107562335838276,100,100,1,mean_squared_error,64,adam
100,0.009545155800879002,0.008141490980926761,100,100,1,mean_squared_error,128,adam
