round_epochs,val_loss,loss,batch_sizes,epochs,layers,losses,nodes,optimizers
100,0.012403599917888641,0.01332074699031754,100,100,1,mean_squared_error,1,adam
100,0.012369101401418447,0.013284198003809405,100,100,1,mean_squared_error,2,adam
100,0.009860380552709103,0.00993663763958858,100,100,1,mean_squared_error,3,adam
100,0.009334886679425836,0.008125068224210264,100,100,1,mean_squared_error,8,adam
100,0.00939390854910016,0.008134008672340471,100,100,1,mean_squared_error,16,adam
100,0.009398043854162097,0.008171093700346268,100,100,1,mean_squared_error,32,adam
100,0.00935610942542553,0.008162272944672961,100,100,1,mean_squared_error,64,adam
100,0.009355362970381975,0.00816498478328375,100,100,1,mean_squared_error,128,adam
