round_epochs,val_loss,loss,batch_sizes,epochs,layers,losses,nodes,optimizers
100,0.008642689557746053,0.008400217282181993,100,100,1,mean_squared_error,1,adam
100,0.008994739037007093,0.009130608836623063,100,100,1,mean_squared_error,2,adam
100,0.008595696184784174,0.008378981152796805,100,100,1,mean_squared_error,3,adam
100,0.008778126910328865,0.008296644245099304,100,100,1,mean_squared_error,8,adam
100,0.008834301261231303,0.008273963332129526,100,100,1,mean_squared_error,16,adam
100,0.008813331834971905,0.008322002817841625,100,100,1,mean_squared_error,32,adam
100,0.00880817649886012,0.008327658169139596,100,100,1,mean_squared_error,64,adam
100,0.008812480606138706,0.008328764486992568,100,100,1,mean_squared_error,128,adam
