round_epochs,val_loss,loss,batch_sizes,epochs,layers,losses,nodes,optimizers
100,0.011299774516373873,0.016878744246517505,100,100,1,mean_squared_error,1,adam
100,0.007932450855150819,0.00979844139268001,100,100,1,mean_squared_error,2,adam
100,0.008534777443856001,0.008339054331668936,100,100,1,mean_squared_error,3,adam
100,0.00901717715896666,0.008257648363746796,100,100,1,mean_squared_error,8,adam
100,0.009053327143192291,0.008274059441584842,100,100,1,mean_squared_error,16,adam
100,0.009091806598007679,0.008289804933055825,100,100,1,mean_squared_error,32,adam
100,0.009016000665724277,0.008296735666430834,100,100,1,mean_squared_error,64,adam
100,0.00902842334471643,0.008319451536675146,100,100,1,mean_squared_error,128,adam
