round_epochs,val_loss,loss,batch_sizes,epochs,layers,losses,nodes,optimizers
100,0.007193253142759204,0.009001166020569048,100,100,1,mean_squared_error,1,adam
100,0.008585262345150113,0.010638851216086246,100,100,1,mean_squared_error,2,adam
100,0.006978780264034867,0.00872150180105092,100,100,1,mean_squared_error,3,adam
100,0.006914106896147132,0.008722743836411258,100,100,1,mean_squared_error,8,adam
100,0.006965335924178362,0.008750455151720527,100,100,1,mean_squared_error,16,adam
100,0.006968215573579073,0.008752717368099325,100,100,1,mean_squared_error,32,adam
100,0.006977875484153628,0.008763942436868311,100,100,1,mean_squared_error,64,adam
100,0.007004671031609178,0.008787083252797598,100,100,1,mean_squared_error,128,adam
