round_epochs,val_loss,loss,batch_sizes,epochs,layers,losses,nodes,optimizers
100,0.008063192013651133,0.009250395672213762,100,100,1,mean_squared_error,1,adam
100,0.007627730490639806,0.008698497114605025,100,100,1,mean_squared_error,2,adam
100,0.007647076854482293,0.00863418740484126,100,100,1,mean_squared_error,3,adam
100,0.007537159603089094,0.008594325883664135,100,100,1,mean_squared_error,8,adam
100,0.007533580530434847,0.00860843242479857,100,100,1,mean_squared_error,16,adam
100,0.00753217120654881,0.008611730811067093,100,100,1,mean_squared_error,32,adam
100,0.0075439466163516045,0.008617410758384188,100,100,1,mean_squared_error,64,adam
100,0.007560285506770015,0.008617894817377092,100,100,1,mean_squared_error,128,adam
