round_epochs,val_loss,loss,batch_sizes,epochs,layers,losses,nodes,optimizers
100,0.009176327846944332,0.008530164749027793,100,100,1,mean_squared_error,1,adam
100,0.009340331424027681,0.008154632902953932,100,100,1,mean_squared_error,2,adam
100,0.009263332467526197,0.008204911246120855,100,100,1,mean_squared_error,3,adam
100,0.0093522765673697,0.008165580685014712,100,100,1,mean_squared_error,8,adam
100,0.009395828936249018,0.008131761634885742,100,100,1,mean_squared_error,16,adam
100,0.009405072312802076,0.008134841755555388,100,100,1,mean_squared_error,32,adam
100,0.009400104638189077,0.008155385062640024,100,100,1,mean_squared_error,64,adam
100,0.009396600537002087,0.008144347041490533,100,100,1,mean_squared_error,128,adam
