round_epochs,val_loss,loss,batch_sizes,epochs,layers,losses,nodes,optimizers
100,0.009084148798137903,0.008440457363811353,100,100,1,mean_squared_error,1,adam
100,0.009262686129659414,0.009054903039022497,100,100,1,mean_squared_error,2,adam
100,0.009108395082876086,0.008368961179260174,100,100,1,mean_squared_error,3,adam
100,0.00953304092399776,0.00810015612610973,100,100,1,mean_squared_error,8,adam
100,0.009596290532499552,0.008110821593720886,100,100,1,mean_squared_error,16,adam
100,0.009554039221256971,0.008117244312805789,100,100,1,mean_squared_error,32,adam
100,0.00955456425435841,0.008122663858596394,100,100,1,mean_squared_error,64,adam
100,0.009582563303411007,0.008138951881646289,100,100,1,mean_squared_error,128,adam
