round_epochs,val_loss,loss,batch_sizes,epochs,layers,losses,nodes,optimizers
100,0.00852744746953249,0.008789469698037868,100,100,1,mean_squared_error,1,adam
100,0.01003099512308836,0.009215296575225386,100,100,1,mean_squared_error,2,adam
100,0.008014476858079433,0.008701467391729056,100,100,1,mean_squared_error,3,adam
100,0.007637988077476621,0.008654183045235044,100,100,1,mean_squared_error,8,adam
100,0.007579918950796127,0.0086583264876988,100,100,1,mean_squared_error,16,adam
100,0.007557859644293785,0.008675579690049989,100,100,1,mean_squared_error,32,adam
100,0.007587891072034836,0.008676808728908835,100,100,1,mean_squared_error,64,adam
100,0.007604907499626279,0.008668516609668359,100,100,1,mean_squared_error,128,adam
