round_epochs,val_loss,loss,batch_sizes,epochs,layers,losses,nodes,optimizers
100,0.0157275153324008,0.01333385857200264,100,100,1,mean_squared_error,1,adam
100,0.011721535818651319,0.007506748820120529,100,100,1,mean_squared_error,2,adam
100,0.011606071377173066,0.007608016685613042,100,100,1,mean_squared_error,3,adam
100,0.011879326542839408,0.007511251825456482,100,100,1,mean_squared_error,8,adam
100,0.011909297900274396,0.0075032324355123635,100,100,1,mean_squared_error,16,adam
100,0.011908105807378888,0.007522891032833951,100,100,1,mean_squared_error,32,adam
100,0.011911023641005158,0.007529505873962602,100,100,1,mean_squared_error,64,adam
100,0.011906316503882408,0.00755679549504641,100,100,1,mean_squared_error,128,adam
