round_epochs,val_loss,loss,batch_sizes,epochs,layers,losses,nodes,optimizers
100,0.007871665759012103,0.00923103804146885,100,100,1,mean_squared_error,1,adam
100,0.007333732675760984,0.008685786874596039,100,100,1,mean_squared_error,2,adam
100,0.0073842853307724,0.008685108009296326,100,100,1,mean_squared_error,3,adam
100,0.007313498295843601,0.008668604421249608,100,100,1,mean_squared_error,8,adam
100,0.00730345887131989,0.008657882868879497,100,100,1,mean_squared_error,16,adam
100,0.007306643994525075,0.008664221625382962,100,100,1,mean_squared_error,32,adam
100,0.007312161382287741,0.00867057798715089,100,100,1,mean_squared_error,64,adam
100,0.007339079398661852,0.008680198388290884,100,100,1,mean_squared_error,128,adam
