round_epochs,val_loss,loss,batch_sizes,epochs,layers,losses,nodes,optimizers
100,0.012222362216562033,0.012786313153822022,100,100,1,mean_squared_error,1,adam
100,0.007989113219082355,0.009019951431785609,100,100,1,mean_squared_error,2,adam
100,0.007439000764861703,0.008680739592910186,100,100,1,mean_squared_error,3,adam
100,0.007299146382138133,0.008648704600877556,100,100,1,mean_squared_error,8,adam
100,0.007303307298570871,0.008646936881773752,100,100,1,mean_squared_error,16,adam
100,0.007362366188317537,0.008672372925849188,100,100,1,mean_squared_error,32,adam
100,0.007352738408371806,0.008667040672293283,100,100,1,mean_squared_error,64,adam
100,0.0073689124546945095,0.008677553614242035,100,100,1,mean_squared_error,128,adam
