round_epochs,val_loss,loss,batch_sizes,epochs,layers,losses,nodes,optimizers
100,0.01305457716807723,0.01392072622190442,100,100,1,mean_squared_error,1,adam
100,0.008511797990649939,0.009136461901401443,100,100,1,mean_squared_error,2,adam
100,0.008489007595926523,0.00909385331591269,100,100,1,mean_squared_error,3,adam
100,0.007838020799681544,0.008527413692166632,100,100,1,mean_squared_error,8,adam
100,0.007828118745237589,0.008529123074064652,100,100,1,mean_squared_error,16,adam
100,0.007877309573814273,0.00854773685583532,100,100,1,mean_squared_error,32,adam
100,0.007826654706150293,0.008539776162554821,100,100,1,mean_squared_error,64,adam
100,0.007861710852012038,0.008553963198903062,100,100,1,mean_squared_error,128,adam
