round_epochs,val_loss,loss,batch_sizes,epochs,layers,losses,nodes,optimizers
100,0.01062209252268076,0.012030492737459807,100,100,1,mean_squared_error,1,adam
100,0.007689691381528974,0.008523627652326846,100,100,1,mean_squared_error,2,adam
100,0.007773888995870948,0.008661258117270126,100,100,1,mean_squared_error,3,adam
100,0.007745679700747132,0.008549903321049566,100,100,1,mean_squared_error,8,adam
100,0.007752032717689872,0.00854405172094516,100,100,1,mean_squared_error,16,adam
100,0.007749426644295454,0.008540841107744546,100,100,1,mean_squared_error,32,adam
100,0.007744303438812494,0.00854764499101685,100,100,1,mean_squared_error,64,adam
100,0.007720784051343799,0.008590397168240302,100,100,1,mean_squared_error,128,adam
