round_epochs,val_loss,loss,batch_sizes,epochs,layers,losses,nodes,optimizers
100,0.008341853506863117,0.008722076348885707,100,100,1,mean_squared_error,1,adam
100,0.00857290462590754,0.008894940933917548,100,100,1,mean_squared_error,2,adam
100,0.007973626954481006,0.008506617275414461,100,100,1,mean_squared_error,3,adam
100,0.007942073047161102,0.008506205176845902,100,100,1,mean_squared_error,8,adam
100,0.007910898886620998,0.008496126445957966,100,100,1,mean_squared_error,16,adam
100,0.00793900596909225,0.008524258680557622,100,100,1,mean_squared_error,32,adam
100,0.007941701216623187,0.008523676472069476,100,100,1,mean_squared_error,64,adam
100,0.007954781875014305,0.00858094272691579,100,100,1,mean_squared_error,128,adam
