round_epochs,val_loss,loss,batch_sizes,epochs,layers,losses,nodes,optimizers
100,0.00850376719608903,0.009522216571938424,100,100,1,mean_squared_error,1,adam
100,0.008017256623134017,0.009179123943405492,100,100,1,mean_squared_error,2,adam
100,0.008634647820144892,0.009622216444079738,100,100,1,mean_squared_error,3,adam
100,0.007408135337755084,0.008625603423344163,100,100,1,mean_squared_error,8,adam
100,0.007430528989061713,0.008637197637804468,100,100,1,mean_squared_error,16,adam
100,0.007489055162295699,0.008634164483568872,100,100,1,mean_squared_error,32,adam
100,0.00747649185359478,0.008638648305760515,100,100,1,mean_squared_error,64,adam
100,0.007434746949002147,0.008637279859116128,100,100,1,mean_squared_error,128,adam
