round_epochs,val_loss,loss,batch_sizes,epochs,layers,losses,nodes,optimizers
100,0.009045437211170793,0.008763992514713366,100,100,1,mean_squared_error,1,adam
100,0.008327150018885732,0.008483499676026497,100,100,1,mean_squared_error,2,adam
100,0.008464707527309656,0.008487825720736706,100,100,1,mean_squared_error,3,adam
100,0.008312770165503025,0.008393944565552218,100,100,1,mean_squared_error,8,adam
100,0.008286686148494482,0.00839854553598621,100,100,1,mean_squared_error,16,adam
100,0.008292682934552431,0.008425056616913406,100,100,1,mean_squared_error,32,adam
100,0.008289504563435912,0.008422464503437505,100,100,1,mean_squared_error,64,adam
100,0.008293702499940991,0.008424505852816398,100,100,1,mean_squared_error,128,adam
