round_epochs,val_loss,loss,batch_sizes,epochs,layers,losses,nodes,optimizers
100,0.01651876326650381,0.010960843094290797,100,100,1,mean_squared_error,1,adam
100,0.01065339520573616,0.007793451774921408,100,100,1,mean_squared_error,2,adam
100,0.012575529515743256,0.00851601807232526,100,100,1,mean_squared_error,3,adam
100,0.010710315778851509,0.007818172640286218,100,100,1,mean_squared_error,8,adam
100,0.010712756775319576,0.007831235646146507,100,100,1,mean_squared_error,16,adam
100,0.010689177084714174,0.007835987602876392,100,100,1,mean_squared_error,32,adam
100,0.01073527429252863,0.007847065325443606,100,100,1,mean_squared_error,64,adam
100,0.01069941557943821,0.007882761988406043,100,100,1,mean_squared_error,128,adam
