round_epochs,val_loss,loss,batch_sizes,epochs,layers,losses,nodes,optimizers
100,0.011640832293778658,0.008206539620460947,100,100,1,mean_squared_error,1,adam
100,0.010799447074532509,0.007819282784964656,100,100,1,mean_squared_error,2,adam
100,0.010817185509949923,0.007777721971217403,100,100,1,mean_squared_error,3,adam
100,0.010798382107168436,0.007786651676460018,100,100,1,mean_squared_error,8,adam
100,0.010794408153742552,0.007767796353028531,100,100,1,mean_squared_error,16,adam
100,0.010800378397107124,0.007786361378078398,100,100,1,mean_squared_error,32,adam
100,0.010803984012454748,0.007796655616776687,100,100,1,mean_squared_error,64,adam
100,0.010779679752886295,0.007812895572844678,100,100,1,mean_squared_error,128,adam
