round_epochs,val_loss,loss,batch_sizes,epochs,layers,losses,nodes,optimizers
100,0.00830375007353723,0.009199996037702812,100,100,1,mean_squared_error,1,adam
100,0.012936044950038195,0.01394964554778914,100,100,1,mean_squared_error,2,adam
100,0.00796748255379498,0.00851087027315732,100,100,1,mean_squared_error,3,adam
100,0.007849389221519232,0.008483832580665299,100,100,1,mean_squared_error,8,adam
100,0.007960557471960783,0.00850581276676335,100,100,1,mean_squared_error,16,adam
100,0.007951506646350026,0.008505582067191153,100,100,1,mean_squared_error,32,adam
100,0.007957441499456763,0.008531211660638041,100,100,1,mean_squared_error,64,adam
100,0.007953545078635216,0.00852235009366259,100,100,1,mean_squared_error,128,adam
