round_epochs,val_loss,loss,batch_sizes,epochs,layers,losses,nodes,optimizers
100,0.007120851427316666,0.009476119463324995,100,100,1,mean_squared_error,1,adam
100,0.006901552667841315,0.008934838690311838,100,100,1,mean_squared_error,2,adam
100,0.007008728804066777,0.008855514968266911,100,100,1,mean_squared_error,3,adam
100,0.006861777976155281,0.00877628526778747,100,100,1,mean_squared_error,8,adam
100,0.006858329754322767,0.00877236857085972,100,100,1,mean_squared_error,16,adam
100,0.00689776660874486,0.008788819753922018,100,100,1,mean_squared_error,32,adam
100,0.006874909391626716,0.008794694176097786,100,100,1,mean_squared_error,64,adam
100,0.006809603190049529,0.00880036871520835,100,100,1,mean_squared_error,128,adam
