round_epochs,val_loss,loss,batch_sizes,epochs,layers,losses,nodes,optimizers
100,0.0011292430899629835,0.0016007456360419834,100,100,1,mean_squared_error,128,adam
250,0.0011066405932069756,0.0016081924143219297,100,250,1,mean_squared_error,128,adam
500,0.001128371000959305,0.0016080478892952232,100,500,1,mean_squared_error,128,adam
750,0.0011046801664633676,0.0016069462849498308,100,750,1,mean_squared_error,128,adam
1000,0.0011168808741786052,0.00160589614048026,100,1000,1,mean_squared_error,128,adam
