round_epochs,val_loss,loss,batch_sizes,epochs,layers,losses,nodes,optimizers
100,0.0026170141936745495,0.0012375372123524062,100,100,1,mean_squared_error,128,adam
250,0.002651660004630685,0.0012262716327290889,100,250,1,mean_squared_error,128,adam
500,0.002756386937107891,0.0012237886109863197,100,500,1,mean_squared_error,128,adam
750,0.0027227638056501746,0.0012090678246841208,100,750,1,mean_squared_error,128,adam
1000,0.002793534309603274,0.0012039893050327954,100,1000,1,mean_squared_error,128,adam
