round_epochs,val_loss,loss,batch_sizes,epochs,layers,losses,nodes,optimizers
100,0.002551678364397958,0.0012202689770339547,100,100,1,mean_squared_error,128,adam
250,0.0025896453735185787,0.001221269704366481,100,250,1,mean_squared_error,128,adam
500,0.002558723666879814,0.0012209941445220202,100,500,1,mean_squared_error,128,adam
750,0.002578854422608856,0.001219182460070506,100,750,1,mean_squared_error,128,adam
1000,0.0025598408028599806,0.001216954459402101,100,1000,1,mean_squared_error,128,adam
