round_epochs,val_loss,loss,batch_sizes,epochs,layers,losses,nodes,optimizers
100,0.0014015208871569484,0.0015391904001770761,100,100,1,mean_squared_error,128,adam
250,0.001410914701409638,0.0015302339031443906,100,250,1,mean_squared_error,128,adam
500,0.0014314547297544777,0.0015265915260847453,100,500,1,mean_squared_error,128,adam
750,0.0014493121998384595,0.0015251616573014896,100,750,1,mean_squared_error,128,adam
1000,0.0014444926637224853,0.0015253728633614625,100,1000,1,mean_squared_error,128,adam
