round_epochs,val_loss,loss,batch_sizes,epochs,layers,losses,nodes,optimizers
100,0.0015413687797263265,0.0014775863016067415,100,100,1,mean_squared_error,128,adam
250,0.0015413748333230615,0.0014672903570155135,100,250,1,mean_squared_error,128,adam
500,0.0015196293825283647,0.0014732770023215096,100,500,1,mean_squared_error,128,adam
750,0.0015570838586427271,0.0014665737859893095,100,750,1,mean_squared_error,128,adam
1000,0.0015323263360187411,0.0015003589925211493,100,1000,1,mean_squared_error,128,adam
