round_epochs,val_loss,loss,batch_sizes,epochs,layers,losses,nodes,optimizers
100,0.001771411596564576,0.0014514284513168327,100,100,1,mean_squared_error,128,adam
250,0.0017705211976135615,0.0014515644467329573,100,250,1,mean_squared_error,128,adam
500,0.0017470717575633898,0.0014567577501409979,100,500,1,mean_squared_error,128,adam
750,0.001768562498909887,0.0014494172103246697,100,750,1,mean_squared_error,128,adam
1000,0.0017681503195490222,0.0014503371119799727,100,1000,1,mean_squared_error,128,adam
