round_epochs,val_loss,loss,batch_sizes,epochs,layers,losses,nodes,optimizers
100,0.0011420519440434873,0.0016154630641706223,100,100,1,mean_squared_error,128,adam
250,0.0010991442686645314,0.001607405126239535,100,250,1,mean_squared_error,128,adam
500,0.0011075725487899035,0.0016016886328997085,100,500,1,mean_squared_error,128,adam
750,0.0011472218175185844,0.0016090713370180594,100,750,1,mean_squared_error,128,adam
1000,0.0011458297667559236,0.0016126056990404159,100,1000,1,mean_squared_error,128,adam
