round_epochs,val_loss,loss,batch_sizes,epochs,layers,losses,nodes,optimizers
100,0.0008420694211963564,0.0016362721111828503,100,100,1,mean_squared_error,128,adam
250,0.0008407417335547507,0.0016372870021607064,100,250,1,mean_squared_error,128,adam
500,0.0008446986903436482,0.0016516419157489696,100,500,1,mean_squared_error,128,adam
750,0.0008599708380643278,0.0016532468801786781,100,750,1,mean_squared_error,128,adam
1000,0.0008396350021939725,0.0016404863510848045,100,1000,1,mean_squared_error,128,adam
