round_epochs,val_loss,loss,batch_sizes,epochs,layers,losses,nodes,optimizers
100,0.0015972894616425037,0.001451334504516828,100,100,1,mean_squared_error,128,adam
250,0.0016417137230746448,0.0014529557260252854,100,250,1,mean_squared_error,128,adam
500,0.001679119683103636,0.0014433949905824626,100,500,1,mean_squared_error,128,adam
750,0.0017008766444632784,0.0014397234587424218,100,750,1,mean_squared_error,128,adam
1000,0.0017294769932050258,0.001436503664158602,100,1000,1,mean_squared_error,128,adam
