round_epochs,val_loss,loss,batch_sizes,epochs,layers,losses,nodes,optimizers
100,0.0016142455278895795,0.0014641327660339406,100,100,1,mean_squared_error,128,adam
250,0.0016105143731692806,0.0014723547606525901,100,250,1,mean_squared_error,128,adam
500,0.00161260504683014,0.0014534280050422222,100,500,1,mean_squared_error,128,adam
750,0.0016118619096232578,0.0014543844210269878,100,750,1,mean_squared_error,128,adam
1000,0.0016141160522238351,0.0014506736021888042,100,1000,1,mean_squared_error,128,adam
