round_epochs,val_loss,loss,batch_sizes,epochs,layers,losses,nodes,optimizers
100,0.003291489731054753,0.0012445495198982626,100,100,1,mean_squared_error,128,adam
250,0.0034881476894952357,0.0012505885795981886,100,250,1,mean_squared_error,128,adam
500,0.003625233832281083,0.0012169657120808498,100,500,1,mean_squared_error,128,adam
750,0.0037202169187366962,0.0012200574278551386,100,750,1,mean_squared_error,128,adam
1000,0.0036365959676913917,0.001223515515083816,100,1000,1,mean_squared_error,128,adam
