round_epochs,val_loss,loss,batch_sizes,epochs,layers,losses,nodes,optimizers
100,0.0010461471902090125,0.0016207833802689305,100,100,1,mean_squared_error,128,adam
250,0.0010362601387896575,0.0016131015091972252,100,250,1,mean_squared_error,128,adam
500,0.0010351729288231581,0.001611993000460415,100,500,1,mean_squared_error,128,adam
750,0.0010634464779286645,0.001645114287129489,100,750,1,mean_squared_error,128,adam
1000,0.0010439711695653386,0.0016163965109601513,100,1000,1,mean_squared_error,128,adam
