round_epochs,val_loss,loss,batch_sizes,epochs,layers,losses,nodes,optimizers
100,0.0016299635171890259,0.0014456264543513953,100,100,1,mean_squared_error,128,adam
250,0.0016731942887417972,0.0014562515234387945,100,250,1,mean_squared_error,128,adam
500,0.0017187673947773874,0.0014371079597552132,100,500,1,mean_squared_error,128,adam
750,0.0017482004477642477,0.0014221760322384181,100,750,1,mean_squared_error,128,adam
1000,0.0017828383715823293,0.0014414649915835938,100,1000,1,mean_squared_error,128,adam
