round_epochs,val_loss,loss,batch_sizes,epochs,layers,losses,nodes,optimizers
100,0.0008587966149207205,0.0016459500804289074,100,100,1,mean_squared_error,128,adam
250,0.0008415946795139462,0.0016349374928177898,100,250,1,mean_squared_error,128,adam
500,0.0008530154591426253,0.001632938500234675,100,500,1,mean_squared_error,128,adam
750,0.0008471141627524048,0.0017056707954378495,100,750,1,mean_squared_error,128,adam
1000,0.0008499191899318248,0.0016359527710443572,100,1000,1,mean_squared_error,128,adam
