round_epochs,val_loss,loss,batch_sizes,epochs,layers,losses,nodes,optimizers
100,0.0021515144035220146,0.0013466535347197578,100,100,1,mean_squared_error,128,adam
250,0.0021481442963704467,0.001337434398083315,100,250,1,mean_squared_error,128,adam
500,0.0021549407101701945,0.001330868237742916,100,500,1,mean_squared_error,128,adam
750,0.0022040557814761996,0.0013350256679160637,100,750,1,mean_squared_error,128,adam
1000,0.0021914415701758116,0.0013361139703885697,100,1000,1,mean_squared_error,128,adam
