round_epochs,val_loss,loss,batch_sizes,epochs,layers,losses,nodes,optimizers
100,0.00202620483469218,0.001381093127239276,100,100,1,mean_squared_error,128,adam
250,0.0019981185905635357,0.0013706568815426803,100,250,1,mean_squared_error,128,adam
500,0.0020205519977025688,0.0013718405408191874,100,500,1,mean_squared_error,128,adam
750,0.002009428688324988,0.0013692989874803893,100,750,1,mean_squared_error,128,adam
1000,0.002005244721658528,0.0013753805144101773,100,1000,1,mean_squared_error,128,adam
