round_epochs,val_loss,loss,batch_sizes,epochs,layers,losses,nodes,optimizers
100,0.001942204195074737,0.0014116208550151448,100,100,1,mean_squared_error,128,adam
250,0.001898369868285954,0.001418654087631564,100,250,1,mean_squared_error,128,adam
500,0.00192381750093773,0.0014089548338571082,100,500,1,mean_squared_error,128,adam
750,0.0019231667974963784,0.0014064122529853285,100,750,1,mean_squared_error,128,adam
1000,0.0019001458422280848,0.0014361888605705637,100,1000,1,mean_squared_error,128,adam
