round_epochs,val_loss,loss,batch_sizes,epochs,layers,losses,nodes,optimizers
100,0.0029232967062853277,0.0011805148964764125,100,100,1,mean_squared_error,128,adam
250,0.0029994341894052923,0.001192692832021687,100,250,1,mean_squared_error,128,adam
500,0.0029730090755037963,0.0011850664194659878,100,500,1,mean_squared_error,128,adam
750,0.0029393560253083706,0.001175546230217862,100,750,1,mean_squared_error,128,adam
1000,0.003015653172042221,0.0011825933514155896,100,1000,1,mean_squared_error,128,adam
