round_epochs,val_loss,loss,batch_sizes,epochs,layers,losses,nodes,optimizers
100,0.0016175324562937021,0.0015351917689641642,100,100,1,mean_squared_error,128,adam
250,0.0016924412338994443,0.0015260242109530065,100,250,1,mean_squared_error,128,adam
500,0.0017242167086806148,0.0015172819739860018,100,500,1,mean_squared_error,128,adam
750,0.0017174742824863642,0.0015065881152599957,100,750,1,mean_squared_error,128,adam
1000,0.0017927501176018268,0.0015106652597085641,100,1000,1,mean_squared_error,128,adam
