round_epochs,val_loss,loss,batch_sizes,epochs,layers,losses,nodes,optimizers
100,0.0037703963462263346,0.0010642896595709772,100,100,1,mean_squared_error,128,adam
250,0.0038163504796102643,0.001049295269836319,100,250,1,mean_squared_error,128,adam
500,0.0038936909986659884,0.0010448212462260311,100,500,1,mean_squared_error,128,adam
750,0.004065969376824796,0.001063136219625877,100,750,1,mean_squared_error,128,adam
1000,0.003930542967282236,0.0010382138283976953,100,1000,1,mean_squared_error,128,adam
