round_epochs,val_loss,loss,batch_sizes,epochs,layers,losses,nodes,optimizers
100,0.00020616798428818583,0.0017979556133265707,100,100,1,mean_squared_error,128,adam
250,0.00020679870067397133,0.001804031409719436,100,250,1,mean_squared_error,128,adam
500,0.0002058876707451418,0.001790461636730178,100,500,1,mean_squared_error,128,adam
750,0.00021309301519067958,0.0018026205730177509,100,750,1,mean_squared_error,128,adam
1000,0.00020633039093809202,0.00179595172225514,100,1000,1,mean_squared_error,128,adam
