round_epochs,val_loss,loss,batch_sizes,epochs,layers,losses,nodes,optimizers
100,0.0008557754808862228,0.0016577215686546672,100,100,1,mean_squared_error,128,adam
250,0.0008941113446780946,0.0016566649739301407,100,250,1,mean_squared_error,128,adam
500,0.0008879021952452604,0.0016524131258979981,100,500,1,mean_squared_error,128,adam
750,0.0008723495448066387,0.0016424663633751195,100,750,1,mean_squared_error,128,adam
1000,0.0008866801399562974,0.0016448106341744378,100,1000,1,mean_squared_error,128,adam
