round_epochs,val_loss,loss,batch_sizes,epochs,layers,losses,nodes,optimizers
100,0.0002300584746990353,0.0017996003988717116,100,100,1,mean_squared_error,128,adam
250,0.00023344856890616938,0.0017979748982978158,100,250,1,mean_squared_error,128,adam
500,0.0002531644277041778,0.0017915140858729998,100,500,1,mean_squared_error,128,adam
750,0.0002423058613203466,0.0017923652076274436,100,750,1,mean_squared_error,128,adam
1000,0.00024732221208978444,0.0018001557852259434,100,1000,1,mean_squared_error,128,adam
