round_epochs,val_loss,loss,batch_sizes,epochs,layers,losses,nodes,optimizers
100,0.00149350447463803,0.0015765136242890847,100,100,1,mean_squared_error,128,adam
250,0.0015524228801950812,0.0015767401191966147,100,250,1,mean_squared_error,128,adam
500,0.0015519567241426557,0.0015658236691963982,100,500,1,mean_squared_error,128,adam
750,0.0015608378744218498,0.00157164095150818,100,750,1,mean_squared_error,128,adam
1000,0.0015694464382249862,0.0015776964083353622,100,1000,1,mean_squared_error,128,adam
