round_epochs,val_loss,loss,batch_sizes,epochs,layers,losses,nodes,optimizers
100,0.0009358252282254398,0.0016309550405628186,100,100,1,mean_squared_error,128,adam
250,0.0009408864571014419,0.001611037279320484,100,250,1,mean_squared_error,128,adam
500,0.000970617969869636,0.0016255646796411551,100,500,1,mean_squared_error,128,adam
750,0.0009764080241438933,0.0016208709416593563,100,750,1,mean_squared_error,128,adam
1000,0.0009840773564064875,0.001611509021338925,100,1000,1,mean_squared_error,128,adam
