round_epochs,val_loss,loss,batch_sizes,epochs,layers,losses,nodes,optimizers
100,0.0020537261880235747,0.0014419624501186305,100,100,1,mean_squared_error,128,adam
250,0.0020770729752257466,0.0014066121906840376,100,250,1,mean_squared_error,128,adam
500,0.0020809809502679855,0.0013985918259439537,100,500,1,mean_squared_error,128,adam
750,0.0021423878642963246,0.0014018746536986011,100,750,1,mean_squared_error,128,adam
1000,0.0020992148347431794,0.0014136362730999266,100,1000,1,mean_squared_error,128,adam
