round_epochs,val_loss,loss,batch_sizes,epochs,layers,losses,nodes,optimizers
100,0.002520392125006765,0.0012235125431331129,100,100,1,mean_squared_error,128,adam
250,0.0026239774306304753,0.0011848433642447172,100,250,1,mean_squared_error,128,adam
500,0.0028590427828021348,0.001187828809319127,100,500,1,mean_squared_error,128,adam
750,0.0027315198094584048,0.0011578784686109517,100,750,1,mean_squared_error,128,adam
1000,0.002661508566234261,0.0011640757754961567,100,1000,1,mean_squared_error,128,adam
