round_epochs,val_loss,loss,batch_sizes,epochs,layers,losses,nodes,optimizers
100,0.0022512507275678217,0.0012520769605304405,100,100,1,mean_squared_error,128,adam
250,0.002673059585504234,0.0011430115484570619,100,250,1,mean_squared_error,128,adam
500,0.002762038609944284,0.0010743018145085205,100,500,1,mean_squared_error,128,adam
750,0.0027326614363119006,0.0010895219699706335,100,750,1,mean_squared_error,128,adam
1000,0.0027659146580845118,0.0010385628961437994,100,1000,1,mean_squared_error,128,adam
