round_epochs,val_loss,loss,batch_sizes,epochs,layers,losses,nodes,optimizers
100,0.0009260583174182102,0.0016112938605309108,100,100,1,mean_squared_error,128,adam
250,0.0008642741158837453,0.0016057357148073351,100,250,1,mean_squared_error,128,adam
500,0.0007577306096209213,0.0015937810496560333,100,500,1,mean_squared_error,128,adam
750,0.0007548945723101497,0.001567611033567245,100,750,1,mean_squared_error,128,adam
1000,0.0007062410732032731,0.0015516681598097442,100,1000,1,mean_squared_error,128,adam
