round_epochs,val_loss,loss,batch_sizes,epochs,layers,losses,nodes,optimizers
100,0.004733814741484821,0.0009695121888018714,100,100,1,mean_squared_error,128,adam
250,0.005049454281106591,0.0009541815360645802,100,250,1,mean_squared_error,128,adam
500,0.0051750848069787025,0.0009558050815977736,100,500,1,mean_squared_error,128,adam
750,0.0053063633386045694,0.0009651887217063896,100,750,1,mean_squared_error,128,adam
1000,0.00542816671077162,0.000956210283931506,100,1000,1,mean_squared_error,128,adam
