round_epochs,val_loss,loss,batch_sizes,epochs,layers,losses,nodes,optimizers
100,0.0014080973633099347,0.0015312446782834608,100,100,1,mean_squared_error,128,adam
250,0.0012525724596343935,0.0014892184816638575,100,250,1,mean_squared_error,128,adam
500,0.0012729490408673882,0.0014396225236773426,100,500,1,mean_squared_error,128,adam
750,0.0013297566038090736,0.0014075917282949204,100,750,1,mean_squared_error,128,adam
1000,0.0013545300462283194,0.0013644139248280495,100,1000,1,mean_squared_error,128,adam
