round_epochs,val_loss,loss,batch_sizes,epochs,layers,losses,nodes,optimizers
100,0.002750534360529855,0.0012468373010179246,100,100,1,mean_squared_error,128,adam
250,0.0032942505495157093,0.0012559971518598676,100,250,1,mean_squared_error,128,adam
500,0.003955427077016793,0.001200509768118439,100,500,1,mean_squared_error,128,adam
750,0.004242076669470407,0.0011943185210012955,100,750,1,mean_squared_error,128,adam
1000,0.004744662466691807,0.0011924390458408977,100,1000,1,mean_squared_error,128,adam
