round_epochs,val_loss,loss,batch_sizes,epochs,layers,losses,nodes,optimizers
100,0.0017305039218626916,0.0013761512092428593,100,100,1,mean_squared_error,128,adam
250,0.0018305829144082963,0.001349109180990713,100,250,1,mean_squared_error,128,adam
500,0.0019257381791248918,0.0012597681256595395,100,500,1,mean_squared_error,128,adam
750,0.001949155324837193,0.0012524764189657893,100,750,1,mean_squared_error,128,adam
1000,0.0019452189444564283,0.0012194347935068506,100,1000,1,mean_squared_error,128,adam
