round_epochs,val_loss,loss,batch_sizes,epochs,layers,losses,nodes,optimizers
100,0.0010210362524958327,0.001603003485437069,100,100,1,mean_squared_error,128,adam
250,0.0009145893272943795,0.0015791727068841018,100,250,1,mean_squared_error,128,adam
500,0.0008382090309169143,0.0015443227173663546,100,500,1,mean_squared_error,128,adam
750,0.0008249056991189718,0.001512126359202545,100,750,1,mean_squared_error,128,adam
1000,0.0008341181164723821,0.0014868878486736853,100,1000,1,mean_squared_error,128,adam
