round_epochs,val_loss,loss,batch_sizes,epochs,layers,losses,nodes,optimizers
100,0.0016749166825320572,0.0014305969485791034,100,100,1,mean_squared_error,128,adam
250,0.002032972435699776,0.0013461645512632475,100,250,1,mean_squared_error,128,adam
500,0.0024447855539619923,0.0013399626812114704,100,500,1,mean_squared_error,128,adam
750,0.0023625349858775735,0.00124764752277311,100,750,1,mean_squared_error,128,adam
1000,0.002457838854752481,0.0012218576960833544,100,1000,1,mean_squared_error,128,adam
