round_epochs,val_loss,loss,batch_sizes,epochs,layers,losses,nodes,optimizers
100,0.0012269295984879136,0.0015862290266173257,100,100,1,mean_squared_error,128,adam
250,0.0011434736079536378,0.0015075805191963752,100,250,1,mean_squared_error,128,adam
500,0.0010965720866806805,0.0014871461824343074,100,500,1,mean_squared_error,128,adam
750,0.0010539127979427576,0.0014637613168320474,100,750,1,mean_squared_error,128,adam
1000,0.0010048620461020619,0.0014959854203675975,100,1000,1,mean_squared_error,128,adam
