round_epochs,val_loss,loss,batch_sizes,epochs,layers,losses,nodes,optimizers
100,0.0006165492814034224,0.001709361206576546,100,100,1,mean_squared_error,128,adam
250,0.0013317300472408533,0.0016128242680735166,100,250,1,mean_squared_error,128,adam
500,0.0015218328626360744,0.0015781030264888146,100,500,1,mean_squared_error,128,adam
750,0.0015285554545698687,0.0015739110591172834,100,750,1,mean_squared_error,128,adam
1000,0.00161520870460663,0.0015703545578894494,100,1000,1,mean_squared_error,128,adam
