round_epochs,val_loss,loss,batch_sizes,epochs,layers,losses,nodes,optimizers
100,0.0018206183158326894,0.0014339359290561893,100,100,1,mean_squared_error,128,adam
250,0.002466767793521285,0.0013048824226983835,100,250,1,mean_squared_error,128,adam
500,0.0023738758318359032,0.0012385048630379767,100,500,1,mean_squared_error,128,adam
750,0.002698925367440097,0.001139885819779412,100,750,1,mean_squared_error,128,adam
1000,0.00218734607915394,0.0011188211814524346,100,1000,1,mean_squared_error,128,adam
