round_epochs,val_loss,loss,batch_sizes,epochs,layers,losses,nodes,optimizers
100,0.00017845241382019594,0.0017721251256085015,100,100,1,mean_squared_error,128,adam
250,0.00031448929075850174,0.0017464587064997446,100,250,1,mean_squared_error,128,adam
500,0.00025256303342757747,0.001697832352411378,100,500,1,mean_squared_error,128,adam
750,0.00042786092672031373,0.0016425347669632028,100,750,1,mean_squared_error,128,adam
1000,0.0005707070595235564,0.0015629067075750797,100,1000,1,mean_squared_error,128,adam
