round_epochs,val_loss,loss,batch_sizes,epochs,layers,losses,nodes,optimizers
100,0.0030619155149906874,0.0010947299954087626,100,100,1,mean_squared_error,128,adam
250,0.003920029499568045,0.0008973978471374337,100,250,1,mean_squared_error,128,adam
500,0.00428283226210624,0.000797595031757534,100,500,1,mean_squared_error,128,adam
750,0.004525696131167933,0.0007137856685756291,100,750,1,mean_squared_error,128,adam
1000,0.004802124080015346,0.0007007865340852352,100,1000,1,mean_squared_error,128,adam
