round_epochs,val_loss,loss,batch_sizes,epochs,layers,losses,nodes,optimizers
100,0.0013230509648565203,0.001503793999048869,100,100,1,mean_squared_error,128,adam
250,0.001692470075795427,0.0014446951938095448,100,250,1,mean_squared_error,128,adam
500,0.0016196844808291644,0.0014112263234622,100,500,1,mean_squared_error,128,adam
750,0.0017217805288964882,0.0014216815643076793,100,750,1,mean_squared_error,128,adam
1000,0.0015975577698554844,0.0014086920522484072,100,1000,1,mean_squared_error,128,adam
