round_epochs,val_loss,loss,batch_sizes,epochs,layers,losses,nodes,optimizers
100,0.0005671195249306038,0.001670545240163913,100,100,1,mean_squared_error,128,adam
250,0.0006608833209611475,0.0016418497895072898,100,250,1,mean_squared_error,128,adam
500,0.0006430482026189566,0.0016102654343223201,100,500,1,mean_squared_error,128,adam
750,0.0006303874542936683,0.0015608256339788473,100,750,1,mean_squared_error,128,adam
1000,0.0006102778133936226,0.0015408284216505736,100,1000,1,mean_squared_error,128,adam
