round_epochs,val_loss,loss,batch_sizes,epochs,layers,losses,nodes,optimizers
100,0.0011773882142733783,0.0015424640448717226,100,100,1,mean_squared_error,128,adam
250,0.0011554195370990783,0.0014862542349139375,100,250,1,mean_squared_error,128,adam
500,0.0011464280250947922,0.001454505064262374,100,500,1,mean_squared_error,128,adam
750,0.0011091419728472829,0.0014248593223083722,100,750,1,mean_squared_error,128,adam
1000,0.0011080175754614174,0.001400218338469263,100,1000,1,mean_squared_error,128,adam
