round_epochs,val_loss,loss,batch_sizes,epochs,layers,losses,nodes,optimizers
100,0.0029271833482198417,0.0012113080144400617,100,100,1,mean_squared_error,128,adam
250,0.004782860167324543,0.0010857182034026069,100,250,1,mean_squared_error,128,adam
500,0.005484902649186552,0.0010428107975353458,100,500,1,mean_squared_error,128,adam
750,0.004420610959641635,0.0009970845452815392,100,750,1,mean_squared_error,128,adam
1000,0.0027083168388344347,0.0009639880321528459,100,1000,1,mean_squared_error,128,adam
