round_epochs,val_loss,loss,batch_sizes,epochs,layers,losses,nodes,optimizers
100,0.0009608611580915749,0.0015789555389214415,100,100,1,mean_squared_error,128,adam
250,0.0009741671965457499,0.0015026300295736346,100,250,1,mean_squared_error,128,adam
500,0.0009917136194417253,0.0014841996650842523,100,500,1,mean_squared_error,128,adam
750,0.000980893280939199,0.0014859929892548256,100,750,1,mean_squared_error,128,adam
1000,0.0009749619202921167,0.0014946889273946171,100,1000,1,mean_squared_error,128,adam
