round_epochs,val_loss,loss,batch_sizes,epochs,layers,losses,nodes,optimizers
100,0.0002733827568590641,0.0017532398950523573,100,100,1,mean_squared_error,128,adam
250,0.00028526004462037235,0.001709149342668307,100,250,1,mean_squared_error,128,adam
500,0.00031836661946726963,0.001642723204953645,100,500,1,mean_squared_error,128,adam
750,0.00034434003646310885,0.00163554426651025,100,750,1,mean_squared_error,128,adam
1000,0.0005148689015186392,0.0015674240051954517,100,1000,1,mean_squared_error,128,adam
