round_epochs,val_loss,loss,batch_sizes,epochs,layers,losses,nodes,optimizers
100,0.001741304324241355,0.001408264163789226,100,100,1,mean_squared_error,128,adam
250,0.001828155800467357,0.0013301685699898577,100,250,1,mean_squared_error,128,adam
500,0.0019215659121982753,0.0012737297644845119,100,500,1,mean_squared_error,128,adam
750,0.0019227357988711447,0.001237365553755,100,750,1,mean_squared_error,128,adam
1000,0.001908053527586162,0.00123207214750131,100,1000,1,mean_squared_error,128,adam
