round_epochs,val_loss,loss,batch_sizes,epochs,layers,losses,nodes,optimizers
100,0.0008713885326869786,0.0016480395270960227,100,100,1,mean_squared_error,128,adam
250,0.0008249245584011078,0.0015825963673477472,100,250,1,mean_squared_error,128,adam
500,0.0008757962641539052,0.0015175379195584771,100,500,1,mean_squared_error,128,adam
750,0.0008935600490076467,0.001469854030685401,100,750,1,mean_squared_error,128,adam
1000,0.0009340242686448619,0.0014584079020951116,100,1000,1,mean_squared_error,128,adam
