round_epochs,val_loss,loss,batch_sizes,epochs,layers,losses,nodes,optimizers
100,0.001260110700968653,0.0015103898681302927,100,100,1,mean_squared_error,128,adam
250,0.0019509283592924476,0.001446468278511814,100,250,1,mean_squared_error,128,adam
500,0.0023326994851231575,0.0014537366994024446,100,500,1,mean_squared_error,128,adam
750,0.0025985038955695927,0.001397902549053408,100,750,1,mean_squared_error,128,adam
1000,0.0026185818132944405,0.0013238226007751962,100,1000,1,mean_squared_error,128,adam
