round_epochs,val_loss,loss,batch_sizes,epochs,layers,losses,nodes,optimizers
100,0.0015066074556671083,0.001470738225394493,100,100,1,mean_squared_error,128,adam
250,0.0018189296242780983,0.001382248782011747,100,250,1,mean_squared_error,128,adam
500,0.0018977110739797354,0.0013666992738373797,100,500,1,mean_squared_error,128,adam
750,0.0018301834934391081,0.001343353144392731,100,750,1,mean_squared_error,128,adam
1000,0.0018837256939150393,0.001359408922534941,100,1000,1,mean_squared_error,128,adam
