round_epochs,val_loss,loss,batch_sizes,epochs,layers,losses,nodes,optimizers
100,0.001535373623482883,0.0014984679687797433,100,100,1,mean_squared_error,128,adam
250,0.0014223948819562793,0.001458461341055062,100,250,1,mean_squared_error,128,adam
500,0.0013619359815493226,0.0014434572155301085,100,500,1,mean_squared_error,128,adam
750,0.0012754955096170306,0.001441478425867089,100,750,1,mean_squared_error,128,adam
1000,0.0012210640124976635,0.0014334991923387313,100,1000,1,mean_squared_error,128,adam
