round_epochs,val_loss,loss,batch_sizes,epochs,layers,losses,nodes,optimizers
100,0.0011200299195479602,0.001523128908242647,100,100,1,mean_squared_error,128,adam
250,0.0011868456494994462,0.0015268516601174321,100,250,1,mean_squared_error,128,adam
500,0.001240059093106538,0.0014608102257803453,100,500,1,mean_squared_error,128,adam
750,0.0013037665339652449,0.0014041606840762863,100,750,1,mean_squared_error,128,adam
1000,0.0014848269056528807,0.0014377703872384268,100,1000,1,mean_squared_error,128,adam
