round_epochs,val_loss,loss,batch_sizes,epochs,layers,losses,nodes,optimizers
100,0.0023219953873194754,0.0012422968154957744,100,100,1,mean_squared_error,128,adam
250,0.002423969912342727,0.001158550471053406,100,250,1,mean_squared_error,128,adam
500,0.0026179521810263395,0.0010657970798803654,100,500,1,mean_squared_error,128,adam
750,0.0027126651257276535,0.001045739099265332,100,750,1,mean_squared_error,128,adam
1000,0.0027684138622134924,0.0010080123735051905,100,1000,1,mean_squared_error,128,adam
