round_epochs,val_loss,loss,batch_sizes,epochs,layers,losses,nodes,optimizers
100,0.0017190994112752378,0.0013910865106174682,100,100,1,mean_squared_error,128,adam
250,0.002127016749000177,0.00131360093938535,100,250,1,mean_squared_error,128,adam
500,0.0023508943850174546,0.0012279653137636229,100,500,1,mean_squared_error,128,adam
750,0.0023954544158186764,0.001196801632994329,100,750,1,mean_squared_error,128,adam
1000,0.002441959164571017,0.0011331920873974375,100,1000,1,mean_squared_error,128,adam
