round_epochs,val_loss,loss,batch_sizes,epochs,layers,losses,nodes,optimizers
100,0.004208868311252445,0.0010796263163244419,100,100,1,mean_squared_error,128,adam
250,0.004186527046840638,0.001057963717817662,100,250,1,mean_squared_error,128,adam
500,0.004732920730020851,0.001046755035256516,100,500,1,mean_squared_error,128,adam
750,0.004921026120427996,0.0010439214676266847,100,750,1,mean_squared_error,128,adam
1000,0.004673974122852087,0.0010411272319431045,100,1000,1,mean_squared_error,128,adam
