round_epochs,val_loss,loss,batch_sizes,epochs,layers,losses,nodes,optimizers
100,0.0028398282011039555,0.0011808753604889664,100,100,1,mean_squared_error,128,adam
250,0.003239477809984237,0.0010501078471373136,100,250,1,mean_squared_error,128,adam
500,0.003634276508819312,0.0010085949723765376,100,500,1,mean_squared_error,128,adam
750,0.002991842047777027,0.0008630272901311418,100,750,1,mean_squared_error,128,adam
1000,0.0034430864034220576,0.0008710872862047493,100,1000,1,mean_squared_error,128,adam
