round_epochs,val_loss,loss,batch_sizes,epochs,layers,losses,nodes,optimizers
100,0.007315413095057011,0.008193356314512762,100,100,1,mean_squared_error,128,adam
250,0.007279009558260441,0.008106790458458654,100,250,1,mean_squared_error,128,adam
500,0.007231542142108083,0.00809715016203999,100,500,1,mean_squared_error,128,adam
750,0.007242218591272831,0.008042764880926987,100,750,1,mean_squared_error,128,adam
1000,0.007249495713040233,0.008037033454612028,100,1000,1,mean_squared_error,128,adam
