round_epochs,val_loss,loss,batch_sizes,epochs,layers,losses,nodes,optimizers
100,0.008294536732137203,0.007934210494796335,100,100,1,mean_squared_error,128,adam
250,0.008291622856631875,0.007875169308942602,100,250,1,mean_squared_error,128,adam
500,0.0086499301251024,0.007732456552339169,100,500,1,mean_squared_error,128,adam
750,0.008733385242521763,0.007715737631771167,100,750,1,mean_squared_error,128,adam
1000,0.00867344462312758,0.007736159590221334,100,1000,1,mean_squared_error,128,adam
