round_epochs,val_loss,loss,batch_sizes,epochs,layers,losses,nodes,optimizers
100,0.006696464028209448,0.008323566556921045,100,100,1,mean_squared_error,128,adam
250,0.006706309737637639,0.008251477674425696,100,250,1,mean_squared_error,128,adam
500,0.006802976364269853,0.008174719452540129,100,500,1,mean_squared_error,128,adam
750,0.0069696183782070875,0.008136103537349658,100,750,1,mean_squared_error,128,adam
1000,0.007069671293720603,0.008137513586603936,100,1000,1,mean_squared_error,128,adam
