round_epochs,val_loss,loss,batch_sizes,epochs,layers,losses,nodes,optimizers
100,0.0103404619731009,0.007416337869308861,100,100,1,mean_squared_error,128,adam
250,0.01030358299612999,0.007401131955881041,100,250,1,mean_squared_error,128,adam
500,0.01028783293440938,0.007378085712707103,100,500,1,mean_squared_error,128,adam
750,0.010196310002356768,0.007413590232253897,100,750,1,mean_squared_error,128,adam
1000,0.010144313797354698,0.00735341454417897,100,1000,1,mean_squared_error,128,adam
