round_epochs,val_loss,loss,batch_sizes,epochs,layers,losses,nodes,optimizers
100,0.0073837845120579,0.008154743977377152,100,100,1,mean_squared_error,128,adam
250,0.007404661504551768,0.008129478616282399,100,250,1,mean_squared_error,128,adam
500,0.007239065831527114,0.008088795623042091,100,500,1,mean_squared_error,128,adam
750,0.007175931008532643,0.00805972795232364,100,750,1,mean_squared_error,128,adam
1000,0.007202735869213939,0.008151036620588793,100,1000,1,mean_squared_error,128,adam
