round_epochs,val_loss,loss,batch_sizes,epochs,layers,losses,nodes,optimizers
100,0.01213517738506198,0.006961833273143586,100,100,1,mean_squared_error,128,adam
250,0.012441670056432486,0.006786824898721844,100,250,1,mean_squared_error,128,adam
500,0.0134749049320817,0.006662268978000211,100,500,1,mean_squared_error,128,adam
750,0.013758011627942324,0.0066592576060504885,100,750,1,mean_squared_error,128,adam
1000,0.013437485322356224,0.0066396576414349835,100,1000,1,mean_squared_error,128,adam
