round_epochs,val_loss,loss,batch_sizes,epochs,layers,losses,nodes,optimizers
100,0.01344640413299203,0.006662096293033141,100,100,1,mean_squared_error,128,adam
250,0.013445471879094839,0.006600853027670716,100,250,1,mean_squared_error,128,adam
500,0.013429086655378342,0.00652895803087703,100,500,1,mean_squared_error,128,adam
750,0.013330304529517889,0.006539699573004373,100,750,1,mean_squared_error,128,adam
1000,0.01349503779783845,0.006497276585240623,100,1000,1,mean_squared_error,128,adam
