round_epochs,val_loss,loss,batch_sizes,epochs,layers,losses,nodes,optimizers
100,0.00875903107225895,0.007795937990926327,100,100,1,mean_squared_error,128,adam
250,0.008813458494842052,0.007724910438144895,100,250,1,mean_squared_error,128,adam
500,0.009013873524963856,0.007661232252113306,100,500,1,mean_squared_error,128,adam
750,0.008996928110718727,0.007587954691182378,100,750,1,mean_squared_error,128,adam
1000,0.009009667672216892,0.0076264747356530865,100,1000,1,mean_squared_error,128,adam
