round_epochs,val_loss,loss,batch_sizes,epochs,layers,losses,nodes,optimizers
100,0.009467477444559336,0.007637758689045607,100,100,1,mean_squared_error,128,adam
250,0.009462106972932816,0.007590782084272078,100,250,1,mean_squared_error,128,adam
500,0.009453360456973314,0.007479188809524216,100,500,1,mean_squared_error,128,adam
750,0.009457472246140242,0.007477527973914011,100,750,1,mean_squared_error,128,adam
1000,0.009429915342479944,0.007516153475767472,100,1000,1,mean_squared_error,128,adam
