round_epochs,val_loss,loss,batch_sizes,epochs,layers,losses,nodes,optimizers
100,0.007423932198435068,0.008184460969817085,100,100,1,mean_squared_error,128,adam
250,0.007371913176029921,0.008145752411985412,100,250,1,mean_squared_error,128,adam
500,0.007396701956167817,0.008123742937083489,100,500,1,mean_squared_error,128,adam
750,0.007213623495772481,0.008141966384731542,100,750,1,mean_squared_error,128,adam
1000,0.007087337551638484,0.008134599808963434,100,1000,1,mean_squared_error,128,adam
