round_epochs,val_loss,loss,batch_sizes,epochs,layers,losses,nodes,optimizers
100,0.006809578277170658,0.008375294087045689,100,100,1,mean_squared_error,128,adam
250,0.006759653799235821,0.008261179667167188,100,250,1,mean_squared_error,128,adam
500,0.006685376167297363,0.008278634285243459,100,500,1,mean_squared_error,128,adam
750,0.006639275699853897,0.008196744443252775,100,750,1,mean_squared_error,128,adam
1000,0.006626083282753825,0.008183735804901069,100,1000,1,mean_squared_error,128,adam
