round_epochs,val_loss,loss,batch_sizes,epochs,layers,losses,nodes,optimizers
100,0.011529238428920507,0.007176636132777411,100,100,1,mean_squared_error,128,adam
250,0.011559755075722933,0.0071237576743319085,100,250,1,mean_squared_error,128,adam
500,0.011356848292052746,0.007072558483971257,100,500,1,mean_squared_error,128,adam
750,0.011198633350431919,0.007075653870682345,100,750,1,mean_squared_error,128,adam
1000,0.011263022664934397,0.007048908865880899,100,1000,1,mean_squared_error,128,adam
