round_epochs,val_loss,loss,batch_sizes,epochs,layers,losses,nodes,optimizers
100,0.008390638744458556,0.007982228841127797,100,100,1,mean_squared_error,128,adam
250,0.00831689522601664,0.007929203851286374,100,250,1,mean_squared_error,128,adam
500,0.00832912977784872,0.007986719403392548,100,500,1,mean_squared_error,128,adam
750,0.00810135598294437,0.007857412759476391,100,750,1,mean_squared_error,128,adam
1000,0.008085278095677495,0.00781908485725279,100,1000,1,mean_squared_error,128,adam
