round_epochs,val_loss,loss,batch_sizes,epochs,layers,losses,nodes,optimizers
100,0.007565079024061561,0.008160378102685233,100,100,1,mean_squared_error,128,adam
250,0.007540314458310604,0.008099934662875709,100,250,1,mean_squared_error,128,adam
500,0.007641509175300598,0.007993848129658209,100,500,1,mean_squared_error,128,adam
750,0.007561216130852699,0.007986992756500748,100,750,1,mean_squared_error,128,adam
1000,0.007515392731875181,0.007976268479481357,100,1000,1,mean_squared_error,128,adam
