round_epochs,val_loss,loss,batch_sizes,epochs,layers,losses,nodes,optimizers
100,0.009054267778992653,0.00777344516661939,100,100,1,mean_squared_error,128,adam
250,0.008852540981024504,0.007766690876433063,100,250,1,mean_squared_error,128,adam
500,0.008796295616775751,0.007713588596166227,100,500,1,mean_squared_error,128,adam
750,0.008663055021315813,0.007703296407832854,100,750,1,mean_squared_error,128,adam
1000,0.008611016441136599,0.007735198377684189,100,1000,1,mean_squared_error,128,adam
