round_epochs,val_loss,loss,batch_sizes,epochs,layers,losses,nodes,optimizers
100,0.007404685486108065,0.008140226947599402,100,100,1,mean_squared_error,128,adam
250,0.007491103606298566,0.008110295959550845,100,250,1,mean_squared_error,128,adam
500,0.007191983051598072,0.008162652456681881,100,500,1,mean_squared_error,128,adam
750,0.0071617416106164455,0.008098703644903308,100,750,1,mean_squared_error,128,adam
1000,0.007128232624381781,0.008090119388239597,100,1000,1,mean_squared_error,128,adam
