round_epochs,val_loss,loss,batch_sizes,epochs,layers,losses,nodes,optimizers
100,0.006254939362406731,0.008461728430302858,100,100,1,mean_squared_error,128,adam
250,0.006172747118398547,0.008450491149960042,100,250,1,mean_squared_error,128,adam
500,0.00604271306656301,0.00839216523503457,100,500,1,mean_squared_error,128,adam
750,0.006007095333188772,0.008397799419937948,100,750,1,mean_squared_error,128,adam
1000,0.006008368916809559,0.00836489928612857,100,1000,1,mean_squared_error,128,adam
