round_epochs,val_loss,loss,batch_sizes,epochs,layers,losses,nodes,optimizers
100,0.005237695062533021,0.00872049716370206,100,100,1,mean_squared_error,128,adam
250,0.005229386268183589,0.008698601535097269,100,250,1,mean_squared_error,128,adam
500,0.005099287023767829,0.008626412298796767,100,500,1,mean_squared_error,128,adam
750,0.005102901719510555,0.008592272761606214,100,750,1,mean_squared_error,128,adam
1000,0.005046208156272769,0.008608816930068331,100,1000,1,mean_squared_error,128,adam
