round_epochs,val_loss,loss,batch_sizes,epochs,layers,losses,nodes,optimizers
100,0.00600880547426641,0.008508923015390128,100,100,1,mean_squared_error,128,adam
250,0.005828374065458775,0.008488949562377359,100,250,1,mean_squared_error,128,adam
500,0.005789884133264422,0.008436949428175593,100,500,1,mean_squared_error,128,adam
750,0.0057127466425299644,0.00840631017690452,100,750,1,mean_squared_error,128,adam
1000,0.005790740717202425,0.008418650805735154,100,1000,1,mean_squared_error,128,adam
