round_epochs,val_loss,loss,batch_sizes,epochs,layers,losses,nodes,optimizers
100,0.007703006500378251,0.00809932525714899,100,100,1,mean_squared_error,128,adam
250,0.007832726929336786,0.0080911485744708,100,250,1,mean_squared_error,128,adam
500,0.007705940864980221,0.007960713651952061,100,500,1,mean_squared_error,128,adam
750,0.007871495792642236,0.007935684756229782,100,750,1,mean_squared_error,128,adam
1000,0.007951987441629171,0.007966824720755052,100,1000,1,mean_squared_error,128,adam
