round_epochs,val_loss,loss,batch_sizes,epochs,layers,losses,nodes,optimizers
100,0.012883772259231787,0.01571773460612225,100,100,1,mean_squared_error,128,adam
250,0.012848808790496246,0.01546633353541095,100,250,1,mean_squared_error,128,adam
500,0.012645449035393832,0.014909845280774573,100,500,1,mean_squared_error,128,adam
750,0.012849330200097668,0.014693665992112914,100,750,1,mean_squared_error,128,adam
1000,0.013285290885098914,0.014304564198731776,100,1000,1,mean_squared_error,128,adam
