round_epochs,val_loss,loss,batch_sizes,epochs,layers,losses,nodes,optimizers
100,0.015113350032037827,0.015084396266195942,100,100,1,mean_squared_error,128,adam
250,0.014958274574136015,0.015017936038948482,100,250,1,mean_squared_error,128,adam
500,0.014414674448008513,0.014802935528545523,100,500,1,mean_squared_error,128,adam
750,0.014940652256859607,0.014238665273516022,100,750,1,mean_squared_error,128,adam
1000,0.015964629680816852,0.013957172650937459,100,1000,1,mean_squared_error,128,adam
