round_epochs,val_loss,loss,batch_sizes,epochs,layers,losses,nodes,optimizers
100,0.01624772662587052,0.014829487109266633,100,100,1,mean_squared_error,128,adam
250,0.01650931142345445,0.014911962251866882,100,250,1,mean_squared_error,128,adam
500,0.015694189554632608,0.014300479614480057,100,500,1,mean_squared_error,128,adam
750,0.015791787850160395,0.013987607458353642,100,750,1,mean_squared_error,128,adam
1000,0.015741385177863602,0.013676777177831934,100,1000,1,mean_squared_error,128,adam
