round_epochs,val_loss,loss,batch_sizes,epochs,layers,losses,nodes,optimizers
100,0.013848096375639116,0.015684306219070403,100,100,1,mean_squared_error,128,adam
250,0.013608405698820873,0.015387410985951746,100,250,1,mean_squared_error,128,adam
500,0.013451964692704042,0.014873679427795074,100,500,1,mean_squared_error,128,adam
750,0.013312217966658086,0.014583626209790982,100,750,1,mean_squared_error,128,adam
1000,0.013732318588574627,0.014135983505815118,100,1000,1,mean_squared_error,128,adam
