round_epochs,val_loss,loss,batch_sizes,epochs,layers,losses,nodes,optimizers
100,0.016220339335239115,0.01482000400373085,100,100,1,mean_squared_error,128,adam
250,0.01609215004154336,0.014704889898661094,100,250,1,mean_squared_error,128,adam
500,0.016373193687080737,0.01398286593132582,100,500,1,mean_squared_error,128,adam
750,0.0166107352457978,0.013400623130251714,100,750,1,mean_squared_error,128,adam
1000,0.016564512761057023,0.013497212316709847,100,1000,1,mean_squared_error,128,adam
