round_epochs,val_loss,loss,batch_sizes,epochs,layers,losses,nodes,optimizers
100,0.015024945167965027,0.015118582763863568,100,100,1,mean_squared_error,128,adam
250,0.014968161705188715,0.015085090424434924,100,250,1,mean_squared_error,128,adam
500,0.01557717638455294,0.014426123697179646,100,500,1,mean_squared_error,128,adam
750,0.015446519390235294,0.014225794119414072,100,750,1,mean_squared_error,128,adam
1000,0.015264482330998884,0.014026683890939359,100,1000,1,mean_squared_error,128,adam
