round_epochs,val_loss,loss,batch_sizes,epochs,layers,losses,nodes,optimizers
100,0.013811631694473513,0.015460956663866737,100,100,1,mean_squared_error,128,adam
250,0.013765885644409824,0.01531832087223404,100,250,1,mean_squared_error,128,adam
500,0.013576387989348801,0.014662813259541389,100,500,1,mean_squared_error,128,adam
750,0.013808365817645087,0.014415928134554295,100,750,1,mean_squared_error,128,adam
1000,0.014461903669052388,0.014068368593015563,100,1000,1,mean_squared_error,128,adam
