round_epochs,val_loss,loss,batch_sizes,epochs,layers,losses,nodes,optimizers
100,0.01257455398576643,0.015754470746758297,100,100,1,mean_squared_error,128,adam
250,0.012342758869855247,0.015738338246080445,100,250,1,mean_squared_error,128,adam
500,0.012189379425242019,0.015122200207943892,100,500,1,mean_squared_error,128,adam
750,0.013680767656383503,0.014600980446566289,100,750,1,mean_squared_error,128,adam
1000,0.014237079296691633,0.014215425010208957,100,1000,1,mean_squared_error,128,adam
