round_epochs,val_loss,loss,batch_sizes,epochs,layers,losses,nodes,optimizers
100,0.016299832818196646,0.014790945040558152,100,100,1,mean_squared_error,128,adam
250,0.01615201680916338,0.014737663345982381,100,250,1,mean_squared_error,128,adam
500,0.01540869006409717,0.01435524978249067,100,500,1,mean_squared_error,128,adam
750,0.01621058947364589,0.013955459728762134,100,750,1,mean_squared_error,128,adam
1000,0.016555734287629176,0.013765374020715454,100,1000,1,mean_squared_error,128,adam
