round_epochs,val_loss,loss,batch_sizes,epochs,layers,losses,nodes,optimizers
100,0.01539525860012626,0.015004942422947991,100,100,1,mean_squared_error,128,adam
250,0.015540900242388548,0.014737561518260882,100,250,1,mean_squared_error,128,adam
500,0.015996355596162266,0.01415788818937001,100,500,1,mean_squared_error,128,adam
750,0.01583721873879283,0.013984707530456872,100,750,1,mean_squared_error,128,adam
1000,0.0159559870728446,0.013916312866661716,100,1000,1,mean_squared_error,128,adam
