round_epochs,val_loss,loss,batch_sizes,epochs,layers,losses,nodes,optimizers
100,0.013591130390463762,0.01546878291378219,100,100,1,mean_squared_error,128,adam
250,0.013478506585798371,0.015406814806313071,100,250,1,mean_squared_error,128,adam
500,0.014169852558205175,0.01473501363497733,100,500,1,mean_squared_error,128,adam
750,0.01697530417267851,0.01400817572677405,100,750,1,mean_squared_error,128,adam
1000,0.016191189256894528,0.01374966693789366,100,1000,1,mean_squared_error,128,adam
