round_epochs,val_loss,loss,batch_sizes,epochs,layers,losses,nodes,optimizers
100,0.017791222144461157,0.01441805598199667,100,100,1,mean_squared_error,128,adam
250,0.017936521738617865,0.014596166243617559,100,250,1,mean_squared_error,128,adam
500,0.017301495341424965,0.013948865267611927,100,500,1,mean_squared_error,128,adam
750,0.017742347019027226,0.013776935103475748,100,750,1,mean_squared_error,128,adam
1000,0.018001852603863232,0.013577231276200046,100,1000,1,mean_squared_error,128,adam
