round_epochs,val_loss,loss,batch_sizes,epochs,layers,losses,nodes,optimizers
100,0.013018759529120358,0.01564373764859971,100,100,1,mean_squared_error,128,adam
250,0.01298334758878503,0.015406592393378217,100,250,1,mean_squared_error,128,adam
500,0.012807172966475164,0.014927009668145048,100,500,1,mean_squared_error,128,adam
750,0.012582360771508073,0.01471073752334669,100,750,1,mean_squared_error,128,adam
1000,0.012799259481118552,0.014476172307777644,100,1000,1,mean_squared_error,128,adam
