round_epochs,val_loss,loss,batch_sizes,epochs,layers,losses,nodes,optimizers
100,0.02110923222036817,0.013663435944510464,100,100,1,mean_squared_error,128,adam
250,0.021142321910203703,0.013375757739472029,100,250,1,mean_squared_error,128,adam
500,0.02132241561746777,0.012865758047031996,100,500,1,mean_squared_error,128,adam
750,0.02124752788968272,0.01270012275301781,100,750,1,mean_squared_error,128,adam
1000,0.021371240877363848,0.012599665418866292,100,1000,1,mean_squared_error,128,adam
