round_epochs,val_loss,loss,batch_sizes,epochs,layers,losses,nodes,optimizers
100,0.02003370660670738,0.013910008556953627,100,100,1,mean_squared_error,128,adam
250,0.020338676841789156,0.013955192434503206,100,250,1,mean_squared_error,128,adam
500,0.01927172403838766,0.013465156956533691,100,500,1,mean_squared_error,128,adam
750,0.019772575756338374,0.013096322176800151,100,750,1,mean_squared_error,128,adam
1000,0.019881279249886172,0.013007411812829911,100,1000,1,mean_squared_error,128,adam
