round_epochs,val_loss,loss,batch_sizes,epochs,layers,losses,nodes,optimizers
100,0.020884758235896052,0.013710723852916579,100,100,1,mean_squared_error,128,adam
250,0.02095818608512531,0.013545791180944773,100,250,1,mean_squared_error,128,adam
500,0.02077101872082631,0.013176086499126412,100,500,1,mean_squared_error,128,adam
750,0.02061530123066962,0.013103643057858525,100,750,1,mean_squared_error,128,adam
1000,0.021130843836832884,0.012790153860746317,100,1000,1,mean_squared_error,128,adam
