round_epochs,val_loss,loss,batch_sizes,epochs,layers,losses,nodes,optimizers
100,0.012515463379572085,0.015712980901700768,100,100,1,mean_squared_error,128,adam
250,0.012608946038962308,0.015559321564233782,100,250,1,mean_squared_error,128,adam
500,0.012669706352092512,0.015023430083976618,100,500,1,mean_squared_error,128,adam
750,0.01266211854883624,0.014985226394243576,100,750,1,mean_squared_error,128,adam
1000,0.013429377284181776,0.014687137186864213,100,1000,1,mean_squared_error,128,adam
