round_epochs,val_loss,loss,batch_sizes,epochs,layers,losses,nodes,optimizers
100,0.016402627650330116,0.01488537409216465,100,100,1,mean_squared_error,128,adam
250,0.016210658106035624,0.014621593844351457,100,250,1,mean_squared_error,128,adam
500,0.017021136994862077,0.014097479705572428,100,500,1,mean_squared_error,128,adam
750,0.016648809739093686,0.013752663175776676,100,750,1,mean_squared_error,128,adam
1000,0.019072405371496726,0.013249637100415015,100,1000,1,mean_squared_error,128,adam
