round_epochs,val_loss,loss,batch_sizes,epochs,layers,losses,nodes,optimizers
100,0.022379610444133606,0.01330893139481245,100,100,1,mean_squared_error,128,adam
250,0.022196569634442352,0.013243796149427866,100,250,1,mean_squared_error,128,adam
500,0.021586516544447473,0.012803907187927009,100,500,1,mean_squared_error,128,adam
750,0.02235801827780266,0.012206582652039864,100,750,1,mean_squared_error,128,adam
1000,0.024097143209085393,0.011722449536187266,100,1000,1,mean_squared_error,128,adam
