round_epochs,val_loss,loss,batch_sizes,epochs,layers,losses,nodes,optimizers
100,0.01239314048209382,0.015804100613198688,100,100,1,mean_squared_error,128,adam
250,0.012721221594504974,0.015685174838831677,100,250,1,mean_squared_error,128,adam
500,0.012134330356540393,0.015234395393624377,100,500,1,mean_squared_error,128,adam
750,0.014341533506972407,0.014691194800201373,100,750,1,mean_squared_error,128,adam
1000,0.016316576444323938,0.013733149365751289,100,1000,1,mean_squared_error,128,adam
