round_epochs,val_loss,loss,batch_sizes,epochs,layers,losses,nodes,optimizers
100,0.01247927983614368,0.015870375722534392,100,100,1,mean_squared_error,128,adam
250,0.01240677782919389,0.01571859338381632,100,250,1,mean_squared_error,128,adam
500,0.012058404578485681,0.015362804484127754,100,500,1,mean_squared_error,128,adam
750,0.012673781688638667,0.014859255801081358,100,750,1,mean_squared_error,128,adam
1000,0.014704654157049392,0.014262866771700394,100,1000,1,mean_squared_error,128,adam
