round_epochs,val_loss,loss,batch_sizes,epochs,layers,losses,nodes,optimizers
100,0.01360171092627336,0.015497946007242754,100,100,1,mean_squared_error,128,adam
250,0.013570310632188116,0.015405154450043063,100,250,1,mean_squared_error,128,adam
500,0.013154039604018382,0.014818802733329972,100,500,1,mean_squared_error,128,adam
750,0.013225724410509045,0.014658253560376228,100,750,1,mean_squared_error,128,adam
1000,0.013189875010644371,0.014539763977255054,100,1000,1,mean_squared_error,128,adam
