round_epochs,val_loss,loss,batch_sizes,epochs,layers,losses,nodes,optimizers
100,0.01438330222464087,0.01527368466851849,100,100,1,mean_squared_error,128,adam
250,0.014377974329432051,0.01516509582592764,100,250,1,mean_squared_error,128,adam
500,0.014870270805892033,0.014502051389359649,100,500,1,mean_squared_error,128,adam
750,0.014730036221257407,0.014365879364835856,100,750,1,mean_squared_error,128,adam
1000,0.014960831564724745,0.014216307021827254,100,1000,1,mean_squared_error,128,adam
