round_epochs,val_loss,loss,batch_sizes,epochs,layers,losses,nodes,optimizers
100,0.01338544387332908,0.015524146540193401,100,100,1,mean_squared_error,128,adam
250,0.013427227552998905,0.015554169473710971,100,250,1,mean_squared_error,128,adam
500,0.013757424438419055,0.014894198967920776,100,500,1,mean_squared_error,128,adam
750,0.013630942455563113,0.014269453885230288,100,750,1,mean_squared_error,128,adam
1000,0.014914831146597862,0.013792081544147664,100,1000,1,mean_squared_error,128,adam
