round_epochs,val_loss,loss,batch_sizes,epochs,layers,losses,nodes,optimizers
100,0.012395372511304204,0.015852389183251103,100,100,1,mean_squared_error,128,adam
250,0.01252513302106354,0.015553557487139151,100,250,1,mean_squared_error,128,adam
500,0.013217955429911913,0.014810716260655141,100,500,1,mean_squared_error,128,adam
750,0.014075171759342728,0.014609860813235818,100,750,1,mean_squared_error,128,adam
1000,0.01483416369643493,0.014375327674475446,100,1000,1,mean_squared_error,128,adam
