round_epochs,val_loss,loss,batch_sizes,epochs,layers,losses,nodes,optimizers
100,0.017842592713633674,0.014518160986054183,100,100,1,mean_squared_error,128,adam
250,0.017703289680894296,0.014348254351871996,100,250,1,mean_squared_error,128,adam
500,0.017054623170713684,0.014063004268586036,100,500,1,mean_squared_error,128,adam
750,0.01690858077426352,0.013821013496449245,100,750,1,mean_squared_error,128,adam
1000,0.01795005790851823,0.01355772538475655,100,1000,1,mean_squared_error,128,adam
