round_epochs,val_loss,loss,batch_sizes,epochs,layers,losses,nodes,optimizers
100,0.014477453203918647,0.015292894048382289,100,100,1,mean_squared_error,128,adam
250,0.01441572761003995,0.015128687566998016,100,250,1,mean_squared_error,128,adam
500,0.014827293002201085,0.01447352128636897,100,500,1,mean_squared_error,128,adam
750,0.014690084340771539,0.014180040557929619,100,750,1,mean_squared_error,128,adam
1000,0.014692877634573522,0.01351844919517861,100,1000,1,mean_squared_error,128,adam
