round_epochs,val_loss,loss,batch_sizes,epochs,layers,losses,nodes,optimizers
100,0.011074875355066367,0.016149995230774785,100,100,1,mean_squared_error,128,adam
250,0.011206888013411706,0.015964529472379828,100,250,1,mean_squared_error,128,adam
500,0.012052784556869287,0.015235747430642047,100,500,1,mean_squared_error,128,adam
750,0.012222657223517572,0.015094465842873007,100,750,1,mean_squared_error,128,adam
1000,0.011948956686760014,0.014971626463846945,100,1000,1,mean_squared_error,128,adam
