round_epochs,val_loss,loss,batch_sizes,epochs,layers,losses,nodes,optimizers
100,0.013746122647095566,0.01551707287847846,100,100,1,mean_squared_error,128,adam
250,0.013572088115141918,0.01526741338098169,100,250,1,mean_squared_error,128,adam
500,0.014099101503215843,0.01459597858445878,100,500,1,mean_squared_error,128,adam
750,0.013804577716892988,0.014520263313386008,100,750,1,mean_squared_error,128,adam
1000,0.01408633083367168,0.014126366392788876,100,1000,1,mean_squared_error,128,adam
