round_epochs,val_loss,loss,batch_sizes,epochs,layers,losses,nodes,optimizers
100,0.012005462301848221,0.015839217469358263,100,100,1,mean_squared_error,128,adam
250,0.011894262100958345,0.01580453040686684,100,250,1,mean_squared_error,128,adam
500,0.011421775417261986,0.015246133118792995,100,500,1,mean_squared_error,128,adam
750,0.011882093524438652,0.014883034333736453,100,750,1,mean_squared_error,128,adam
1000,0.011975263081603314,0.014762904480960801,100,1000,1,mean_squared_error,128,adam
