round_epochs,val_loss,loss,batch_sizes,epochs,layers,losses,nodes,optimizers
100,0.014970438456602732,0.015076924424300241,100,100,1,mean_squared_error,128,adam
250,0.014909003748928182,0.015007666419798405,100,250,1,mean_squared_error,128,adam
500,0.014590280041585316,0.01464496296011473,100,500,1,mean_squared_error,128,adam
750,0.014530387210973243,0.014332990424155291,100,750,1,mean_squared_error,128,adam
1000,0.015455746227622632,0.014100133591149021,100,1000,1,mean_squared_error,128,adam
