round_epochs,val_loss,loss,batch_sizes,epochs,layers,losses,nodes,optimizers
100,0.014866467621458235,0.015318055520180483,100,100,1,mean_squared_error,128,adam
250,0.014878922970450703,0.01501739251628593,100,250,1,mean_squared_error,128,adam
500,0.014998446260789531,0.014389276317316084,100,500,1,mean_squared_error,128,adam
750,0.01502940374141063,0.014198714572393415,100,750,1,mean_squared_error,128,adam
1000,0.015469483993760306,0.01392857286723415,100,1000,1,mean_squared_error,128,adam
