round_epochs,val_loss,loss,batch_sizes,epochs,layers,losses,nodes,optimizers
100,0.013804638711501605,0.015462592005467594,100,100,1,mean_squared_error,128,adam
250,0.013681503368457358,0.01529824178216595,100,250,1,mean_squared_error,128,adam
500,0.014264593181673007,0.014600532316607446,100,500,1,mean_squared_error,128,adam
750,0.015053206530572781,0.014163298396646377,100,750,1,mean_squared_error,128,adam
1000,0.015236820080247357,0.013715803735519774,100,1000,1,mean_squared_error,128,adam
