round_epochs,val_loss,loss,batch_sizes,epochs,layers,losses,nodes,optimizers
100,0.013774563113798448,0.01551216079773915,100,100,1,mean_squared_error,128,adam
250,0.013675930680491817,0.015342554709307812,100,250,1,mean_squared_error,128,adam
500,0.013360407966278007,0.014893105548418047,100,500,1,mean_squared_error,128,adam
750,0.013176193521662273,0.014583966264211053,100,750,1,mean_squared_error,128,adam
1000,0.013730170738756957,0.014371236042124242,100,1000,1,mean_squared_error,128,adam
