round_epochs,val_loss,loss,batch_sizes,epochs,layers,losses,nodes,optimizers
100,0.01022689274732192,0.0164052437682023,100,100,1,mean_squared_error,128,adam
250,0.009988015260191718,0.01633725561033092,100,250,1,mean_squared_error,128,adam
500,0.010346108069409377,0.01568104334681028,100,500,1,mean_squared_error,128,adam
750,0.011048560770200425,0.01531714314697825,100,750,1,mean_squared_error,128,adam
1000,0.010509057574198772,0.01510499625106403,100,1000,1,mean_squared_error,128,adam
