round_epochs,val_loss,loss,batch_sizes,epochs,layers,losses,nodes,optimizers
100,0.01596707067728492,0.014868827644342454,100,100,1,mean_squared_error,128,adam
250,0.015826473550768053,0.014879565213306165,100,250,1,mean_squared_error,128,adam
500,0.015196963021503621,0.014341946031392818,100,500,1,mean_squared_error,128,adam
750,0.015108584445063493,0.014103047264243789,100,750,1,mean_squared_error,128,adam
1000,0.0159500012286569,0.013840668020423632,100,1000,1,mean_squared_error,128,adam
