round_epochs,val_loss,loss,batch_sizes,epochs,layers,losses,nodes,optimizers
100,0.014004952929464716,0.015464070112673782,100,100,1,mean_squared_error,128,adam
250,0.013829032787538354,0.015290226408247672,100,250,1,mean_squared_error,128,adam
500,0.013579553189738911,0.014778441314271947,100,500,1,mean_squared_error,128,adam
750,0.014456732076915665,0.0142070759817883,100,750,1,mean_squared_error,128,adam
1000,0.015039528303559702,0.013892590835802819,100,1000,1,mean_squared_error,128,adam
