round_epochs,val_loss,loss,batch_sizes,epochs,layers,losses,nodes,optimizers
100,0.01572153030253535,0.014962076513686372,100,100,1,mean_squared_error,128,adam
250,0.015633428567580543,0.014815742725590665,100,250,1,mean_squared_error,128,adam
500,0.016420374086229646,0.014030059631071498,100,500,1,mean_squared_error,128,adam
750,0.017316545757591426,0.013495144593393682,100,750,1,mean_squared_error,128,adam
1000,0.018097099768531383,0.012791189599089587,100,1000,1,mean_squared_error,128,adam
