round_epochs,val_loss,loss,batch_sizes,epochs,layers,losses,nodes,optimizers
100,0.014073009906926347,0.015406110314605523,100,100,1,mean_squared_error,128,adam
250,0.014053545045156275,0.015227266021035425,100,250,1,mean_squared_error,128,adam
500,0.014052845280261794,0.01456456158740736,100,500,1,mean_squared_error,128,adam
750,0.01412163581699133,0.014383359390998905,100,750,1,mean_squared_error,128,adam
1000,0.014282056659310307,0.014022687047570195,100,1000,1,mean_squared_error,128,adam
