round_epochs,val_loss,loss,batch_sizes,epochs,layers,losses,nodes,optimizers
100,0.013312255729682481,0.015549535769501223,100,100,1,mean_squared_error,128,adam
250,0.013414689994899172,0.015353675786611723,100,250,1,mean_squared_error,128,adam
500,0.014435340617619568,0.01473427567181725,100,500,1,mean_squared_error,128,adam
750,0.014546595930341799,0.014390431381949228,100,750,1,mean_squared_error,128,adam
1000,0.014188767841375953,0.014418289402321954,100,1000,1,mean_squared_error,128,adam
