round_epochs,val_loss,loss,batch_sizes,epochs,layers,losses,nodes,optimizers
100,0.010794863337650895,0.011784343150465336,100,100,1,mean_squared_error,1,adam
100,0.0020463232649490237,0.003330987090370933,100,100,1,mean_squared_error,2,adam
100,0.0020781614584848285,0.003350004556129003,100,100,1,mean_squared_error,3,adam
100,0.0020043362164869905,0.0033146256042929146,100,100,1,mean_squared_error,8,adam
100,0.0020081139518879354,0.0033054484438412544,100,100,1,mean_squared_error,16,adam
100,0.002050540177151561,0.0032998185895411368,100,100,1,mean_squared_error,32,adam
100,0.0020011684973724186,0.0032925317939230822,100,100,1,mean_squared_error,64,adam
100,0.0019843675545416772,0.0032935950319798557,100,100,1,mean_squared_error,128,adam
