round_epochs,val_loss,loss,batch_sizes,epochs,layers,losses,nodes,optimizers
100,0.005294018192216754,0.002926866253161042,100,100,1,mean_squared_error,1,adam
100,0.0045110645005479455,0.0026821298495560584,100,100,1,mean_squared_error,2,adam
100,0.004539291025139391,0.0026740656697651125,100,100,1,mean_squared_error,3,adam
100,0.00449721550103277,0.002675017037074126,100,100,1,mean_squared_error,8,adam
100,0.004504684708081186,0.0026996964822175507,100,100,1,mean_squared_error,16,adam
100,0.004496981622651219,0.0026936599714004607,100,100,1,mean_squared_error,32,adam
100,0.004528033547103405,0.002682647541781565,100,100,1,mean_squared_error,64,adam
100,0.00449332466814667,0.002682425282466083,100,100,1,mean_squared_error,128,adam
