round_epochs,val_loss,loss,batch_sizes,epochs,layers,losses,nodes,optimizers
100,0.002859045285731554,0.004148184452532676,100,100,1,mean_squared_error,1,adam
100,0.002498287765774876,0.003608749449990671,100,100,1,mean_squared_error,2,adam
100,0.002796282758936286,0.004043703236474765,100,100,1,mean_squared_error,3,adam
100,0.0025308579206466675,0.0031653651646700197,100,100,1,mean_squared_error,8,adam
100,0.0025278570828959346,0.0031724310903704926,100,100,1,mean_squared_error,16,adam
100,0.0025357201229780912,0.0031754918289102407,100,100,1,mean_squared_error,32,adam
100,0.0025436420692130923,0.0031710584346849218,100,100,1,mean_squared_error,64,adam
100,0.002522205002605915,0.003176139755160513,100,100,1,mean_squared_error,128,adam
