round_epochs,val_loss,loss,batch_sizes,epochs,layers,losses,nodes,optimizers
100,0.01008336991071701,0.01062368996964212,100,100,1,mean_squared_error,1,adam
100,0.0031376919941976666,0.0030953588237271723,100,100,1,mean_squared_error,2,adam
100,0.003077638568356633,0.0031033983024626147,100,100,1,mean_squared_error,3,adam
100,0.003003518912009895,0.0030405116028252776,100,100,1,mean_squared_error,8,adam
100,0.0030472822836600244,0.0030499067394422334,100,100,1,mean_squared_error,16,adam
100,0.0030386082362383604,0.0030458835496294094,100,100,1,mean_squared_error,32,adam
100,0.0030268511036410928,0.00305236014187392,100,100,1,mean_squared_error,64,adam
100,0.003008876636158675,0.0030603832477717695,100,100,1,mean_squared_error,128,adam
