round_epochs,val_loss,loss,batch_sizes,epochs,layers,losses,nodes,optimizers
100,0.003225395572371781,0.0032473620077487744,100,100,1,mean_squared_error,1,adam
100,0.0037565823877230287,0.0036756995969678377,100,100,1,mean_squared_error,2,adam
100,0.002828420198056847,0.0031089589879719683,100,100,1,mean_squared_error,3,adam
100,0.0028765315655618906,0.0030824734553937475,100,100,1,mean_squared_error,8,adam
100,0.0029149509500712156,0.003087955776177216,100,100,1,mean_squared_error,16,adam
100,0.002909964765422046,0.0030881745757110287,100,100,1,mean_squared_error,32,adam
100,0.0028652147157117724,0.003088248233056457,100,100,1,mean_squared_error,64,adam
100,0.00285672873724252,0.003081504825647351,100,100,1,mean_squared_error,128,adam
