round_epochs,val_loss,loss,batch_sizes,epochs,layers,losses,nodes,optimizers
100,0.008934747194871306,0.010749582521019872,100,100,1,mean_squared_error,1,adam
100,0.0038081149687059224,0.0030208123756810686,100,100,1,mean_squared_error,2,adam
100,0.003741802182048559,0.002852649429117453,100,100,1,mean_squared_error,3,adam
100,0.006974875461310148,0.007666032255993675,100,100,1,mean_squared_error,8,adam
100,0.0037671265308745205,0.0028590606869826267,100,100,1,mean_squared_error,16,adam
100,0.0037592481239698827,0.0028554494218447977,100,100,1,mean_squared_error,32,adam
100,0.0037559260963462293,0.0028714989825504317,100,100,1,mean_squared_error,64,adam
100,0.0037559851771220565,0.0028644615917333533,100,100,1,mean_squared_error,128,adam
