round_epochs,val_loss,loss,batch_sizes,epochs,layers,losses,nodes,optimizers
100,0.009122566552832723,0.008741401644764389,100,100,1,mean_squared_error,1,adam
100,0.0026386574609205127,0.0032165030969825005,100,100,1,mean_squared_error,2,adam
100,0.0038890568539500237,0.0040846651905498705,100,100,1,mean_squared_error,3,adam
100,0.002631863171700388,0.0031434431372159032,100,100,1,mean_squared_error,8,adam
100,0.0026254861149936914,0.0031446556062939435,100,100,1,mean_squared_error,16,adam
100,0.00262903276598081,0.003140768760997326,100,100,1,mean_squared_error,32,adam
100,0.0026405465905554593,0.003131869036638946,100,100,1,mean_squared_error,64,adam
100,0.0026401540962979198,0.00313484996561904,100,100,1,mean_squared_error,128,adam
