round_epochs,val_loss,loss,batch_sizes,epochs,layers,losses,nodes,optimizers
100,0.009608158376067877,0.009773792572935721,100,100,1,mean_squared_error,1,adam
100,0.0037646376295015216,0.0030473319709739813,100,100,1,mean_squared_error,2,adam
100,0.0041298422729596496,0.0027788234407777773,100,100,1,mean_squared_error,3,adam
100,0.0041848268592730165,0.0028054918819585615,100,100,1,mean_squared_error,8,adam
100,0.004166884929873049,0.0027961784648127797,100,100,1,mean_squared_error,16,adam
100,0.0041030701249837875,0.002790664182625767,100,100,1,mean_squared_error,32,adam
100,0.00410276441834867,0.002807645113172388,100,100,1,mean_squared_error,64,adam
100,0.004118313197977841,0.002797750056485522,100,100,1,mean_squared_error,128,adam
