round_epochs,val_loss,loss,batch_sizes,epochs,layers,losses,nodes,optimizers
100,0.0020498757949098945,0.0033145773342406763,100,100,1,mean_squared_error,1,adam
100,0.0022701453417539597,0.003743293382376806,100,100,1,mean_squared_error,2,adam
100,0.002052691881544888,0.003297034188297421,100,100,1,mean_squared_error,3,adam
100,0.0020427501876838505,0.0032850873725428094,100,100,1,mean_squared_error,8,adam
100,0.002090941066853702,0.0033173904711039817,100,100,1,mean_squared_error,16,adam
100,0.002049401751719415,0.0032872759840943686,100,100,1,mean_squared_error,32,adam
100,0.002031674375757575,0.0032874218746669647,100,100,1,mean_squared_error,64,adam
100,0.0020227337372489274,0.0032764426718482325,100,100,1,mean_squared_error,128,adam
