round_epochs,val_loss,loss,batch_sizes,epochs,layers,losses,nodes,optimizers
100,0.002964332699775696,0.005079635629024273,100,100,1,mean_squared_error,1,adam
100,0.0026411698199808598,0.0031402182075566144,100,100,1,mean_squared_error,2,adam
100,0.0026869222056120634,0.0037296735494862076,100,100,1,mean_squared_error,3,adam
100,0.002666124375537038,0.0031379359201843243,100,100,1,mean_squared_error,8,adam
100,0.0026563428109511733,0.0031436133180350475,100,100,1,mean_squared_error,16,adam
100,0.002647963585332036,0.0031371133519864096,100,100,1,mean_squared_error,32,adam
100,0.0026551104383543134,0.0031353561330194537,100,100,1,mean_squared_error,64,adam
100,0.002654503216035664,0.0031445090539921495,100,100,1,mean_squared_error,128,adam
