round_epochs,val_loss,loss,batch_sizes,epochs,layers,losses,nodes,optimizers
100,0.002433530578855425,0.00334258560665456,100,100,1,mean_squared_error,1,adam
100,0.00447416165843606,0.00600396061110728,100,100,1,mean_squared_error,2,adam
100,0.0023636467522010207,0.003207252360588607,100,100,1,mean_squared_error,3,adam
100,0.0024263871600851417,0.0032348306514066003,100,100,1,mean_squared_error,8,adam
100,0.0023657589918002486,0.003204029070372159,100,100,1,mean_squared_error,16,adam
100,0.002367342298384756,0.003205619807259406,100,100,1,mean_squared_error,32,adam
100,0.002371576090808958,0.00321222277402523,100,100,1,mean_squared_error,64,adam
100,0.0023646766203455627,0.0032164275985827346,100,100,1,mean_squared_error,128,adam
