round_epochs,val_loss,loss,batch_sizes,epochs,layers,losses,nodes,optimizers
100,0.006692515918985009,0.008603730553499701,100,100,1,mean_squared_error,1,adam
100,0.0014778533950448036,0.0034526844344388947,100,100,1,mean_squared_error,2,adam
100,0.001547122374176979,0.003487127920598688,100,100,1,mean_squared_error,3,adam
100,0.0015637939213775098,0.003427066860946927,100,100,1,mean_squared_error,8,adam
100,0.0015638002078048885,0.003414917913473265,100,100,1,mean_squared_error,16,adam
100,0.0015741760726086795,0.003425066135847068,100,100,1,mean_squared_error,32,adam
100,0.0015475349500775337,0.003404286760664113,100,100,1,mean_squared_error,64,adam
100,0.0015381965204142034,0.0034219994300738314,100,100,1,mean_squared_error,128,adam
