round_epochs,val_loss,loss,batch_sizes,epochs,layers,losses,nodes,optimizers
100,0.002254811581224203,0.003692558976205388,100,100,1,mean_squared_error,1,adam
100,0.001976119412574917,0.003446389619613482,100,100,1,mean_squared_error,2,adam
100,0.001817826007027179,0.003349705439943232,100,100,1,mean_squared_error,3,adam
100,0.0017852257005870342,0.0033637865622735638,100,100,1,mean_squared_error,8,adam
100,0.0017859284998849034,0.0033453741650048053,100,100,1,mean_squared_error,16,adam
100,0.0017921649268828332,0.00336640568643827,100,100,1,mean_squared_error,32,adam
100,0.0018002589931711555,0.003343973588898666,100,100,1,mean_squared_error,64,adam
100,0.0018003173754550517,0.003354016507924406,100,100,1,mean_squared_error,128,adam
