round_epochs,val_loss,loss,batch_sizes,epochs,layers,losses,nodes,optimizers
100,0.01523086940869689,0.010435195387642187,100,100,1,mean_squared_error,1,adam
100,0.00387861009221524,0.0028558481247736175,100,100,1,mean_squared_error,2,adam
100,0.0037571360589936376,0.0028648050218927942,100,100,1,mean_squared_error,3,adam
100,0.0037790696369484067,0.0028542273276413142,100,100,1,mean_squared_error,8,adam
100,0.0037751267664134502,0.002849355966137503,100,100,1,mean_squared_error,16,adam
100,0.003767575602978468,0.0028567084760164705,100,100,1,mean_squared_error,32,adam
100,0.003769037313759327,0.002853572772428356,100,100,1,mean_squared_error,64,adam
100,0.0037686937721446157,0.00285974570887308,100,100,1,mean_squared_error,128,adam
