round_epochs,val_loss,loss,batch_sizes,epochs,layers,losses,nodes,optimizers
100,0.006406455999240279,0.01319218186759635,100,100,1,mean_squared_error,1,adam
100,0.00236625992693007,0.0033757054611088188,100,100,1,mean_squared_error,2,adam
100,0.0023588105104863644,0.003195469057010043,100,100,1,mean_squared_error,3,adam
100,0.002363263803999871,0.0032206154594730052,100,100,1,mean_squared_error,8,adam
100,0.0023572392528876662,0.003217687907939156,100,100,1,mean_squared_error,16,adam
100,0.002356375742238015,0.0032079163880407214,100,100,1,mean_squared_error,32,adam
100,0.0023496565991081297,0.0032058825907775933,100,100,1,mean_squared_error,64,adam
100,0.0024121107417158782,0.0032731920053580203,100,100,1,mean_squared_error,128,adam
