round_epochs,val_loss,loss,batch_sizes,epochs,layers,losses,nodes,optimizers
100,0.014180692378431559,0.010405860675550195,100,100,1,mean_squared_error,1,adam
100,0.0040632652817294,0.002790437174498811,100,100,1,mean_squared_error,2,adam
100,0.00393486546818167,0.002808727735984968,100,100,1,mean_squared_error,3,adam
100,0.0038883943343535066,0.002812271996665008,100,100,1,mean_squared_error,8,adam
100,0.0038544945418834686,0.0028326739396615174,100,100,1,mean_squared_error,16,adam
100,0.0038596338126808405,0.0028280602697455756,100,100,1,mean_squared_error,32,adam
100,0.0038888516137376428,0.002805463249041211,100,100,1,mean_squared_error,64,adam
100,0.003891057218424976,0.002811721462480967,100,100,1,mean_squared_error,128,adam
