round_epochs,val_loss,loss,batch_sizes,epochs,layers,losses,nodes,optimizers
100,0.006843185052275658,0.0029605230290844177,100,100,1,mean_squared_error,1,adam
100,0.007581206737086177,0.0032127782980208856,100,100,1,mean_squared_error,2,adam
100,0.005907643586397171,0.0025218897382436986,100,100,1,mean_squared_error,3,adam
100,0.005491307703778148,0.0024554188862760413,100,100,1,mean_squared_error,8,adam
100,0.005524731706827879,0.0024564481237646482,100,100,1,mean_squared_error,16,adam
100,0.0055378153920173645,0.002449021424939459,100,100,1,mean_squared_error,32,adam
100,0.005553725874051452,0.0024491101725115662,100,100,1,mean_squared_error,64,adam
100,0.0054862769320607185,0.002452064879159245,100,100,1,mean_squared_error,128,adam
