round_epochs,val_loss,loss,batch_sizes,epochs,layers,losses,nodes,optimizers
100,0.002204155782237649,0.0038181708000581665,100,100,1,mean_squared_error,1,adam
100,0.0016510493005625904,0.0033737441465342627,100,100,1,mean_squared_error,2,adam
100,0.001679549808613956,0.0034124607565745074,100,100,1,mean_squared_error,3,adam
100,0.0016517728799954057,0.0033850730472666803,100,100,1,mean_squared_error,8,adam
100,0.0016592864412814379,0.0033795572052894157,100,100,1,mean_squared_error,16,adam
100,0.001672659593168646,0.0033962894995512444,100,100,1,mean_squared_error,32,adam
100,0.001652105012908578,0.0033810165375797894,100,100,1,mean_squared_error,64,adam
100,0.0016628068988211453,0.003374752544221424,100,100,1,mean_squared_error,128,adam
