round_epochs,val_loss,loss,batch_sizes,epochs,layers,losses,nodes,optimizers
100,0.0051744498778134584,0.003534049375150773,100,100,1,mean_squared_error,1,adam
100,0.01544264517724514,0.010294523463586816,100,100,1,mean_squared_error,2,adam
100,0.003525530337356031,0.002938134680364402,100,100,1,mean_squared_error,3,adam
100,0.003584972699172795,0.002993339829655705,100,100,1,mean_squared_error,8,adam
100,0.0035720624728128314,0.0029473832060342518,100,100,1,mean_squared_error,16,adam
100,0.0035250172950327396,0.002947205647284674,100,100,1,mean_squared_error,32,adam
100,0.0034939536126330495,0.0029350686742501673,100,100,1,mean_squared_error,64,adam
100,0.00347145926207304,0.002939207855154548,100,100,1,mean_squared_error,128,adam
