round_epochs,val_loss,loss,batch_sizes,epochs,layers,losses,nodes,optimizers
100,0.007939423667266965,0.003358367834599656,100,100,1,mean_squared_error,1,adam
100,0.006107589462772012,0.0025347631365144835,100,100,1,mean_squared_error,2,adam
100,0.006206100108101964,0.002584499716035144,100,100,1,mean_squared_error,3,adam
100,0.005626469966955483,0.002437750224775651,100,100,1,mean_squared_error,8,adam
100,0.005694513558410108,0.002423234345195325,100,100,1,mean_squared_error,16,adam
100,0.0056365912314504385,0.002404450540743619,100,100,1,mean_squared_error,32,adam
100,0.005757238250225782,0.002420912417968301,100,100,1,mean_squared_error,64,adam
100,0.005617110873572528,0.002398216284059903,100,100,1,mean_squared_error,128,adam
