round_epochs,val_loss,loss,batch_sizes,epochs,layers,losses,nodes,optimizers
100,0.006669752299785614,0.012306626085518744,100,100,1,mean_squared_error,1,adam
100,0.001364204566925764,0.0035347408238088802,100,100,1,mean_squared_error,2,adam
100,0.0017413432360626757,0.004529687034475026,100,100,1,mean_squared_error,3,adam
100,0.00146110774949193,0.003445453050179888,100,100,1,mean_squared_error,8,adam
100,0.0014849969884380698,0.003454285933470405,100,100,1,mean_squared_error,16,adam
100,0.0014498967211693525,0.0034383782973386964,100,100,1,mean_squared_error,32,adam
100,0.0014288511592894793,0.0034531711712759688,100,100,1,mean_squared_error,64,adam
100,0.001435273326933384,0.0034312927310021224,100,100,1,mean_squared_error,128,adam
