round_epochs,val_loss,loss,batch_sizes,epochs,layers,losses,nodes,optimizers
100,0.005333898006938398,0.003164483697029918,100,100,1,mean_squared_error,1,adam
100,0.005432531703263521,0.00244164395155992,100,100,1,mean_squared_error,2,adam
100,0.005599095253273845,0.0024214806712062136,100,100,1,mean_squared_error,3,adam
100,0.00575393158942461,0.002412896610931832,100,100,1,mean_squared_error,8,adam
100,0.005777368554845452,0.0024178829125798586,100,100,1,mean_squared_error,16,adam
100,0.005751394433900714,0.002423629419117195,100,100,1,mean_squared_error,32,adam
100,0.0057512493804097176,0.0024463586815000327,100,100,1,mean_squared_error,64,adam
100,0.005766300251707435,0.0024226771251538905,100,100,1,mean_squared_error,128,adam
