round_epochs,val_loss,loss,batch_sizes,epochs,layers,losses,nodes,optimizers
100,0.0025636525824666023,0.003374115213224277,100,100,1,mean_squared_error,1,adam
100,0.0023512678453698754,0.0032127761902908483,100,100,1,mean_squared_error,2,adam
100,0.0023062146501615644,0.0032215830589875693,100,100,1,mean_squared_error,3,adam
100,0.0022768531925976276,0.0032243181444835244,100,100,1,mean_squared_error,8,adam
100,0.0022602585377171636,0.00324087098992446,100,100,1,mean_squared_error,16,adam
100,0.0022622357355430722,0.0032420713345947347,100,100,1,mean_squared_error,32,adam
100,0.002264485927298665,0.003232367788406467,100,100,1,mean_squared_error,64,adam
100,0.0022722046123817563,0.0032234507517184233,100,100,1,mean_squared_error,128,adam
