round_epochs,val_loss,loss,batch_sizes,epochs,layers,losses,nodes,optimizers
100,0.010804381221532822,0.011289461472662245,100,100,1,mean_squared_error,1,adam
100,0.00450375524815172,0.002680833826663164,100,100,1,mean_squared_error,2,adam
100,0.0045306714018806815,0.002650206354808501,100,100,1,mean_squared_error,3,adam
100,0.004493021289817989,0.0027152982325687595,100,100,1,mean_squared_error,8,adam
100,0.004489762708544731,0.002687854289992206,100,100,1,mean_squared_error,16,adam
100,0.004497305140830576,0.00267348762305178,100,100,1,mean_squared_error,32,adam
100,0.004491086350753903,0.002671029637532687,100,100,1,mean_squared_error,64,adam
100,0.004498019581660628,0.0026635875564213272,100,100,1,mean_squared_error,128,adam
