round_epochs,val_loss,loss,batch_sizes,epochs,layers,losses,nodes,optimizers
100,0.004555905004963279,0.0031446988258468814,100,100,1,mean_squared_error,1,adam
100,0.004886030103079975,0.003739038434458481,100,100,1,mean_squared_error,2,adam
100,0.0049806449096649885,0.002568956157589392,100,100,1,mean_squared_error,3,adam
100,0.005029573221690953,0.0025813560997063577,100,100,1,mean_squared_error,8,adam
100,0.0049653074238449335,0.0025831421272348343,100,100,1,mean_squared_error,16,adam
100,0.004946588189341128,0.0025684695141179894,100,100,1,mean_squared_error,32,adam
100,0.004947464680299163,0.002578310166044455,100,100,1,mean_squared_error,64,adam
100,0.004919751896522939,0.0025887913525776754,100,100,1,mean_squared_error,128,adam
