round_epochs,val_loss,loss,batch_sizes,epochs,layers,losses,nodes,optimizers
100,0.004213393956888467,0.003950646759260604,100,100,1,mean_squared_error,1,adam
100,0.0025124973035417497,0.003260169582637517,100,100,1,mean_squared_error,2,adam
100,0.0023613665835000575,0.003251085279014587,100,100,1,mean_squared_error,3,adam
100,0.0023465785197913647,0.0032572177525278284,100,100,1,mean_squared_error,8,adam
100,0.002311379706952721,0.0032413701764903123,100,100,1,mean_squared_error,16,adam
100,0.0023843751405365765,0.0032629247531318164,100,100,1,mean_squared_error,32,adam
100,0.0023055600468069315,0.003246993443842296,100,100,1,mean_squared_error,64,adam
100,0.0023251474485732615,0.003237408924880519,100,100,1,mean_squared_error,128,adam
