round_epochs,val_loss,loss,batch_sizes,epochs,layers,losses,nodes,optimizers
100,0.011428149417042732,0.011710783207607,100,100,1,mean_squared_error,1,adam
100,0.0030332423048093915,0.003876364612508388,100,100,1,mean_squared_error,2,adam
100,0.003208790672942996,0.0039876421801465795,100,100,1,mean_squared_error,3,adam
100,0.0020618319394998252,0.003291136481306681,100,100,1,mean_squared_error,8,adam
100,0.0020959055982530117,0.003297935431370311,100,100,1,mean_squared_error,16,adam
100,0.0020687453215941787,0.003298443660693229,100,100,1,mean_squared_error,32,adam
100,0.0020504010608419776,0.003300233574859555,100,100,1,mean_squared_error,64,adam
100,0.002051881980150938,0.0032870128842999685,100,100,1,mean_squared_error,128,adam
