round_epochs,val_loss,loss,batch_sizes,epochs,layers,losses,nodes,optimizers
100,0.005197676131501794,0.0037168229295216257,100,100,1,mean_squared_error,1,adam
100,0.018064774572849274,0.009656403854461317,100,100,1,mean_squared_error,2,adam
100,0.003073741914704442,0.003042382257873832,100,100,1,mean_squared_error,3,adam
100,0.002999182906933129,0.0030454583078001938,100,100,1,mean_squared_error,8,adam
100,0.0030008251778781414,0.0030510690352671724,100,100,1,mean_squared_error,16,adam
100,0.002979250391945243,0.003051873109767909,100,100,1,mean_squared_error,32,adam
100,0.0029943750705569983,0.0030495395684348686,100,100,1,mean_squared_error,64,adam
100,0.002979952492751181,0.0030471413346114837,100,100,1,mean_squared_error,128,adam
