round_epochs,val_loss,loss,batch_sizes,epochs,layers,losses,nodes,optimizers
100,0.005282081663608551,0.012566608143386835,100,100,1,mean_squared_error,1,adam
100,0.005162876099348068,0.012326960486913086,100,100,1,mean_squared_error,2,adam
100,0.002505890792235732,0.005849049058404371,100,100,1,mean_squared_error,3,adam
100,0.0014637216227129102,0.0034423635071633677,100,100,1,mean_squared_error,8,adam
100,0.0014712029951624572,0.003438732540701752,100,100,1,mean_squared_error,16,adam
100,0.001458415004890412,0.003438337433518361,100,100,1,mean_squared_error,32,adam
100,0.0014682544278912246,0.0034253255631611274,100,100,1,mean_squared_error,64,adam
100,0.0014577367692254484,0.0034329893112994897,100,100,1,mean_squared_error,128,adam
