round_epochs,val_loss,loss,batch_sizes,epochs,layers,losses,nodes,optimizers
100,0.004298337269574404,0.0027649968939560247,100,100,1,mean_squared_error,1,adam
100,0.00398042774759233,0.00325738772094007,100,100,1,mean_squared_error,2,adam
100,0.004225136595778167,0.0032190876326670774,100,100,1,mean_squared_error,3,adam
100,0.004391341586597264,0.002747986304344969,100,100,1,mean_squared_error,8,adam
100,0.004377615870907903,0.0027449505034843483,100,100,1,mean_squared_error,16,adam
100,0.004305531736463308,0.002742655392628826,100,100,1,mean_squared_error,32,adam
100,0.004302292829379439,0.0027431590683328778,100,100,1,mean_squared_error,64,adam
100,0.004333266988396645,0.0027330964882472963,100,100,1,mean_squared_error,128,adam
