round_epochs,val_loss,loss,batch_sizes,epochs,layers,losses,nodes,optimizers
100,0.005339859519153833,0.003260751388486204,100,100,1,mean_squared_error,1,adam
100,0.004596192156895995,0.0026703151094640853,100,100,1,mean_squared_error,2,adam
100,0.004626222420483828,0.002703436828605868,100,100,1,mean_squared_error,3,adam
100,0.004433842492289841,0.002706241939230857,100,100,1,mean_squared_error,8,adam
100,0.004431404056958854,0.0027022955975352894,100,100,1,mean_squared_error,16,adam
100,0.004434211296029389,0.0026913015481159278,100,100,1,mean_squared_error,32,adam
100,0.0044463034719228745,0.002676064932816907,100,100,1,mean_squared_error,64,adam
100,0.004449943080544472,0.002685977005980965,100,100,1,mean_squared_error,128,adam
