round_epochs,val_loss,loss,batch_sizes,epochs,layers,losses,nodes,optimizers
100,0.002750285202637315,0.0037854850936428945,100,100,1,mean_squared_error,1,adam
100,0.002673626411706209,0.0031792417747484414,100,100,1,mean_squared_error,2,adam
100,0.00263818574603647,0.0031242793330217814,100,100,1,mean_squared_error,3,adam
100,0.002644333289936185,0.0031404165454199514,100,100,1,mean_squared_error,8,adam
100,0.0026455201441422105,0.003136276578493323,100,100,1,mean_squared_error,16,adam
100,0.0026408734265714884,0.003133809063840368,100,100,1,mean_squared_error,32,adam
100,0.0026489626616239548,0.0031367480010261063,100,100,1,mean_squared_error,64,adam
100,0.002633119933307171,0.0031364872779715853,100,100,1,mean_squared_error,128,adam
