round_epochs,val_loss,loss,batch_sizes,epochs,layers,losses,nodes,optimizers
100,0.0031524922233074903,0.003245547690421791,100,100,1,mean_squared_error,1,adam
100,0.0030238801846280694,0.0034143149684694478,100,100,1,mean_squared_error,2,adam
100,0.0030947665218263865,0.0030336978496344094,100,100,1,mean_squared_error,3,adam
100,0.0031046526273712516,0.0030314520428559384,100,100,1,mean_squared_error,8,adam
100,0.0030913916416466236,0.0030337809366209056,100,100,1,mean_squared_error,16,adam
100,0.0030812221812084317,0.0030291013231146195,100,100,1,mean_squared_error,32,adam
100,0.003095174441114068,0.0030382034960517983,100,100,1,mean_squared_error,64,adam
100,0.00305469345767051,0.003038976320478701,100,100,1,mean_squared_error,128,adam
