round_epochs,val_loss,loss,batch_sizes,epochs,layers,losses,nodes,optimizers
100,0.00221143604721874,0.00397789162317557,100,100,1,mean_squared_error,1,adam
100,0.0047543724067509174,0.009433397439712271,100,100,1,mean_squared_error,2,adam
100,0.00224815565161407,0.003299097772711015,100,100,1,mean_squared_error,3,adam
100,0.002246893825940788,0.0032535249199298092,100,100,1,mean_squared_error,8,adam
100,0.002227961318567395,0.003238359804645666,100,100,1,mean_squared_error,16,adam
100,0.0022353484528139234,0.003249895337614275,100,100,1,mean_squared_error,32,adam
100,0.0022245373111218214,0.003257740271466791,100,100,1,mean_squared_error,64,adam
100,0.0022809056099504232,0.0032609199059375547,100,100,1,mean_squared_error,128,adam
