round_epochs,val_loss,loss,batch_sizes,epochs,layers,losses,nodes,optimizers
100,0.0050987552385777235,0.003346288460598591,100,100,1,mean_squared_error,1,adam
100,0.004214593907818198,0.0029680830891008364,100,100,1,mean_squared_error,2,adam
100,0.003901356481947005,0.002870738203754009,100,100,1,mean_squared_error,3,adam
100,0.0036442142445594072,0.0029050736456997413,100,100,1,mean_squared_error,8,adam
100,0.0036466289311647415,0.0029161710573364992,100,100,1,mean_squared_error,16,adam
100,0.0037365994649007916,0.0029017200838204913,100,100,1,mean_squared_error,32,adam
100,0.0036629915703088045,0.002888447349193158,100,100,1,mean_squared_error,64,adam
100,0.0037080234615132213,0.0028861245860516056,100,100,1,mean_squared_error,128,adam
