round_epochs,val_loss,loss,batch_sizes,epochs,layers,losses,nodes,optimizers
100,0.0024683368974365294,0.003555193476619334,100,100,1,mean_squared_error,1,adam
100,0.003212115785572678,0.004242983939042105,100,100,1,mean_squared_error,2,adam
100,0.0022642113617621362,0.0034311771256274972,100,100,1,mean_squared_error,3,adam
100,0.0020646460470743477,0.0033064784988630237,100,100,1,mean_squared_error,8,adam
100,0.002052309748250991,0.0032987683336892374,100,100,1,mean_squared_error,16,adam
100,0.002035505254752934,0.003290121986257627,100,100,1,mean_squared_error,32,adam
100,0.0020494021591730416,0.0032839620139281777,100,100,1,mean_squared_error,64,adam
100,0.0020436057238839567,0.0032841573069035484,100,100,1,mean_squared_error,128,adam
