round_epochs,val_loss,loss,batch_sizes,epochs,layers,losses,nodes,optimizers
100,0.0033092182711698115,0.003272656688611385,100,100,1,mean_squared_error,1,adam
100,0.0033470626804046333,0.0029484109309989783,100,100,1,mean_squared_error,2,adam
100,0.0034035639837384224,0.00296247613127285,100,100,1,mean_squared_error,3,adam
100,0.003378920955583453,0.0029494936921094592,100,100,1,mean_squared_error,8,adam
100,0.0033933953382074833,0.002955106944242553,100,100,1,mean_squared_error,16,adam
100,0.003382641647476703,0.0029557185349075644,100,100,1,mean_squared_error,32,adam
100,0.0033770367735996842,0.0029790027943535483,100,100,1,mean_squared_error,64,adam
100,0.0033637096639722586,0.002954775358393863,100,100,1,mean_squared_error,128,adam
