round_epochs,val_loss,loss,batch_sizes,epochs,layers,losses,nodes,optimizers
100,0.010484320810064673,0.01430824788796125,100,100,1,mean_squared_error,1,adam
100,0.0027060151332989335,0.004181901831821746,100,100,1,mean_squared_error,2,adam
100,0.0026089312159456313,0.0031535193542331307,100,100,1,mean_squared_error,3,adam
100,0.0027722479426302016,0.0031447205820907477,100,100,1,mean_squared_error,8,adam
100,0.002759254421107471,0.0031406214906551633,100,100,1,mean_squared_error,16,adam
100,0.002771834551822394,0.003156882706086588,100,100,1,mean_squared_error,32,adam
100,0.002763940254226327,0.0031344930184444876,100,100,1,mean_squared_error,64,adam
100,0.0027503909077495337,0.0031420314120814987,100,100,1,mean_squared_error,128,adam
