round_epochs,val_loss,loss,batch_sizes,epochs,layers,losses,nodes,optimizers
100,0.015391245479672098,0.018959964686377565,100,100,1,mean_squared_error,128,adam
250,0.015357985853886784,0.018810285554833748,100,250,1,mean_squared_error,128,adam
500,0.016877140129106728,0.01782472384859569,100,500,1,mean_squared_error,128,adam
750,0.017519823317626613,0.017153096586540715,100,750,1,mean_squared_error,128,adam
1000,0.016269001183123445,0.01686752097091483,100,1000,1,mean_squared_error,128,adam
