round_epochs,val_loss,loss,batch_sizes,epochs,layers,losses,nodes,optimizers
100,0.015786504335514265,0.01891371517924208,100,100,1,mean_squared_error,128,adam
250,0.01597348911378851,0.01849146133953303,100,250,1,mean_squared_error,128,adam
500,0.01703826870638222,0.01774347382574225,100,500,1,mean_squared_error,128,adam
750,0.017254948522427573,0.017458104982447983,100,750,1,mean_squared_error,128,adam
1000,0.017106989960200224,0.017196445463777486,100,1000,1,mean_squared_error,128,adam
