round_epochs,val_loss,loss,batch_sizes,epochs,layers,losses,nodes,optimizers
100,0.02039835954918035,0.01769986827787592,100,100,1,mean_squared_error,128,adam
250,0.02034564622813583,0.017598957946552102,100,250,1,mean_squared_error,128,adam
500,0.02078744605763923,0.016703557522602417,100,500,1,mean_squared_error,128,adam
750,0.021107380910210274,0.01639226740740951,100,750,1,mean_squared_error,128,adam
1000,0.022160402503819322,0.015584341208239896,100,1000,1,mean_squared_error,128,adam
