round_epochs,val_loss,loss,batch_sizes,epochs,layers,losses,nodes,optimizers
100,0.01707125315676682,0.018576001219601186,100,100,1,mean_squared_error,128,adam
250,0.016994814430574077,0.018435039637076794,100,250,1,mean_squared_error,128,adam
500,0.01690959895787826,0.017812779510215898,100,500,1,mean_squared_error,128,adam
750,0.01722956818046432,0.01718652934472465,100,750,1,mean_squared_error,128,adam
1000,0.017201601354470804,0.016760485593098493,100,1000,1,mean_squared_error,128,adam
