round_epochs,val_loss,loss,batch_sizes,epochs,layers,losses,nodes,optimizers
100,0.021098256869307115,0.01766591583701534,100,100,1,mean_squared_error,128,adam
250,0.020497627125762814,0.01755601221966983,100,250,1,mean_squared_error,128,adam
500,0.019668052085305577,0.017144000883115896,100,500,1,mean_squared_error,128,adam
750,0.019579943999573215,0.01678782428179554,100,750,1,mean_squared_error,128,adam
1000,0.02000475906060269,0.01661697128815717,100,1000,1,mean_squared_error,128,adam
