round_epochs,val_loss,loss,batch_sizes,epochs,layers,losses,nodes,optimizers
100,0.01986908582249778,0.017936898704299976,100,100,1,mean_squared_error,128,adam
250,0.01939671318135669,0.017788960097647792,100,250,1,mean_squared_error,128,adam
500,0.019751374679968584,0.016961774072754923,100,500,1,mean_squared_error,128,adam
750,0.019873089395725546,0.016696240883975772,100,750,1,mean_squared_error,128,adam
1000,0.019882515737384407,0.016470868496140045,100,1000,1,mean_squared_error,128,adam
