round_epochs,val_loss,loss,batch_sizes,epochs,layers,losses,nodes,optimizers
100,0.020773997361860683,0.017657702840190737,100,100,1,mean_squared_error,128,adam
250,0.020949467511183054,0.017654496965808186,100,250,1,mean_squared_error,128,adam
500,0.020573648376081458,0.016958825482083623,100,500,1,mean_squared_error,128,adam
750,0.020261384434436435,0.016454266749284973,100,750,1,mean_squared_error,128,adam
1000,0.020606265183369717,0.015944889264565016,100,1000,1,mean_squared_error,128,adam
