round_epochs,val_loss,loss,batch_sizes,epochs,layers,losses,nodes,optimizers
100,0.02056666347549189,0.017860605924310696,100,100,1,mean_squared_error,128,adam
250,0.020435774006211577,0.0177046524023815,100,250,1,mean_squared_error,128,adam
500,0.019783324407572724,0.01718957467126337,100,500,1,mean_squared_error,128,adam
750,0.022441221822296555,0.016068682313227473,100,750,1,mean_squared_error,128,adam
1000,0.02157544222047281,0.015859661132434207,100,1000,1,mean_squared_error,128,adam
