round_epochs,val_loss,loss,batch_sizes,epochs,layers,losses,nodes,optimizers
100,0.020316969668820274,0.01779001274955782,100,100,1,mean_squared_error,128,adam
250,0.020088396816696955,0.017549637901648204,100,250,1,mean_squared_error,128,adam
500,0.019901998846524924,0.017269935140657666,100,500,1,mean_squared_error,128,adam
750,0.019952913793037885,0.017011026369791533,100,750,1,mean_squared_error,128,adam
1000,0.020179222773142796,0.016417688648005826,100,1000,1,mean_squared_error,128,adam
