round_epochs,val_loss,loss,batch_sizes,epochs,layers,losses,nodes,optimizers
100,0.015460412579602631,0.018994612301039937,100,100,1,mean_squared_error,128,adam
250,0.015967586737631552,0.0187069664348909,100,250,1,mean_squared_error,128,adam
500,0.017055590931869032,0.017902641215516095,100,500,1,mean_squared_error,128,adam
750,0.01869649136785287,0.017155114692359714,100,750,1,mean_squared_error,128,adam
1000,0.019037762507047487,0.016736134671461043,100,1000,1,mean_squared_error,128,adam
