round_epochs,val_loss,loss,batch_sizes,epochs,layers,losses,nodes,optimizers
100,0.01983327824790873,0.017915072799402864,100,100,1,mean_squared_error,128,adam
250,0.019729777374983434,0.017667153873597855,100,250,1,mean_squared_error,128,adam
500,0.019770385154602516,0.01710927217318934,100,500,1,mean_squared_error,128,adam
750,0.0193998464780986,0.01624856984252157,100,750,1,mean_squared_error,128,adam
1000,0.019654682317945225,0.01581842511255837,100,1000,1,mean_squared_error,128,adam
