round_epochs,val_loss,loss,batch_sizes,epochs,layers,losses,nodes,optimizers
100,0.019534452663893677,0.01808979130588734,100,100,1,mean_squared_error,128,adam
250,0.01936878259270335,0.017873284968561564,100,250,1,mean_squared_error,128,adam
500,0.019276165482985913,0.01709425588367722,100,500,1,mean_squared_error,128,adam
750,0.02069390900245863,0.01650008830199739,100,750,1,mean_squared_error,128,adam
1000,0.02110635290792839,0.01595688081959534,100,1000,1,mean_squared_error,128,adam
