round_epochs,val_loss,loss,batch_sizes,epochs,layers,losses,nodes,optimizers
100,0.019749133393692612,0.017924341190625075,100,100,1,mean_squared_error,128,adam
250,0.02006537635721753,0.017698166648571816,100,250,1,mean_squared_error,128,adam
500,0.019415402579023012,0.01716745153406457,100,500,1,mean_squared_error,128,adam
750,0.01940567374940793,0.01696298085153103,100,750,1,mean_squared_error,128,adam
1000,0.020932984992337585,0.016336017835829126,100,1000,1,mean_squared_error,128,adam
