round_epochs,val_loss,loss,batch_sizes,epochs,layers,losses,nodes,optimizers
100,0.015435798365117317,0.018892380263862297,100,100,1,mean_squared_error,128,adam
250,0.01570671390573583,0.01876052568699397,100,250,1,mean_squared_error,128,adam
500,0.01648955525427907,0.01779878579885067,100,500,1,mean_squared_error,128,adam
750,0.017809416855399933,0.017483373771622852,100,750,1,mean_squared_error,128,adam
1000,0.019909897800441362,0.017059644599955286,100,1000,1,mean_squared_error,128,adam
