round_epochs,val_loss,loss,batch_sizes,epochs,layers,losses,nodes,optimizers
100,0.017902298872569698,0.01835011154993545,100,100,1,mean_squared_error,128,adam
250,0.01772283630249039,0.01818390477486142,100,250,1,mean_squared_error,128,adam
500,0.01727872235634968,0.01789058847867664,100,500,1,mean_squared_error,128,adam
750,0.017202681454656713,0.0175494891193569,100,750,1,mean_squared_error,128,adam
1000,0.017069189640782287,0.017367001379554596,100,1000,1,mean_squared_error,128,adam
