round_epochs,val_loss,loss,batch_sizes,epochs,layers,losses,nodes,optimizers
100,0.013323609108788584,0.019580229901563582,100,100,1,mean_squared_error,128,adam
250,0.012885764030617985,0.01945904457015009,100,250,1,mean_squared_error,128,adam
500,0.012779144879112291,0.018784743649463857,100,500,1,mean_squared_error,128,adam
750,0.012569305089176001,0.0184252696373879,100,750,1,mean_squared_error,128,adam
1000,0.013619720673740808,0.01804951037837183,100,1000,1,mean_squared_error,128,adam
