round_epochs,val_loss,loss,batch_sizes,epochs,layers,losses,nodes,optimizers
100,0.021490994981260756,0.017488346313449307,100,100,1,mean_squared_error,128,adam
250,0.021386363304889383,0.01727787514296758,100,250,1,mean_squared_error,128,adam
500,0.02130778182541306,0.016977795329525244,100,500,1,mean_squared_error,128,adam
750,0.021470678726857033,0.016307121404825743,100,750,1,mean_squared_error,128,adam
1000,0.022011260693920915,0.016060169168453122,100,1000,1,mean_squared_error,128,adam
