round_epochs,val_loss,loss,batch_sizes,epochs,layers,losses,nodes,optimizers
100,0.018390697207133374,0.018296028604384642,100,100,1,mean_squared_error,128,adam
250,0.018134285869011328,0.018264949607227614,100,250,1,mean_squared_error,128,adam
500,0.017654656128368185,0.01767148920826277,100,500,1,mean_squared_error,128,adam
750,0.017726629270455947,0.01726157225237869,100,750,1,mean_squared_error,128,adam
1000,0.018209787469413413,0.016987101235731165,100,1000,1,mean_squared_error,128,adam
