round_epochs,val_loss,loss,batch_sizes,epochs,layers,losses,nodes,optimizers
100,0.02113805971478098,0.017571246756905287,100,100,1,mean_squared_error,128,adam
250,0.021045804772544745,0.017348995151456877,100,250,1,mean_squared_error,128,adam
500,0.021201852372094016,0.01693223560013663,100,500,1,mean_squared_error,128,adam
750,0.020920166867462234,0.01614068630596052,100,750,1,mean_squared_error,128,adam
1000,0.02136290859636949,0.015753466022860763,100,1000,1,mean_squared_error,128,adam
