round_epochs,val_loss,loss,batch_sizes,epochs,layers,losses,nodes,optimizers
100,0.019909459910350827,0.017924470134341536,100,100,1,mean_squared_error,128,adam
250,0.019857829577060202,0.01774210931181009,100,250,1,mean_squared_error,128,adam
500,0.020483469150623483,0.017011163035529343,100,500,1,mean_squared_error,128,adam
750,0.021463631900336275,0.01635876218858526,100,750,1,mean_squared_error,128,adam
1000,0.021806062166415268,0.015382325599653338,100,1000,1,mean_squared_error,128,adam
