round_epochs,val_loss,loss,batch_sizes,epochs,layers,losses,nodes,optimizers
100,0.018191030183479416,0.018372868534046502,100,100,1,mean_squared_error,128,adam
250,0.018441213987505617,0.01811233451168741,100,250,1,mean_squared_error,128,adam
500,0.0180705154604798,0.017499447505378244,100,500,1,mean_squared_error,128,adam
750,0.019450391773789672,0.01690963728250421,100,750,1,mean_squared_error,128,adam
1000,0.019746551809635894,0.01653424730926902,100,1000,1,mean_squared_error,128,adam
