round_epochs,val_loss,loss,batch_sizes,epochs,layers,losses,nodes,optimizers
100,0.020938197375467076,0.017563622969029538,100,100,1,mean_squared_error,128,adam
250,0.02094724664848354,0.017465712750639448,100,250,1,mean_squared_error,128,adam
500,0.02055008481982066,0.017213157345377022,100,500,1,mean_squared_error,128,adam
750,0.0200144627959884,0.01671814928814095,100,750,1,mean_squared_error,128,adam
1000,0.020214564733244667,0.016049770390305987,100,1000,1,mean_squared_error,128,adam
