round_epochs,val_loss,loss,batch_sizes,epochs,layers,losses,nodes,optimizers
100,0.002642317325808108,0.003142800440610314,100,100,1,mean_squared_error,128,adam
250,0.002658107434399426,0.0031166708302266316,100,250,1,mean_squared_error,128,adam
500,0.0026844781823456287,0.0031323643502800314,100,500,1,mean_squared_error,128,adam
750,0.002694547758437693,0.003112412913863484,100,750,1,mean_squared_error,128,adam
1000,0.002688460343051702,0.0031122793531031313,100,1000,1,mean_squared_error,128,adam
