round_epochs,val_loss,loss,batch_sizes,epochs,layers,losses,nodes,optimizers
100,0.0014322964707389474,0.003446589151682113,100,100,1,mean_squared_error,128,adam
250,0.00142231909558177,0.003468128740799177,100,250,1,mean_squared_error,128,adam
500,0.0014735230361111462,0.003462259783724645,100,500,1,mean_squared_error,128,adam
750,0.0014201162266544998,0.0034238544414123347,100,750,1,mean_squared_error,128,adam
1000,0.0014743144274689257,0.0034305945979454613,100,1000,1,mean_squared_error,128,adam
