round_epochs,val_loss,loss,batch_sizes,epochs,layers,losses,nodes,optimizers
100,0.0022336981492117047,0.0032406436786508387,100,100,1,mean_squared_error,128,adam
250,0.0022338220151141286,0.0032350794116926744,100,250,1,mean_squared_error,128,adam
500,0.002232421305961907,0.003220779707195485,100,500,1,mean_squared_error,128,adam
750,0.00226381653919816,0.0032829975126950736,100,750,1,mean_squared_error,128,adam
1000,0.0022463008062914014,0.0032295094298801026,100,1000,1,mean_squared_error,128,adam
