round_epochs,val_loss,loss,batch_sizes,epochs,layers,losses,nodes,optimizers
100,0.002982132718898356,0.003045475536392521,100,100,1,mean_squared_error,128,adam
250,0.0030459208646789193,0.0030677909997845055,100,250,1,mean_squared_error,128,adam
500,0.0030004960717633367,0.0030363056298700116,100,500,1,mean_squared_error,128,adam
750,0.0030246481765061617,0.003041166543755167,100,750,1,mean_squared_error,128,adam
1000,0.003050350584089756,0.0030469699493751753,100,1000,1,mean_squared_error,128,adam
