round_epochs,val_loss,loss,batch_sizes,epochs,layers,losses,nodes,optimizers
100,0.004517835448496044,0.0026888743919416106,100,100,1,mean_squared_error,128,adam
250,0.0045505779562518,0.002684158039043534,100,250,1,mean_squared_error,128,adam
500,0.004555412684567273,0.0026853380480869895,100,500,1,mean_squared_error,128,adam
750,0.004603423643857241,0.0026612079300845325,100,750,1,mean_squared_error,128,adam
1000,0.004606905858963728,0.0026614882511770666,100,1000,1,mean_squared_error,128,adam
