round_epochs,val_loss,loss,batch_sizes,epochs,layers,losses,nodes,optimizers
100,0.0057329824194312096,0.0024250605292991737,100,100,1,mean_squared_error,128,adam
250,0.005724314134567976,0.0024333261677010314,100,250,1,mean_squared_error,128,adam
500,0.005658648908138275,0.002438829714002877,100,500,1,mean_squared_error,128,adam
750,0.005764734698459506,0.0024338503284169768,100,750,1,mean_squared_error,128,adam
1000,0.005745012545958161,0.0024943249177579816,100,1000,1,mean_squared_error,128,adam
