round_epochs,val_loss,loss,batch_sizes,epochs,layers,losses,nodes,optimizers
100,0.0015410722699016333,0.0034414707621172034,100,100,1,mean_squared_error,128,adam
250,0.00151392153929919,0.003429355596385915,100,250,1,mean_squared_error,128,adam
500,0.0015143912169151008,0.003436136275954675,100,500,1,mean_squared_error,128,adam
750,0.001508220098912716,0.003426281165186885,100,750,1,mean_squared_error,128,adam
1000,0.001502919418271631,0.003424095585685513,100,1000,1,mean_squared_error,128,adam
