round_epochs,val_loss,loss,batch_sizes,epochs,layers,losses,nodes,optimizers
100,0.004897810984402895,0.0025696833845564072,100,100,1,mean_squared_error,128,adam
250,0.004951994866132736,0.002593971486028312,100,250,1,mean_squared_error,128,adam
500,0.004893623176030815,0.0025700852899277643,100,500,1,mean_squared_error,128,adam
750,0.00489927944727242,0.0025615085396019366,100,750,1,mean_squared_error,128,adam
1000,0.004881903878413141,0.0025660550901036067,100,1000,1,mean_squared_error,128,adam
