round_epochs,val_loss,loss,batch_sizes,epochs,layers,losses,nodes,optimizers
100,0.002021793043240905,0.003293008465357218,100,100,1,mean_squared_error,128,adam
250,0.002023698587436229,0.0032794927360658022,100,250,1,mean_squared_error,128,adam
500,0.002073235111311078,0.003296473993100506,100,500,1,mean_squared_error,128,adam
750,0.0020487443543970585,0.0032763308603293204,100,750,1,mean_squared_error,128,adam
1000,0.002047997491899878,0.003271505290894468,100,1000,1,mean_squared_error,128,adam
