round_epochs,val_loss,loss,batch_sizes,epochs,layers,losses,nodes,optimizers
100,0.0020260356832295656,0.0033043390367516225,100,100,1,mean_squared_error,128,adam
250,0.0020386751275509596,0.003294889633963935,100,250,1,mean_squared_error,128,adam
500,0.0020372197031974792,0.003294745230823195,100,500,1,mean_squared_error,128,adam
750,0.002017804654315114,0.0032756238131851595,100,750,1,mean_squared_error,128,adam
1000,0.0020257613505236804,0.0032863963674287077,100,1000,1,mean_squared_error,128,adam
