round_epochs,val_loss,loss,batch_sizes,epochs,layers,losses,nodes,optimizers
100,0.0020205301698297262,0.0033069938155157225,100,100,1,mean_squared_error,128,adam
250,0.002061888633761555,0.003290604249128423,100,250,1,mean_squared_error,128,adam
500,0.00203567958669737,0.003298815846604232,100,500,1,mean_squared_error,128,adam
750,0.0020423405803740025,0.0032792023872083667,100,750,1,mean_squared_error,128,adam
1000,0.0020234219264239073,0.003316799794349418,100,1000,1,mean_squared_error,128,adam
