round_epochs,val_loss,loss,batch_sizes,epochs,layers,losses,nodes,optimizers
100,0.0034738025860860944,0.00293272384442389,100,100,1,mean_squared_error,128,adam
250,0.0035797515884041786,0.0029416913446739202,100,250,1,mean_squared_error,128,adam
500,0.003589347586967051,0.0029334702977168382,100,500,1,mean_squared_error,128,adam
750,0.0036799166118726134,0.002950981218498527,100,750,1,mean_squared_error,128,adam
1000,0.0036477611865848303,0.002924667427405005,100,1000,1,mean_squared_error,128,adam
