round_epochs,val_loss,loss,batch_sizes,epochs,layers,losses,nodes,optimizers
100,0.003360830247402191,0.002958123328252917,100,100,1,mean_squared_error,128,adam
250,0.0033504937891848385,0.0029633032913112026,100,250,1,mean_squared_error,128,adam
500,0.003345060918945819,0.0029418808950769496,100,500,1,mean_squared_error,128,adam
750,0.0033379492233507335,0.002970831343241241,100,750,1,mean_squared_error,128,adam
1000,0.003339398419484496,0.0029487286199509797,100,1000,1,mean_squared_error,128,adam
