round_epochs,val_loss,loss,batch_sizes,epochs,layers,losses,nodes,optimizers
100,0.0018060934380628169,0.0033398608742445184,100,100,1,mean_squared_error,128,adam
250,0.0018200012273155153,0.0033671034927150807,100,250,1,mean_squared_error,128,adam
500,0.0018009744817391038,0.0033728449079056355,100,500,1,mean_squared_error,128,adam
750,0.0018106884672306478,0.0033323846927804305,100,750,1,mean_squared_error,128,adam
1000,0.0018141373875550926,0.0033391255081250777,100,1000,1,mean_squared_error,128,adam
