round_epochs,val_loss,loss,batch_sizes,epochs,layers,losses,nodes,optimizers
100,0.002631909679621458,0.0031374615189948478,100,100,1,mean_squared_error,128,adam
250,0.0026321127079427242,0.0031235629382232824,100,250,1,mean_squared_error,128,adam
500,0.002660075784660876,0.003134035389814386,100,500,1,mean_squared_error,128,adam
750,0.0026405754033476114,0.0031315275852482082,100,750,1,mean_squared_error,128,adam
1000,0.0026248160284012556,0.003117904764072582,100,1000,1,mean_squared_error,128,adam
