round_epochs,val_loss,loss,batch_sizes,epochs,layers,losses,nodes,optimizers
100,0.002661019330844283,0.0031319011973198457,100,100,1,mean_squared_error,128,adam
250,0.002660336554981768,0.0031565792699878976,100,250,1,mean_squared_error,128,adam
500,0.0026607668260112405,0.0031132770143215893,100,500,1,mean_squared_error,128,adam
750,0.0026622770819813013,0.0031178658011189677,100,750,1,mean_squared_error,128,adam
1000,0.002661669976077974,0.003117780656586483,100,1000,1,mean_squared_error,128,adam
