round_epochs,val_loss,loss,batch_sizes,epochs,layers,losses,nodes,optimizers
100,0.004353287513367832,0.002739359676326744,100,100,1,mean_squared_error,128,adam
250,0.004334388067945838,0.0027253019666056474,100,250,1,mean_squared_error,128,adam
500,0.0042597666615620255,0.002736963130379642,100,500,1,mean_squared_error,128,adam
750,0.004293400677852333,0.00272772142711448,100,750,1,mean_squared_error,128,adam
1000,0.0043017021380364895,0.0027227583695798273,100,1000,1,mean_squared_error,128,adam
