round_epochs,val_loss,loss,batch_sizes,epochs,layers,losses,nodes,optimizers
100,0.003761995816603303,0.0028640894326649813,100,100,1,mean_squared_error,128,adam
250,0.0037877829745411873,0.0028659289768129064,100,250,1,mean_squared_error,128,adam
500,0.003784956061281264,0.0028473249902682646,100,500,1,mean_squared_error,128,adam
750,0.003790759015828371,0.0028381619178211516,100,750,1,mean_squared_error,128,adam
1000,0.0037968085380271077,0.002834368224622201,100,1000,1,mean_squared_error,128,adam
