round_epochs,val_loss,loss,batch_sizes,epochs,layers,losses,nodes,optimizers
100,0.0023499407107010484,0.003204734541678843,100,100,1,mean_squared_error,128,adam
250,0.002348755137063563,0.00319275153914051,100,250,1,mean_squared_error,128,adam
500,0.002354776836000383,0.003208828002289124,100,500,1,mean_squared_error,128,adam
750,0.002356745768338442,0.003207712487917496,100,750,1,mean_squared_error,128,adam
1000,0.0023515165084972978,0.0031988616854204495,100,1000,1,mean_squared_error,128,adam
