round_epochs,val_loss,loss,batch_sizes,epochs,layers,losses,nodes,optimizers
100,0.0023012823658064008,0.0032365170306290375,100,100,1,mean_squared_error,128,adam
250,0.0022975951433181763,0.003217280574521064,100,250,1,mean_squared_error,128,adam
500,0.0023283479968085885,0.003238281356474212,100,500,1,mean_squared_error,128,adam
750,0.0023339150939136744,0.003215364282623979,100,750,1,mean_squared_error,128,adam
1000,0.002336447243578732,0.0032315595731381933,100,1000,1,mean_squared_error,128,adam
