round_epochs,val_loss,loss,batch_sizes,epochs,layers,losses,nodes,optimizers
100,0.0036809095181524754,0.002887394648035965,100,100,1,mean_squared_error,128,adam
250,0.003789357957430184,0.0028594088709135925,100,250,1,mean_squared_error,128,adam
500,0.003825753112323582,0.0028558481656210987,100,500,1,mean_squared_error,128,adam
750,0.0038760348688811064,0.0028776901425154214,100,750,1,mean_squared_error,128,adam
1000,0.003875356516800821,0.0028555358416940037,100,1000,1,mean_squared_error,128,adam
