round_epochs,val_loss,loss,batch_sizes,epochs,layers,losses,nodes,optimizers
100,0.001991091587115079,0.003298874802065822,100,100,1,mean_squared_error,128,adam
250,0.001984299102332443,0.003285671161244948,100,250,1,mean_squared_error,128,adam
500,0.002016914077103138,0.003306782533085548,100,500,1,mean_squared_error,128,adam
750,0.001984357018955052,0.0032921921666641545,100,750,1,mean_squared_error,128,adam
1000,0.0020142511930316687,0.003287900968648512,100,1000,1,mean_squared_error,128,adam
