round_epochs,val_loss,loss,batch_sizes,epochs,layers,losses,nodes,optimizers
100,0.0028766997857019305,0.0030948412549194125,100,100,1,mean_squared_error,128,adam
250,0.002870214986614883,0.003076357231300352,100,250,1,mean_squared_error,128,adam
500,0.0028677453519776464,0.003080963634449363,100,500,1,mean_squared_error,128,adam
750,0.00290093629155308,0.003110310285093081,100,750,1,mean_squared_error,128,adam
1000,0.002824163413606584,0.003075059119058787,100,1000,1,mean_squared_error,128,adam
