round_epochs,val_loss,loss,batch_sizes,epochs,layers,losses,nodes,optimizers
100,0.004499714937992394,0.002666511530882882,100,100,1,mean_squared_error,128,adam
250,0.004513690713793039,0.0026549305874774966,100,250,1,mean_squared_error,128,adam
500,0.004537506843917072,0.0026520500840726577,100,500,1,mean_squared_error,128,adam
750,0.004541153786703944,0.002648029671013262,100,750,1,mean_squared_error,128,adam
1000,0.004543912131339312,0.002647821192179146,100,1000,1,mean_squared_error,128,adam
