round_epochs,val_loss,loss,batch_sizes,epochs,layers,losses,nodes,optimizers
100,0.001620933337455344,0.0010708423503063092,100,100,1,mean_squared_error,128,adam
250,0.0013696659618436392,0.0010092254603726112,100,250,1,mean_squared_error,128,adam
500,0.0011492612930810331,0.0009797230938207264,100,500,1,mean_squared_error,128,adam
750,0.0010747123233524698,0.0010170594848177368,100,750,1,mean_squared_error,128,adam
1000,0.0019219330402006905,0.0008844195523639116,100,1000,1,mean_squared_error,128,adam
