round_epochs,val_loss,loss,batch_sizes,epochs,layers,losses,nodes,optimizers
100,0.0009975325673480457,0.0011134843498990504,100,100,1,mean_squared_error,128,adam
250,0.0011001621677491102,0.001023924437844232,100,250,1,mean_squared_error,128,adam
500,0.0013287140542188492,0.0009995837605645352,100,500,1,mean_squared_error,128,adam
750,0.002942323781729526,0.0009466970189194656,100,750,1,mean_squared_error,128,adam
1000,0.004879269019429146,0.0009097826452232013,100,1000,1,mean_squared_error,128,adam
