round_epochs,val_loss,loss,batch_sizes,epochs,layers,losses,nodes,optimizers
100,0.0009802774217297983,0.0010758386034109262,100,100,1,mean_squared_error,128,adam
250,0.0009860632673196082,0.000970418896729531,100,250,1,mean_squared_error,128,adam
500,0.0010009268617571037,0.0009381156618327063,100,500,1,mean_squared_error,128,adam
750,0.0010138866468215708,0.0009150701425640345,100,750,1,mean_squared_error,128,adam
1000,0.0010043565639009204,0.0009202662290360853,100,1000,1,mean_squared_error,128,adam
