round_epochs,val_loss,loss,batch_sizes,epochs,layers,losses,nodes,optimizers
100,0.006005213245510793,0.0010567550111451479,100,100,1,mean_squared_error,128,adam
250,0.00786341551747454,0.001019916769798852,100,250,1,mean_squared_error,128,adam
500,0.0065032144360262995,0.0010219985909343725,100,500,1,mean_squared_error,128,adam
750,0.0038728414421629665,0.0009305111146967087,100,750,1,mean_squared_error,128,adam
1000,0.004770078073283798,0.0008541678651435903,100,1000,1,mean_squared_error,128,adam
