round_epochs,val_loss,loss,batch_sizes,epochs,layers,losses,nodes,optimizers
100,0.0031743255659151615,0.0011555378262372218,100,100,1,mean_squared_error,128,adam
250,0.0031477895602771084,0.0008126579040151109,100,250,1,mean_squared_error,128,adam
500,0.003027498870666827,0.0007536230932049821,100,500,1,mean_squared_error,128,adam
750,0.0027750151977177016,0.0007226823514116918,100,750,1,mean_squared_error,128,adam
1000,0.0024666742821827757,0.0007013805873363956,100,1000,1,mean_squared_error,128,adam
