round_epochs,val_loss,loss,batch_sizes,epochs,layers,losses,nodes,optimizers
100,0.003153254197273946,0.0008136163570187902,100,100,1,mean_squared_error,128,adam
250,0.004384549856466714,0.0007532696453372318,100,250,1,mean_squared_error,128,adam
500,0.004663626352165961,0.0006557470520475005,100,500,1,mean_squared_error,128,adam
750,0.005425938201515968,0.0006208986349961241,100,750,1,mean_squared_error,128,adam
1000,0.004640119592542175,0.0005903011710457081,100,1000,1,mean_squared_error,128,adam
