round_epochs,val_loss,loss,batch_sizes,epochs,layers,losses,nodes,optimizers
100,0.0014526079053143461,0.0011317941909620652,100,100,1,mean_squared_error,128,adam
250,0.0015946019607029818,0.0009865664948728124,100,250,1,mean_squared_error,128,adam
500,0.002060278462586531,0.0009126799521971296,100,500,1,mean_squared_error,128,adam
750,0.0041259936725103,0.0007809557135609646,100,750,1,mean_squared_error,128,adam
1000,0.0063010735528534235,0.0007061383981966752,100,1000,1,mean_squared_error,128,adam
