round_epochs,val_loss,loss,batch_sizes,epochs,layers,losses,nodes,optimizers
100,0.003622264760410666,0.0006280495540293008,100,100,1,mean_squared_error,128,adam
250,0.003891709382322865,0.0005833932124060635,100,250,1,mean_squared_error,128,adam
500,0.00420176789127103,0.000543666165380861,100,500,1,mean_squared_error,128,adam
750,0.004253492889523356,0.00049430267178898,100,750,1,mean_squared_error,128,adam
1000,0.003943711222060511,0.0004663726609909314,100,1000,1,mean_squared_error,128,adam
