round_epochs,val_loss,loss,batch_sizes,epochs,layers,losses,nodes,optimizers
100,0.003744844984890303,0.0009379156302872955,100,100,1,mean_squared_error,128,adam
250,0.0034159512420526552,0.000828145957987572,100,250,1,mean_squared_error,128,adam
500,0.004187859957522933,0.0008168171058941605,100,500,1,mean_squared_error,128,adam
750,0.008041848938668793,0.0007404756027546058,100,750,1,mean_squared_error,128,adam
1000,0.008036385266924623,0.0007047825310652078,100,1000,1,mean_squared_error,128,adam
