round_epochs,val_loss,loss,batch_sizes,epochs,layers,losses,nodes,optimizers
100,0.0005953183784336788,0.0011857392483495524,100,100,1,mean_squared_error,128,adam
250,0.0007865888162530098,0.0011130921788704159,100,250,1,mean_squared_error,128,adam
500,0.0014178856807157173,0.0011281362508224898,100,500,1,mean_squared_error,128,adam
750,0.0016613471106481012,0.0010720008423885875,100,750,1,mean_squared_error,128,adam
1000,0.002159839417041284,0.0010496102891700116,100,1000,1,mean_squared_error,128,adam
