round_epochs,val_loss,loss,batch_sizes,epochs,layers,losses,nodes,optimizers
100,0.006793838950741601,0.0011928963589286808,100,100,1,mean_squared_error,128,adam
250,0.007159423796330162,0.0011557283457909531,100,250,1,mean_squared_error,128,adam
500,0.004445387917920601,0.0011331216386440586,100,500,1,mean_squared_error,128,adam
750,0.005098189269622493,0.0010761930532294862,100,750,1,mean_squared_error,128,adam
1000,0.0043124450748287906,0.0008887445728760213,100,1000,1,mean_squared_error,128,adam
