round_epochs,val_loss,loss,batch_sizes,epochs,layers,losses,nodes,optimizers
100,0.003381502114343995,0.0010484998835976274,100,100,1,mean_squared_error,128,adam
250,0.002209877285839587,0.000952389297258424,100,250,1,mean_squared_error,128,adam
500,0.007524302946497223,0.0008312756168618422,100,500,1,mean_squared_error,128,adam
750,0.021854280901899628,0.0007060876797744769,100,750,1,mean_squared_error,128,adam
1000,0.017934371783379373,0.0006431204907277439,100,1000,1,mean_squared_error,128,adam
