round_epochs,val_loss,loss,batch_sizes,epochs,layers,losses,nodes,optimizers
100,0.00016927339179598113,0.0012727962065849105,100,100,1,mean_squared_error,128,adam
250,0.00018218385881098483,0.001157511056608384,100,250,1,mean_squared_error,128,adam
500,0.00018831935679614918,0.0011428370062000768,100,500,1,mean_squared_error,128,adam
750,0.00026104051061676597,0.0011191184815040535,100,750,1,mean_squared_error,128,adam
1000,0.0002246831167002569,0.001065940399418439,100,1000,1,mean_squared_error,128,adam
