round_epochs,val_loss,loss,batch_sizes,epochs,layers,losses,nodes,optimizers
100,0.00287552198030092,0.0013203293248550082,100,100,1,mean_squared_error,128,adam
250,0.0015483604493696037,0.0011167008757698256,100,250,1,mean_squared_error,128,adam
500,0.0013806272874909205,0.001069345262129156,100,500,1,mean_squared_error,128,adam
750,0.0012256370321496498,0.0010078677637420238,100,750,1,mean_squared_error,128,adam
1000,0.0010429392919768042,0.0009651163840170179,100,1000,1,mean_squared_error,128,adam
