round_epochs,val_loss,loss,batch_sizes,epochs,layers,losses,nodes,optimizers
100,0.0033924830223354113,0.0009081916394261314,100,100,1,mean_squared_error,128,adam
250,0.0033779178462903852,0.0006326237084012422,100,250,1,mean_squared_error,128,adam
500,0.006658043197576125,0.0005530736703399776,100,500,1,mean_squared_error,128,adam
750,0.011231171814303602,0.0005164154270349889,100,750,1,mean_squared_error,128,adam
1000,0.009807139569565878,0.000538602901662046,100,1000,1,mean_squared_error,128,adam
