round_epochs,val_loss,loss,batch_sizes,epochs,layers,losses,nodes,optimizers
100,0.0048894482997044846,0.0007106273655833751,100,100,1,mean_squared_error,128,adam
250,0.005034689899140866,0.0005651725833292467,100,250,1,mean_squared_error,128,adam
500,0.006093053947478982,0.0004953875542574826,100,500,1,mean_squared_error,128,adam
750,0.005748070446521643,0.0004930528080839936,100,750,1,mean_squared_error,128,adam
1000,0.005042212034795602,0.00047927349276671356,100,1000,1,mean_squared_error,128,adam
