round_epochs,val_loss,loss,batch_sizes,epochs,layers,losses,nodes,optimizers
100,0.0017411511838342528,0.0010580794672326495,100,100,1,mean_squared_error,128,adam
250,0.0014289057089352803,0.0009540185045522657,100,250,1,mean_squared_error,128,adam
500,0.0011423257174878263,0.0009195742449714953,100,500,1,mean_squared_error,128,adam
750,0.001164505811029081,0.0008995114660891234,100,750,1,mean_squared_error,128,adam
1000,0.0011521897497516705,0.0008558738193853353,100,1000,1,mean_squared_error,128,adam
