round_epochs,val_loss,loss,batch_sizes,epochs,layers,losses,nodes,optimizers
100,0.001260434979869488,0.0010983329480913741,100,100,1,mean_squared_error,128,adam
250,0.0009840798754234513,0.0010132136884923892,100,250,1,mean_squared_error,128,adam
500,0.0009891015440769652,0.000999746531967751,100,500,1,mean_squared_error,128,adam
750,0.0009680285045248808,0.0009967159768542971,100,750,1,mean_squared_error,128,adam
1000,0.001064891803289539,0.0009635075408791315,100,1000,1,mean_squared_error,128,adam
