round_epochs,val_loss,loss,batch_sizes,epochs,layers,losses,nodes,optimizers
100,0.003159738308399092,0.0010802499483829845,100,100,1,mean_squared_error,128,adam
250,0.0030836977872496763,0.000969713955286848,100,250,1,mean_squared_error,128,adam
500,0.004217151156392641,0.0008995983010420171,100,500,1,mean_squared_error,128,adam
750,0.010646628557549949,0.0006918224018517496,100,750,1,mean_squared_error,128,adam
1000,0.009666377935914239,0.000644135089062573,100,1000,1,mean_squared_error,128,adam
