round_epochs,val_loss,loss,batch_sizes,epochs,layers,losses,nodes,optimizers
100,0.008749270437275945,0.0007250965478085687,100,100,1,mean_squared_error,128,adam
250,0.009264893282261027,0.0006892421357645277,100,250,1,mean_squared_error,128,adam
500,0.008137053056577942,0.0006585445216750477,100,500,1,mean_squared_error,128,adam
750,0.014612116247190903,0.0004998396052726112,100,750,1,mean_squared_error,128,adam
1000,0.007653202094025349,0.00047862528479508724,100,1000,1,mean_squared_error,128,adam
