round_epochs,val_loss,loss,batch_sizes,epochs,layers,losses,nodes,optimizers
100,0.005244544371447746,0.0011565942631656953,100,100,1,mean_squared_error,128,adam
250,0.00232833022548321,0.0010985567174485009,100,250,1,mean_squared_error,128,adam
500,0.0025380308746861,0.0011110411181686106,100,500,1,mean_squared_error,128,adam
750,0.002705019512026566,0.0010532491472655568,100,750,1,mean_squared_error,128,adam
1000,0.004841822702624839,0.0010142250436609799,100,1000,1,mean_squared_error,128,adam
