round_epochs,val_loss,loss,batch_sizes,epochs,layers,losses,nodes,optimizers
100,0.0044425732936433995,0.0007864477933382126,100,100,1,mean_squared_error,128,adam
250,0.0037654966470462518,0.0006581264697712013,100,250,1,mean_squared_error,128,adam
500,0.010346921935359287,0.0005760068713124098,100,500,1,mean_squared_error,128,adam
750,0.012245223118020362,0.0005208108700709558,100,750,1,mean_squared_error,128,adam
1000,0.010696938780871168,0.000455463372951143,100,1000,1,mean_squared_error,128,adam
