round_epochs,val_loss,loss,batch_sizes,epochs,layers,losses,nodes,optimizers
100,0.0062775076682861876,0.0009437688257259487,100,100,1,mean_squared_error,128,adam
250,0.006383817632982142,0.0009359811519236173,100,250,1,mean_squared_error,128,adam
500,0.0056565241448244255,0.0008474329373013755,100,500,1,mean_squared_error,128,adam
750,0.008228658244537947,0.000800311913322234,100,750,1,mean_squared_error,128,adam
1000,0.013172485327451073,0.0007557991791117909,100,1000,1,mean_squared_error,128,adam
