round_epochs,val_loss,loss,batch_sizes,epochs,layers,losses,nodes,optimizers
100,0.004002463224638797,0.0011425701180482377,100,100,1,mean_squared_error,128,adam
250,0.004019906405059986,0.001118215967311919,100,250,1,mean_squared_error,128,adam
500,0.003152601116678523,0.001100012925547557,100,500,1,mean_squared_error,128,adam
750,0.003732443449026601,0.0010710431083083161,100,750,1,mean_squared_error,128,adam
1000,0.003528593879090107,0.0010550236686619676,100,1000,1,mean_squared_error,128,adam
