round_epochs,val_loss,loss,batch_sizes,epochs,layers,losses,nodes,optimizers
100,0.0010567242016398053,0.0010645576164067894,100,100,1,mean_squared_error,128,adam
250,0.0010575101018067796,0.0009549440871312688,100,250,1,mean_squared_error,128,adam
500,0.0010555618595865428,0.0009244379250572599,100,500,1,mean_squared_error,128,adam
750,0.0011187076648163736,0.0009183869674370266,100,750,1,mean_squared_error,128,adam
1000,0.0010961314084724377,0.0008670869792695157,100,1000,1,mean_squared_error,128,adam
