round_epochs,val_loss,loss,batch_sizes,epochs,layers,losses,nodes,optimizers
100,0.0043213784699936645,0.0009168457821060931,100,100,1,mean_squared_error,128,adam
250,0.003063086007286481,0.0008143145783429241,100,250,1,mean_squared_error,128,adam
500,0.002721741350646126,0.0007214359452564627,100,500,1,mean_squared_error,128,adam
750,0.0025592971954087555,0.0006758330646794139,100,750,1,mean_squared_error,128,adam
1000,0.0027812738818334105,0.000655940163312033,100,1000,1,mean_squared_error,128,adam
