round_epochs,val_loss,loss,batch_sizes,epochs,layers,losses,nodes,optimizers
100,0.004906113323551981,0.0007764001034001462,100,100,1,mean_squared_error,128,adam
250,0.004038262456666032,0.0006098669541780978,100,250,1,mean_squared_error,128,adam
500,0.004325533773920887,0.0005993934660871288,100,500,1,mean_squared_error,128,adam
750,0.0055954348564004035,0.0005652353613204652,100,750,1,mean_squared_error,128,adam
1000,0.007137329596090107,0.0005220467513330126,100,1000,1,mean_squared_error,128,adam
