round_epochs,val_loss,loss,batch_sizes,epochs,layers,losses,nodes,optimizers
100,0.00443584070308134,0.003590226796616737,100,100,1,mean_squared_error,1,adam
100,0.005679608788341284,0.004005721529810351,100,100,1,mean_squared_error,2,adam
100,0.0043142024660483,0.0035468091012998706,100,100,1,mean_squared_error,3,adam
100,0.0042060635751113296,0.0035587403900515205,100,100,1,mean_squared_error,8,adam
100,0.0041868228581734,0.003561547550636537,100,100,1,mean_squared_error,16,adam
100,0.00418602250283584,0.0035597454569183456,100,100,1,mean_squared_error,32,adam
100,0.004193374654278159,0.003568951594865038,100,100,1,mean_squared_error,64,adam
100,0.0041814695578068495,0.0035610103490704057,100,100,1,mean_squared_error,128,adam
