round_epochs,val_loss,loss,batch_sizes,epochs,layers,losses,nodes,optimizers
100,0.0026586202438920736,0.00397969501175892,100,100,1,mean_squared_error,1,adam
100,0.0028451853431761265,0.0045437811953214025,100,100,1,mean_squared_error,2,adam
100,0.0027336165658198297,0.003925859043783133,100,100,1,mean_squared_error,3,adam
100,0.002746062818914652,0.003925138110829457,100,100,1,mean_squared_error,8,adam
100,0.0027520048897713423,0.003916771062136276,100,100,1,mean_squared_error,16,adam
100,0.002752662287093699,0.003924094463224735,100,100,1,mean_squared_error,32,adam
100,0.002751690160948783,0.0039230778759093326,100,100,1,mean_squared_error,64,adam
100,0.0027460207347758114,0.003916364155574364,100,100,1,mean_squared_error,128,adam
