round_epochs,val_loss,loss,batch_sizes,epochs,layers,losses,nodes,optimizers
100,0.006682467996142805,0.003669273374919642,100,100,1,mean_squared_error,1,adam
100,0.006547705503180623,0.002977362883517654,100,100,1,mean_squared_error,2,adam
100,0.006522598909214139,0.0030522109295257876,100,100,1,mean_squared_error,3,adam
100,0.006537366774864495,0.0029610201796950925,100,100,1,mean_squared_error,8,adam
100,0.006535327876918018,0.0029651268308324027,100,100,1,mean_squared_error,16,adam
100,0.00653839367441833,0.002960777270227185,100,100,1,mean_squared_error,32,adam
100,0.006570263998582959,0.0029699790599594885,100,100,1,mean_squared_error,64,adam
100,0.00658005871810019,0.0029670958953412403,100,100,1,mean_squared_error,128,adam
