round_epochs,val_loss,loss,batch_sizes,epochs,layers,losses,nodes,optimizers
100,0.003654548665508628,0.0037165517816063307,100,100,1,mean_squared_error,1,adam
100,0.003655638312920928,0.0037337309569423845,100,100,1,mean_squared_error,2,adam
100,0.0036473108921200037,0.003693282636895514,100,100,1,mean_squared_error,3,adam
100,0.0036409813910722733,0.003687672972921889,100,100,1,mean_squared_error,8,adam
100,0.0036439343821257353,0.0036944044820432153,100,100,1,mean_squared_error,16,adam
100,0.003636829904280603,0.0036937260351384196,100,100,1,mean_squared_error,32,adam
100,0.00364165345672518,0.0036910790643703783,100,100,1,mean_squared_error,64,adam
100,0.003642610157839954,0.003690429707582956,100,100,1,mean_squared_error,128,adam
