round_epochs,val_loss,loss,batch_sizes,epochs,layers,losses,nodes,optimizers
100,0.0025460441247560084,0.003974365457637997,100,100,1,mean_squared_error,1,adam
100,0.0024661197094246745,0.004020752664480386,100,100,1,mean_squared_error,2,adam
100,0.0027296251500956714,0.003955579024359098,100,100,1,mean_squared_error,3,adam
100,0.002553469908889383,0.003966257540114634,100,100,1,mean_squared_error,8,adam
100,0.00257478398270905,0.003967011567989462,100,100,1,mean_squared_error,16,adam
100,0.002571173128671944,0.003966764087688392,100,100,1,mean_squared_error,32,adam
100,0.002533974009566009,0.003984473219706227,100,100,1,mean_squared_error,64,adam
100,0.002608803566545248,0.003957344429744851,100,100,1,mean_squared_error,128,adam
