round_epochs,val_loss,loss,batch_sizes,epochs,layers,losses,nodes,optimizers
100,0.004178538220003247,0.00419797600430196,100,100,1,mean_squared_error,1,adam
100,0.003930335340555757,0.0036374796030197976,100,100,1,mean_squared_error,2,adam
100,0.003908074228093028,0.003630330701496331,100,100,1,mean_squared_error,3,adam
100,0.003918854519724846,0.003622652116093906,100,100,1,mean_squared_error,8,adam
100,0.003915229521226138,0.0036199386211177497,100,100,1,mean_squared_error,16,adam
100,0.003917830064892769,0.003623255393129393,100,100,1,mean_squared_error,32,adam
100,0.003908265905920416,0.003614609541411145,100,100,1,mean_squared_error,64,adam
100,0.003910038969479501,0.003618472663365902,100,100,1,mean_squared_error,128,adam
