round_epochs,val_loss,loss,batch_sizes,epochs,layers,losses,nodes,optimizers
100,0.006030135555192828,0.0030917900253815533,100,100,1,mean_squared_error,1,adam
100,0.006170380860567093,0.0030788242785414134,100,100,1,mean_squared_error,2,adam
100,0.006171898217871785,0.003082094618345711,100,100,1,mean_squared_error,3,adam
100,0.006173442583531141,0.0030752837425681357,100,100,1,mean_squared_error,8,adam
100,0.006132365379016846,0.003079404584412232,100,100,1,mean_squared_error,16,adam
100,0.006142467842437327,0.003078733540529894,100,100,1,mean_squared_error,32,adam
100,0.006145631137769669,0.003080416156240461,100,100,1,mean_squared_error,64,adam
100,0.0061320061213336885,0.003094194712523455,100,100,1,mean_squared_error,128,adam
