round_epochs,val_loss,loss,batch_sizes,epochs,layers,losses,nodes,optimizers
100,0.004082602798007429,0.0036099584152301154,100,100,1,mean_squared_error,1,adam
100,0.004270647186785936,0.003582851283478651,100,100,1,mean_squared_error,2,adam
100,0.00411775684915483,0.003603886472140637,100,100,1,mean_squared_error,3,adam
100,0.004091778653673828,0.0036010445518078363,100,100,1,mean_squared_error,8,adam
100,0.004141920479014516,0.0035942752327989404,100,100,1,mean_squared_error,16,adam
100,0.004111281828954816,0.003595170673487106,100,100,1,mean_squared_error,32,adam
100,0.004129891283810139,0.003592628250388723,100,100,1,mean_squared_error,64,adam
100,0.004146311664953828,0.003601967643906729,100,100,1,mean_squared_error,128,adam
