round_epochs,val_loss,loss,batch_sizes,epochs,layers,losses,nodes,optimizers
100,0.002246240386739373,0.005480668086203791,100,100,1,mean_squared_error,1,adam
100,0.0016500040073879063,0.004317080062863074,100,100,1,mean_squared_error,2,adam
100,0.0016940113273449242,0.004186104907815282,100,100,1,mean_squared_error,3,adam
100,0.0016965721733868122,0.00418392636429257,100,100,1,mean_squared_error,8,adam
100,0.0016957457992248237,0.004180920112791721,100,100,1,mean_squared_error,16,adam
100,0.0016883380303625017,0.004181261531504474,100,100,1,mean_squared_error,32,adam
100,0.0017137553659267724,0.004179821100510787,100,100,1,mean_squared_error,64,adam
100,0.001673563034273684,0.0041907517423848606,100,100,1,mean_squared_error,128,adam
