round_epochs,val_loss,loss,batch_sizes,epochs,layers,losses,nodes,optimizers
100,0.008427809807471931,0.0025326294035541083,100,100,1,mean_squared_error,1,adam
100,0.00841029325965792,0.0025021399136161185,100,100,1,mean_squared_error,2,adam
100,0.008424285042565316,0.002489157849666021,100,100,1,mean_squared_error,3,adam
100,0.008420578669756651,0.0024916092946280478,100,100,1,mean_squared_error,8,adam
100,0.008460644516162574,0.0024912797184754396,100,100,1,mean_squared_error,16,adam
100,0.008413625066168606,0.002491800450045326,100,100,1,mean_squared_error,32,adam
100,0.008432452101260424,0.002491859326146095,100,100,1,mean_squared_error,64,adam
100,0.008448455075267702,0.0024888522967924935,100,100,1,mean_squared_error,128,adam
