round_epochs,val_loss,loss,batch_sizes,epochs,layers,losses,nodes,optimizers
100,0.0042503762524574995,0.0035670658160365165,100,100,1,mean_squared_error,1,adam
100,0.004251535516232252,0.0036036336212710743,100,100,1,mean_squared_error,2,adam
100,0.0041501191444695,0.0035797378023792255,100,100,1,mean_squared_error,3,adam
100,0.004175575450062752,0.00355848364583345,100,100,1,mean_squared_error,8,adam
100,0.004203404299914837,0.0035596455609015094,100,100,1,mean_squared_error,16,adam
100,0.004179054172709584,0.0035578894900405466,100,100,1,mean_squared_error,32,adam
100,0.004185018129646778,0.003560935199624838,100,100,1,mean_squared_error,64,adam
100,0.004211938939988613,0.0035663723880261706,100,100,1,mean_squared_error,128,adam
