round_epochs,val_loss,loss,batch_sizes,epochs,layers,losses,nodes,optimizers
100,0.0016237824456766248,0.004259301782503985,100,100,1,mean_squared_error,1,adam
100,0.0015663389349356294,0.004239634203404786,100,100,1,mean_squared_error,2,adam
100,0.0014421726809814572,0.004259268889777867,100,100,1,mean_squared_error,3,adam
100,0.0014575422392226756,0.004250748581334687,100,100,1,mean_squared_error,8,adam
100,0.0014413093449547887,0.004250408851665288,100,100,1,mean_squared_error,16,adam
100,0.0014476996148005128,0.004249244665477266,100,100,1,mean_squared_error,32,adam
100,0.001430619740858674,0.004249480341731531,100,100,1,mean_squared_error,64,adam
100,0.0014176731347106397,0.004248091143399552,100,100,1,mean_squared_error,128,adam
