round_epochs,val_loss,loss,batch_sizes,epochs,layers,losses,nodes,optimizers
100,0.003898184630088508,0.003675590719756925,100,100,1,mean_squared_error,1,adam
100,0.0038749080849811435,0.0036482240113063264,100,100,1,mean_squared_error,2,adam
100,0.0038578162202611566,0.003648865261035773,100,100,1,mean_squared_error,3,adam
100,0.003879592753946781,0.003629881321431551,100,100,1,mean_squared_error,8,adam
100,0.0038798694731667638,0.0036272833539280377,100,100,1,mean_squared_error,16,adam
100,0.003876867238432169,0.00362859150735582,100,100,1,mean_squared_error,32,adam
100,0.003882477874867618,0.0036310449342959955,100,100,1,mean_squared_error,64,adam
100,0.0038834052393212914,0.003635106624027056,100,100,1,mean_squared_error,128,adam
