round_epochs,val_loss,loss,batch_sizes,epochs,layers,losses,nodes,optimizers
100,0.0023019316140562296,0.0040525212594515695,100,100,1,mean_squared_error,1,adam
100,0.002263914328068495,0.004200090786656902,100,100,1,mean_squared_error,2,adam
100,0.002306573383975774,0.004032356946386005,100,100,1,mean_squared_error,3,adam
100,0.0023685776395723224,0.004010793116622905,100,100,1,mean_squared_error,8,adam
100,0.0023711661342531443,0.004008830899902547,100,100,1,mean_squared_error,16,adam
100,0.002370284462813288,0.004011400044547922,100,100,1,mean_squared_error,32,adam
100,0.0023804319789633155,0.004008704907305184,100,100,1,mean_squared_error,64,adam
100,0.002388045657426119,0.0040070325291405124,100,100,1,mean_squared_error,128,adam
