round_epochs,val_loss,loss,batch_sizes,epochs,layers,losses,nodes,optimizers
100,0.005726675037294626,0.0039295233808863995,100,100,1,mean_squared_error,1,adam
100,0.0053569418378174305,0.003274597548809659,100,100,1,mean_squared_error,2,adam
100,0.005373606691136956,0.003264597409059361,100,100,1,mean_squared_error,3,adam
100,0.005375293083488941,0.003256029467492885,100,100,1,mean_squared_error,8,adam
100,0.0053719880525022745,0.00325406614789053,100,100,1,mean_squared_error,16,adam
100,0.005380390910431743,0.003256484110463868,100,100,1,mean_squared_error,32,adam
100,0.005412788828834891,0.003267498780567115,100,100,1,mean_squared_error,64,adam
100,0.005349841667339206,0.0032596265241260965,100,100,1,mean_squared_error,128,adam
