round_epochs,val_loss,loss,batch_sizes,epochs,layers,losses,nodes,optimizers
100,0.0032871488365344703,0.004534003577477539,100,100,1,mean_squared_error,1,adam
100,0.0032722390023991466,0.004507979809336906,100,100,1,mean_squared_error,2,adam
100,0.003118990338407457,0.004145358627274595,100,100,1,mean_squared_error,3,adam
100,0.003103889466729015,0.0038302149069273754,100,100,1,mean_squared_error,8,adam
100,0.003103151742834598,0.003828417206939338,100,100,1,mean_squared_error,16,adam
100,0.0030957026756368577,0.003830163255578985,100,100,1,mean_squared_error,32,adam
100,0.003099196997936815,0.0038245095962420443,100,100,1,mean_squared_error,64,adam
100,0.0031349851051345468,0.0038426991544528526,100,100,1,mean_squared_error,128,adam
