round_epochs,val_loss,loss,batch_sizes,epochs,layers,losses,nodes,optimizers
100,0.0013799812877550721,0.004264971554129943,100,100,1,mean_squared_error,1,adam
100,0.0013485695817507803,0.0043079340013495665,100,100,1,mean_squared_error,2,adam
100,0.0013942631776444614,0.00426729291299344,100,100,1,mean_squared_error,3,adam
100,0.001396179257426411,0.004253178556568753,100,100,1,mean_squared_error,8,adam
100,0.0014013243489898741,0.004253835435419864,100,100,1,mean_squared_error,16,adam
100,0.0013944828533567488,0.0042542895578772276,100,100,1,mean_squared_error,32,adam
100,0.0013787695206701756,0.004261711306571213,100,100,1,mean_squared_error,64,adam
100,0.0014000328374095261,0.0042564281849494035,100,100,1,mean_squared_error,128,adam
