round_epochs,val_loss,loss,batch_sizes,epochs,layers,losses,nodes,optimizers
100,0.009416323620826006,0.0032005539814005594,100,100,1,mean_squared_error,1,adam
100,0.009622871642932296,0.0022182556465594914,100,100,1,mean_squared_error,2,adam
100,0.009716659551486373,0.002207069598805897,100,100,1,mean_squared_error,3,adam
100,0.009668215410783887,0.0022073840765623296,100,100,1,mean_squared_error,8,adam
100,0.009697903180494905,0.002204515439059053,100,100,1,mean_squared_error,16,adam
100,0.009680847870185971,0.0022019655014829417,100,100,1,mean_squared_error,32,adam
100,0.00968778901733458,0.0022033367762318754,100,100,1,mean_squared_error,64,adam
100,0.009677961003035307,0.0022022216607067257,100,100,1,mean_squared_error,128,adam
