round_epochs,val_loss,loss,batch_sizes,epochs,layers,losses,nodes,optimizers
100,0.002982413861900568,0.0039142958071773735,100,100,1,mean_squared_error,1,adam
100,0.0030500181019306183,0.0038666981441624706,100,100,1,mean_squared_error,2,adam
100,0.002973562921397388,0.003949163431992619,100,100,1,mean_squared_error,3,adam
100,0.0030751037411391735,0.0038399005934297292,100,100,1,mean_squared_error,8,adam
100,0.003087422694079578,0.003834162327579986,100,100,1,mean_squared_error,16,adam
100,0.0030775124905630946,0.0038322811330059416,100,100,1,mean_squared_error,32,adam
100,0.0030748648568987846,0.0038283537591301034,100,100,1,mean_squared_error,64,adam
100,0.0030769435688853264,0.003836168277948012,100,100,1,mean_squared_error,128,adam
