round_epochs,val_loss,loss,batch_sizes,epochs,layers,losses,nodes,optimizers
100,0.002128343970980495,0.004091449041925557,100,100,1,mean_squared_error,1,adam
100,0.002413313020952046,0.004426711371966771,100,100,1,mean_squared_error,2,adam
100,0.002138909068889916,0.004066839872831409,100,100,1,mean_squared_error,3,adam
100,0.0021493391250260174,0.004065102361898897,100,100,1,mean_squared_error,8,adam
100,0.002133215544745326,0.004065680719053088,100,100,1,mean_squared_error,16,adam
100,0.002142203156836331,0.004067123464931895,100,100,1,mean_squared_error,32,adam
100,0.00213378801709041,0.0040657573448433385,100,100,1,mean_squared_error,64,adam
100,0.0021431336645036936,0.004073961375906765,100,100,1,mean_squared_error,128,adam
