round_epochs,val_loss,loss,batch_sizes,epochs,layers,losses,nodes,optimizers
100,0.00229944393504411,0.004069030914224572,100,100,1,mean_squared_error,1,adam
100,0.0021874814410693944,0.004071135359832593,100,100,1,mean_squared_error,2,adam
100,0.0022090215934440494,0.004062903529140435,100,100,1,mean_squared_error,3,adam
100,0.0021420791163109243,0.004067471357678673,100,100,1,mean_squared_error,8,adam
100,0.0021568082738667727,0.004074860414966268,100,100,1,mean_squared_error,16,adam
100,0.0021277930354699492,0.004069258749804793,100,100,1,mean_squared_error,32,adam
100,0.002143980236724019,0.0040659169359529455,100,100,1,mean_squared_error,64,adam
100,0.002124807331711054,0.004069920768144361,100,100,1,mean_squared_error,128,adam
