round_epochs,val_loss,loss,batch_sizes,epochs,layers,losses,nodes,optimizers
100,0.006746000377461314,0.0038011674179851936,100,100,1,mean_squared_error,1,adam
100,0.0061082139145582914,0.0031158678772810256,100,100,1,mean_squared_error,2,adam
100,0.006134335068054497,0.0031405333505434576,100,100,1,mean_squared_error,3,adam
100,0.006112145027145743,0.003078266291442633,100,100,1,mean_squared_error,8,adam
100,0.006112099741585553,0.0030724944407937295,100,100,1,mean_squared_error,16,adam
100,0.006123732659034431,0.0030864311704869593,100,100,1,mean_squared_error,32,adam
100,0.006130674970336258,0.0030657032855966114,100,100,1,mean_squared_error,64,adam
100,0.006106227403506637,0.0030854095536795327,100,100,1,mean_squared_error,128,adam
