round_epochs,val_loss,loss,batch_sizes,epochs,layers,losses,nodes,optimizers
100,0.0023068456212058663,0.004164293797028468,100,100,1,mean_squared_error,1,adam
100,0.002037624130025506,0.004103224655090456,100,100,1,mean_squared_error,2,adam
100,0.0020746263908222318,0.004096070173801037,100,100,1,mean_squared_error,3,adam
100,0.002069485024549067,0.004084592639587652,100,100,1,mean_squared_error,8,adam
100,0.0020659250440075994,0.004086623014415379,100,100,1,mean_squared_error,16,adam
100,0.0020644398173317313,0.0040860993724624465,100,100,1,mean_squared_error,32,adam
100,0.002061601378954947,0.0040876641268503475,100,100,1,mean_squared_error,64,adam
100,0.0020619751885533333,0.004085162019632514,100,100,1,mean_squared_error,128,adam
