round_epochs,val_loss,loss,batch_sizes,epochs,layers,losses,nodes,optimizers
100,0.0073302146047353745,0.00285327138162141,100,100,1,mean_squared_error,1,adam
100,0.007422501803375781,0.002763419046783283,100,100,1,mean_squared_error,2,adam
100,0.007442132686264813,0.002749148958168905,100,100,1,mean_squared_error,3,adam
100,0.007438981323502958,0.0027436523285127223,100,100,1,mean_squared_error,8,adam
100,0.007430696743540466,0.0027471949401215875,100,100,1,mean_squared_error,16,adam
100,0.007437583873979747,0.0027421346992805113,100,100,1,mean_squared_error,32,adam
100,0.007439407403580844,0.002744036143409896,100,100,1,mean_squared_error,64,adam
100,0.00744801398832351,0.002747921239559009,100,100,1,mean_squared_error,128,adam
