round_epochs,val_loss,loss,batch_sizes,epochs,layers,losses,nodes,optimizers
100,0.007059107068926096,0.003591774589379778,100,100,1,mean_squared_error,1,adam
100,0.006965876673348248,0.0028581625704926657,100,100,1,mean_squared_error,2,adam
100,0.006988679291680455,0.002856517558389887,100,100,1,mean_squared_error,3,adam
100,0.00696561171207577,0.00286172867232098,100,100,1,mean_squared_error,8,adam
100,0.006976955570280552,0.002856112499009435,100,100,1,mean_squared_error,16,adam
100,0.006977507378906012,0.0028558756799009957,100,100,1,mean_squared_error,32,adam
100,0.006982543156482279,0.0028539237474093687,100,100,1,mean_squared_error,64,adam
100,0.006979757570661604,0.0028609555287001875,100,100,1,mean_squared_error,128,adam
