round_epochs,val_loss,loss,batch_sizes,epochs,layers,losses,nodes,optimizers
100,0.0029345927760004997,0.004765766806419668,100,100,1,mean_squared_error,1,adam
100,0.0024609919637441635,0.004000935982445951,100,100,1,mean_squared_error,2,adam
100,0.0024589276872575283,0.003997990818936985,100,100,1,mean_squared_error,3,adam
100,0.002435040660202503,0.003990027104693472,100,100,1,mean_squared_error,8,adam
100,0.002427079249173403,0.003996347778600484,100,100,1,mean_squared_error,16,adam
100,0.002424521022476256,0.004003049718813602,100,100,1,mean_squared_error,32,adam
100,0.002427618543151766,0.003991594830443873,100,100,1,mean_squared_error,64,adam
100,0.0024436635430902243,0.00399945784222456,100,100,1,mean_squared_error,128,adam
