round_epochs,val_loss,loss,batch_sizes,epochs,layers,losses,nodes,optimizers
100,0.00258415041025728,0.004690980604957126,100,100,1,mean_squared_error,1,adam
100,0.002246419317089021,0.00404118337052265,100,100,1,mean_squared_error,2,adam
100,0.002243930706754327,0.004050905842516095,100,100,1,mean_squared_error,3,adam
100,0.00223420315887779,0.004043413582899815,100,100,1,mean_squared_error,8,adam
100,0.002228059573099017,0.004041003107086272,100,100,1,mean_squared_error,16,adam
100,0.0022421336034312844,0.004042204984704168,100,100,1,mean_squared_error,32,adam
100,0.00224532769061625,0.00403524722313429,100,100,1,mean_squared_error,64,adam
100,0.002239774097688496,0.004041686277710518,100,100,1,mean_squared_error,128,adam
