round_epochs,val_loss,loss,batch_sizes,epochs,layers,losses,nodes,optimizers
100,0.005053607746958733,0.004053164158543959,100,100,1,mean_squared_error,1,adam
100,0.004356531775556505,0.0035226099633081888,100,100,1,mean_squared_error,2,adam
100,0.00439438852481544,0.0035067082909087566,100,100,1,mean_squared_error,3,adam
100,0.004900869098491967,0.003980894997554894,100,100,1,mean_squared_error,8,adam
100,0.0044034929014742374,0.0035053155242575143,100,100,1,mean_squared_error,16,adam
100,0.004401570302434266,0.0034984807206089037,100,100,1,mean_squared_error,32,adam
100,0.004401419078931212,0.003503824146534491,100,100,1,mean_squared_error,64,adam
100,0.004397691925987601,0.0035047934029979588,100,100,1,mean_squared_error,128,adam
