round_epochs,val_loss,loss,batch_sizes,epochs,layers,losses,nodes,optimizers
100,0.003449604380875826,0.004321332466566847,100,100,1,mean_squared_error,1,adam
100,0.0032449422869831324,0.00379254694276473,100,100,1,mean_squared_error,2,adam
100,0.003251762711443007,0.0038820816685952116,100,100,1,mean_squared_error,3,adam
100,0.0032360017066821456,0.0037900523888297322,100,100,1,mean_squared_error,8,adam
100,0.003237225115299225,0.0037887009318199076,100,100,1,mean_squared_error,16,adam
100,0.0032368741231039166,0.0037875614452285503,100,100,1,mean_squared_error,32,adam
100,0.003232093178667128,0.0037882389126690967,100,100,1,mean_squared_error,64,adam
100,0.0032392521388828754,0.0037906311597105556,100,100,1,mean_squared_error,128,adam
