round_epochs,val_loss,loss,batch_sizes,epochs,layers,losses,nodes,optimizers
100,0.004333779448643327,0.003713298670102592,100,100,1,mean_squared_error,1,adam
100,0.0042944978922605515,0.0035446422953009232,100,100,1,mean_squared_error,2,adam
100,0.0042585155460983515,0.0035756004814940846,100,100,1,mean_squared_error,3,adam
100,0.0043142554350197315,0.003523363627056897,100,100,1,mean_squared_error,8,adam
100,0.004344185348600149,0.003534126291541677,100,100,1,mean_squared_error,16,adam
100,0.004300916683860123,0.003523927457971419,100,100,1,mean_squared_error,32,adam
100,0.004344548564404249,0.003526068381255581,100,100,1,mean_squared_error,64,adam
100,0.004295935854315758,0.003526158965797278,100,100,1,mean_squared_error,128,adam
