round_epochs,val_loss,loss,batch_sizes,epochs,layers,losses,nodes,optimizers
100,0.007750104763545096,0.003167551739682866,100,100,1,mean_squared_error,1,adam
100,0.007131886435672641,0.002826538315348626,100,100,1,mean_squared_error,2,adam
100,0.0071085316594690084,0.0028321548810877595,100,100,1,mean_squared_error,3,adam
100,0.007071490050293505,0.0028326180559305244,100,100,1,mean_squared_error,8,adam
100,0.007079846691340208,0.0028274412212057746,100,100,1,mean_squared_error,16,adam
100,0.007082424475811422,0.0028314262157058657,100,100,1,mean_squared_error,32,adam
100,0.00709788512904197,0.0028276703014671056,100,100,1,mean_squared_error,64,adam
100,0.007102711824700236,0.0028268396346724793,100,100,1,mean_squared_error,128,adam
