round_epochs,val_loss,loss,batch_sizes,epochs,layers,losses,nodes,optimizers
100,0.008977792924270034,0.0023786157610613786,100,100,1,mean_squared_error,1,adam
100,0.009190671145915985,0.0025221408119560557,100,100,1,mean_squared_error,2,adam
100,0.008988964837044477,0.0024016390526597213,100,100,1,mean_squared_error,3,adam
100,0.008961284533143044,0.0023623907233688768,100,100,1,mean_squared_error,8,adam
100,0.008966282475739717,0.002365004006635519,100,100,1,mean_squared_error,16,adam
100,0.008966798661276698,0.00236684664964844,100,100,1,mean_squared_error,32,adam
100,0.008930848678573966,0.002361287093571945,100,100,1,mean_squared_error,64,adam
100,0.008926284965127707,0.0023688213922489518,100,100,1,mean_squared_error,128,adam
