round_epochs,val_loss,loss,batch_sizes,epochs,layers,losses,nodes,optimizers
100,0.0014145892346277833,0.004274821327882527,100,100,1,mean_squared_error,1,adam
100,0.001370516314636916,0.0042942775243293395,100,100,1,mean_squared_error,2,adam
100,0.0013671687338501215,0.004265451403498126,100,100,1,mean_squared_error,3,adam
100,0.001364286756142974,0.004261645503612912,100,100,1,mean_squared_error,8,adam
100,0.001360920665320009,0.004265898607559222,100,100,1,mean_squared_error,16,adam
100,0.0013609720044769347,0.004259940387359015,100,100,1,mean_squared_error,32,adam
100,0.0013659680844284594,0.004257945311174058,100,100,1,mean_squared_error,64,adam
100,0.0013768477365374565,0.004259404388459441,100,100,1,mean_squared_error,128,adam
