round_epochs,val_loss,loss,batch_sizes,epochs,layers,losses,nodes,optimizers
100,0.0027444097213447094,0.004006345200826202,100,100,1,mean_squared_error,1,adam
100,0.00277119706152007,0.003915315646827594,100,100,1,mean_squared_error,2,adam
100,0.0027539836009964347,0.003951090942066919,100,100,1,mean_squared_error,3,adam
100,0.0027981335297226906,0.003904758491273269,100,100,1,mean_squared_error,8,adam
100,0.0028073039138689637,0.0038968331272711504,100,100,1,mean_squared_error,16,adam
100,0.002807636687066406,0.00389719501261443,100,100,1,mean_squared_error,32,adam
100,0.0028059257310815156,0.0038964008617175176,100,100,1,mean_squared_error,64,adam
100,0.002809102355968207,0.003908323199327167,100,100,1,mean_squared_error,128,adam
