round_epochs,val_loss,loss,batch_sizes,epochs,layers,losses,nodes,optimizers
100,0.0029604415176436305,0.004681298822015151,100,100,1,mean_squared_error,1,adam
100,0.002661018748767674,0.003951112194136158,100,100,1,mean_squared_error,2,adam
100,0.002664604573510587,0.003938337260469757,100,100,1,mean_squared_error,3,adam
100,0.0026595733943395317,0.003933625936480169,100,100,1,mean_squared_error,8,adam
100,0.0026531502371653914,0.003933886368934037,100,100,1,mean_squared_error,16,adam
100,0.002666857559233904,0.0039358368679708365,100,100,1,mean_squared_error,32,adam
100,0.0026551350601948798,0.003931053261737104,100,100,1,mean_squared_error,64,adam
100,0.0026605992461554706,0.003936061083588908,100,100,1,mean_squared_error,128,adam
