round_epochs,val_loss,loss,batch_sizes,epochs,layers,losses,nodes,optimizers
100,0.0014035784406587481,0.004328249074882807,100,100,1,mean_squared_error,1,adam
100,0.002134425158146769,0.004916704768655742,100,100,1,mean_squared_error,2,adam
100,0.001315946108661592,0.004286246769302956,100,100,1,mean_squared_error,3,adam
100,0.0013981542433612049,0.0042835445747825135,100,100,1,mean_squared_error,8,adam
100,0.0013015112490393221,0.004278593426476931,100,100,1,mean_squared_error,16,adam
100,0.001281261706026271,0.004285692466646993,100,100,1,mean_squared_error,32,adam
100,0.0012896224216092378,0.004279866905061337,100,100,1,mean_squared_error,64,adam
100,0.0012629646225832403,0.004291151963608493,100,100,1,mean_squared_error,128,adam
