round_epochs,val_loss,loss,batch_sizes,epochs,layers,losses,nodes,optimizers
100,0.00705687643494457,0.002848700283534059,100,100,1,mean_squared_error,1,adam
100,0.007097759982571006,0.002833495316863583,100,100,1,mean_squared_error,2,adam
100,0.007126941462047398,0.0028404028952602567,100,100,1,mean_squared_error,3,adam
100,0.007101542898453772,0.00283205006440826,100,100,1,mean_squared_error,8,adam
100,0.007104119169525802,0.00283273804015515,100,100,1,mean_squared_error,16,adam
100,0.0070854813093319535,0.0028310204642523723,100,100,1,mean_squared_error,32,adam
100,0.007102938136085868,0.0028252078554030498,100,100,1,mean_squared_error,64,adam
100,0.007092415471561253,0.002830905004761609,100,100,1,mean_squared_error,128,adam
