round_epochs,val_loss,loss,batch_sizes,epochs,layers,losses,nodes,optimizers
100,0.00309993966948241,0.0038668447183468437,100,100,1,mean_squared_error,1,adam
100,0.003086991608142853,0.0038334710037984643,100,100,1,mean_squared_error,2,adam
100,0.003082020441070199,0.003837905945559791,100,100,1,mean_squared_error,3,adam
100,0.003077478613704443,0.0038323835163426244,100,100,1,mean_squared_error,8,adam
100,0.00309947005007416,0.0038308541367488695,100,100,1,mean_squared_error,16,adam
100,0.0030968545470386744,0.003826812188605542,100,100,1,mean_squared_error,32,adam
100,0.00308313115965575,0.0038252219774837335,100,100,1,mean_squared_error,64,adam
100,0.003092964878305793,0.003831896412753521,100,100,1,mean_squared_error,128,adam
