round_epochs,val_loss,loss,batch_sizes,epochs,layers,losses,nodes,optimizers
100,0.0026726473869297224,0.0036056851938919133,100,100,1,mean_squared_error,128,adam
250,0.002559017663793498,0.0034557452229970137,100,250,1,mean_squared_error,128,adam
500,0.002832431605918773,0.0033747173357876626,100,500,1,mean_squared_error,128,adam
750,0.002891733539267326,0.0033632519329668737,100,750,1,mean_squared_error,128,adam
1000,0.0030606009625366434,0.003301635997641326,100,1000,1,mean_squared_error,128,adam
