round_epochs,val_loss,loss,batch_sizes,epochs,layers,losses,nodes,optimizers
100,0.0022932225791503437,0.003721172242757663,100,100,1,mean_squared_error,128,adam
250,0.0022970684020120146,0.003579856656449636,100,250,1,mean_squared_error,128,adam
500,0.0026032782988107983,0.003459919885797754,100,500,1,mean_squared_error,128,adam
750,0.003047704848755694,0.0033235566400403355,100,750,1,mean_squared_error,128,adam
1000,0.003931792090230401,0.003149528615644679,100,1000,1,mean_squared_error,128,adam
