round_epochs,val_loss,loss,batch_sizes,epochs,layers,losses,nodes,optimizers
100,0.008778998941819572,0.0022275456994884277,100,100,1,mean_squared_error,128,adam
250,0.008446071816411748,0.002082088634596398,100,250,1,mean_squared_error,128,adam
500,0.008572341733841441,0.002048033015245581,100,500,1,mean_squared_error,128,adam
750,0.011179233419161346,0.0019979195934884137,100,750,1,mean_squared_error,128,adam
1000,0.018785250733545675,0.0019659420674849283,100,1000,1,mean_squared_error,128,adam
