round_epochs,val_loss,loss,batch_sizes,epochs,layers,losses,nodes,optimizers
100,0.00288481219442346,0.003668827466881979,100,100,1,mean_squared_error,128,adam
250,0.002662292617284248,0.0034466254204305723,100,250,1,mean_squared_error,128,adam
500,0.0026572946676675546,0.0034384908916278924,100,500,1,mean_squared_error,128,adam
750,0.0026598316898110825,0.0033440865797397853,100,750,1,mean_squared_error,128,adam
1000,0.0029046884152907223,0.0032746180583109806,100,1000,1,mean_squared_error,128,adam
