round_epochs,val_loss,loss,batch_sizes,epochs,layers,losses,nodes,optimizers
100,0.0014654006516495392,0.0039051151866603398,100,100,1,mean_squared_error,128,adam
250,0.0015684416068334076,0.0037530789522678782,100,250,1,mean_squared_error,128,adam
500,0.001639966432346808,0.003688913261068601,100,500,1,mean_squared_error,128,adam
750,0.0016134073817400476,0.003640597711326601,100,750,1,mean_squared_error,128,adam
1000,0.0019400882530002737,0.003483265896922155,100,1000,1,mean_squared_error,128,adam
