round_epochs,val_loss,loss,batch_sizes,epochs,layers,losses,nodes,optimizers
100,0.003111508012112773,0.0037301097623301887,100,100,1,mean_squared_error,128,adam
250,0.0026597772554106,0.00352934189257797,100,250,1,mean_squared_error,128,adam
500,0.0035269253322124557,0.0034247915144663436,100,500,1,mean_squared_error,128,adam
750,0.0042294036940994425,0.003232310504427919,100,750,1,mean_squared_error,128,adam
1000,0.006644326037535416,0.0030770120123195365,100,1000,1,mean_squared_error,128,adam
