round_epochs,val_loss,loss,batch_sizes,epochs,layers,losses,nodes,optimizers
100,0.0016762848677881175,0.0038199193802563912,100,100,1,mean_squared_error,128,adam
250,0.0017091981234759017,0.0037197309754433195,100,250,1,mean_squared_error,128,adam
500,0.001775002045599023,0.003643577312933627,100,500,1,mean_squared_error,128,adam
750,0.001885647175894423,0.0036161946192449284,100,750,1,mean_squared_error,128,adam
1000,0.001971767487556641,0.0035182652870970007,100,1000,1,mean_squared_error,128,adam
