round_epochs,val_loss,loss,batch_sizes,epochs,layers,losses,nodes,optimizers
100,0.0015488555742633628,0.0038666542778587223,100,100,1,mean_squared_error,128,adam
250,0.0016583616081297622,0.0036840621158527446,100,250,1,mean_squared_error,128,adam
500,0.0017509217228946375,0.0036314335498425303,100,500,1,mean_squared_error,128,adam
750,0.0017148613860718345,0.003551643741335813,100,750,1,mean_squared_error,128,adam
1000,0.0017829065178357178,0.0035116797185563787,100,1000,1,mean_squared_error,128,adam
