round_epochs,val_loss,loss,batch_sizes,epochs,layers,losses,nodes,optimizers
100,0.00518854655765334,0.003157599004285045,100,100,1,mean_squared_error,128,adam
250,0.004608651815010375,0.003019243275779463,100,250,1,mean_squared_error,128,adam
500,0.004557054702791587,0.002966174720400411,100,500,1,mean_squared_error,128,adam
750,0.005189847449149619,0.0028956262909587303,100,750,1,mean_squared_error,128,adam
1000,0.005186713090044769,0.0028645362296661164,100,1000,1,mean_squared_error,128,adam
