round_epochs,val_loss,loss,batch_sizes,epochs,layers,losses,nodes,optimizers
100,0.003425165573275419,0.003552198362064047,100,100,1,mean_squared_error,128,adam
250,0.0032971912583139675,0.0035443157276452224,100,250,1,mean_squared_error,128,adam
500,0.0032768910937947242,0.0034631103178926147,100,500,1,mean_squared_error,128,adam
750,0.0034788099945939365,0.003414139088978008,100,750,1,mean_squared_error,128,adam
1000,0.00306540192455877,0.003383502008477647,100,1000,1,mean_squared_error,128,adam
