round_epochs,val_loss,loss,batch_sizes,epochs,layers,losses,nodes,optimizers
100,0.001520302858035169,0.003859394343731335,100,100,1,mean_squared_error,128,adam
250,0.00163635232570071,0.003769380679873553,100,250,1,mean_squared_error,128,adam
500,0.0025806026053544714,0.0035685767558866635,100,500,1,mean_squared_error,128,adam
750,0.003251728918824588,0.003399724724594897,100,750,1,mean_squared_error,128,adam
1000,0.0032879770206914625,0.0033472942576823223,100,1000,1,mean_squared_error,128,adam
