round_epochs,val_loss,loss,batch_sizes,epochs,layers,losses,nodes,optimizers
100,0.0032595130521336094,0.003511161135097769,100,100,1,mean_squared_error,128,adam
250,0.0032777234305856966,0.0033243935708490075,100,250,1,mean_squared_error,128,adam
500,0.004410521768445345,0.003256753755115609,100,500,1,mean_squared_error,128,adam
750,0.0062826295621955216,0.0032239907132180865,100,750,1,mean_squared_error,128,adam
1000,0.0051815347504993925,0.0032045202523975367,100,1000,1,mean_squared_error,128,adam
