round_epochs,val_loss,loss,batch_sizes,epochs,layers,losses,nodes,optimizers
100,0.005340978670537696,0.0030002644210679447,100,100,1,mean_squared_error,128,adam
250,0.005859784019090722,0.002900484332173651,100,250,1,mean_squared_error,128,adam
500,0.005747933335012602,0.002883160495592384,100,500,1,mean_squared_error,128,adam
750,0.00598689193963705,0.002884434155263381,100,750,1,mean_squared_error,128,adam
1000,0.006319150120375594,0.0028424214319578704,100,1000,1,mean_squared_error,128,adam
