round_epochs,val_loss,loss,batch_sizes,epochs,layers,losses,nodes,optimizers
100,0.0037001869103042923,0.0034457309073277153,100,100,1,mean_squared_error,128,adam
250,0.0031275948721344524,0.003396397696962421,100,250,1,mean_squared_error,128,adam
500,0.0031727161059558542,0.003334094191686105,100,500,1,mean_squared_error,128,adam
750,0.0044105986142577835,0.003258899995886332,100,750,1,mean_squared_error,128,adam
1000,0.0053874052284126304,0.003201175193552714,100,1000,1,mean_squared_error,128,adam
