round_epochs,val_loss,loss,batch_sizes,epochs,layers,losses,nodes,optimizers
100,0.007732277871788147,0.002403706048343836,100,100,1,mean_squared_error,128,adam
250,0.0073451496164628005,0.002342974584860886,100,250,1,mean_squared_error,128,adam
500,0.007262260919839294,0.0023060659491854845,100,500,1,mean_squared_error,128,adam
750,0.007241019740438641,0.0022496805121495047,100,750,1,mean_squared_error,128,adam
1000,0.007677533518728899,0.0021793597024495725,100,1000,1,mean_squared_error,128,adam
