round_epochs,val_loss,loss,batch_sizes,epochs,layers,losses,nodes,optimizers
100,0.0016294630699505534,0.0039028958979076774,100,100,1,mean_squared_error,128,adam
250,0.002500538823040361,0.0038041398104692076,100,250,1,mean_squared_error,128,adam
500,0.0038722873239511223,0.0037441673336419553,100,500,1,mean_squared_error,128,adam
750,0.005135088223009253,0.0037153134860762925,100,750,1,mean_squared_error,128,adam
1000,0.007706310681942569,0.0037004882118772324,100,1000,1,mean_squared_error,128,adam
