round_epochs,val_loss,loss,batch_sizes,epochs,layers,losses,nodes,optimizers
100,0.0014854873947087843,0.003924043354784237,100,100,1,mean_squared_error,128,adam
250,0.0016781123818352295,0.003677842495951277,100,250,1,mean_squared_error,128,adam
500,0.0018895716656785664,0.0036672166438689036,100,500,1,mean_squared_error,128,adam
750,0.0018890566957749464,0.0035641115941528476,100,750,1,mean_squared_error,128,adam
1000,0.001880244438503705,0.0034670810228045186,100,1000,1,mean_squared_error,128,adam
