round_epochs,val_loss,loss,batch_sizes,epochs,layers,losses,nodes,optimizers
100,0.002024650538630372,0.003768628704169737,100,100,1,mean_squared_error,128,adam
250,0.0020518982525559227,0.003607486854962555,100,250,1,mean_squared_error,128,adam
500,0.0020202056319925505,0.003584217976301384,100,500,1,mean_squared_error,128,adam
750,0.0021320029387681106,0.0035092241099179164,100,750,1,mean_squared_error,128,adam
1000,0.002143784110251833,0.0034296519132377815,100,1000,1,mean_squared_error,128,adam
