round_epochs,val_loss,loss,batch_sizes,epochs,layers,losses,nodes,optimizers
100,0.007806969421620869,0.0023761431952170915,100,100,1,mean_squared_error,128,adam
250,0.007758605729755782,0.002187804033776193,100,250,1,mean_squared_error,128,adam
500,0.007977119913727194,0.002151974662904389,100,500,1,mean_squared_error,128,adam
750,0.008020285640412652,0.0020905835785079356,100,750,1,mean_squared_error,128,adam
1000,0.008244388421468586,0.0019685363879043552,100,1000,1,mean_squared_error,128,adam
