round_epochs,val_loss,loss,batch_sizes,epochs,layers,losses,nodes,optimizers
100,0.0032148178638749985,0.0036301729216675588,100,100,1,mean_squared_error,128,adam
250,0.0030051837634323306,0.0034750846417003016,100,250,1,mean_squared_error,128,adam
500,0.00311327165685332,0.003457572742894142,100,500,1,mean_squared_error,128,adam
750,0.003348757928218599,0.0034218791084850778,100,750,1,mean_squared_error,128,adam
1000,0.003726985853109228,0.0032790529280760554,100,1000,1,mean_squared_error,128,adam
