round_epochs,val_loss,loss,batch_sizes,epochs,layers,losses,nodes,optimizers
100,0.003077135530145998,0.00355654140529527,100,100,1,mean_squared_error,128,adam
250,0.0034602530693738304,0.0034965165737482844,100,250,1,mean_squared_error,128,adam
500,0.003827218850840576,0.0034712589551792973,100,500,1,mean_squared_error,128,adam
750,0.006753100022608087,0.003409656700116568,100,750,1,mean_squared_error,128,adam
1000,0.007229410142324228,0.0034026439332674684,100,1000,1,mean_squared_error,128,adam
