round_epochs,val_loss,loss,batch_sizes,epochs,layers,losses,nodes,optimizers
100,0.002342290276586635,0.0037839216684417134,100,100,1,mean_squared_error,128,adam
250,0.0022079304876227177,0.0037230479451429905,100,250,1,mean_squared_error,128,adam
500,0.0022043253075162967,0.003698616491012912,100,500,1,mean_squared_error,128,adam
750,0.002380140309442003,0.0037169089873120113,100,750,1,mean_squared_error,128,adam
1000,0.0031589022720578926,0.0036349234741003293,100,1000,1,mean_squared_error,128,adam
