round_epochs,val_loss,loss,batch_sizes,epochs,layers,losses,nodes,optimizers
100,0.0025842161217339375,0.0036615086684293635,100,100,1,mean_squared_error,128,adam
250,0.0027338389644221443,0.0035440704911647728,100,250,1,mean_squared_error,128,adam
500,0.0033129049680340828,0.0034849275869958513,100,500,1,mean_squared_error,128,adam
750,0.004742666313789747,0.00345093354023525,100,750,1,mean_squared_error,128,adam
1000,0.002832623534419354,0.0033970316526849742,100,1000,1,mean_squared_error,128,adam
