round_epochs,val_loss,loss,batch_sizes,epochs,layers,losses,nodes,optimizers
100,0.002530035521863169,0.003731482622187922,100,100,1,mean_squared_error,128,adam
250,0.0023738891869109478,0.003543644150761167,100,250,1,mean_squared_error,128,adam
500,0.0024589428949595695,0.0035467509194347427,100,500,1,mean_squared_error,128,adam
750,0.0027916865638602318,0.003451300063345993,100,750,1,mean_squared_error,128,adam
1000,0.0035674344869938927,0.003361749355143039,100,1000,1,mean_squared_error,128,adam
