round_epochs,val_loss,loss,batch_sizes,epochs,layers,losses,nodes,optimizers
100,0.008083567265467953,0.002425502021048199,100,100,1,mean_squared_error,128,adam
250,0.008395507951599344,0.0022393515387353438,100,250,1,mean_squared_error,128,adam
500,0.009871905879000548,0.002208642080664897,100,500,1,mean_squared_error,128,adam
750,0.009481803570223513,0.0021734447072227323,100,750,1,mean_squared_error,128,adam
1000,0.009401296485383907,0.0020348828355547734,100,1000,1,mean_squared_error,128,adam
