round_epochs,val_loss,loss,batch_sizes,epochs,layers,losses,nodes,optimizers
100,0.0028101864888627624,0.003632530498660015,100,100,1,mean_squared_error,128,adam
250,0.0028216076088161323,0.003416377948082272,100,250,1,mean_squared_error,128,adam
500,0.0028732543104520096,0.0033994927945612324,100,500,1,mean_squared_error,128,adam
750,0.00289138964138663,0.0033598877530516915,100,750,1,mean_squared_error,128,adam
1000,0.003124090346821289,0.003243251346828575,100,1000,1,mean_squared_error,128,adam
