round_epochs,val_loss,loss,batch_sizes,epochs,layers,losses,nodes,optimizers
100,0.007088247357853618,0.0026427314806280276,100,100,1,mean_squared_error,128,adam
250,0.007048894726699359,0.002414867460924252,100,250,1,mean_squared_error,128,adam
500,0.0078183801098254,0.0024274239292012612,100,500,1,mean_squared_error,128,adam
750,0.01072976677842326,0.0023352427012638083,100,750,1,mean_squared_error,128,adam
1000,0.010256908712300224,0.002313953670485872,100,1000,1,mean_squared_error,128,adam
