round_epochs,val_loss,loss,batch_sizes,epochs,layers,losses,nodes,optimizers
100,0.0032774839426236387,0.003513581110117723,100,100,1,mean_squared_error,128,adam
250,0.004074244390255842,0.003449458979601368,100,250,1,mean_squared_error,128,adam
500,0.005422400797356912,0.003402824454821515,100,500,1,mean_squared_error,128,adam
750,0.010080195340941,0.0033355673047334856,100,750,1,mean_squared_error,128,adam
1000,0.008257909256721561,0.0032350748968100053,100,1000,1,mean_squared_error,128,adam
