round_epochs,val_loss,loss,batch_sizes,epochs,layers,losses,nodes,optimizers
100,0.010563204598486723,0.0018393040117550285,100,100,1,mean_squared_error,128,adam
250,0.011131000934383977,0.0016489896268686794,100,250,1,mean_squared_error,128,adam
500,0.011631359004570012,0.0016154983117778658,100,500,1,mean_squared_error,128,adam
750,0.010843278601503551,0.0016240279769978894,100,750,1,mean_squared_error,128,adam
1000,0.011144310367017535,0.0015018111485028498,100,1000,1,mean_squared_error,128,adam
