round_epochs,val_loss,loss,batch_sizes,epochs,layers,losses,nodes,optimizers
100,0.0027780604324111687,0.0037326135827069305,100,100,1,mean_squared_error,128,adam
250,0.002647478050369788,0.0034898074505260992,100,250,1,mean_squared_error,128,adam
500,0.0028166073209479753,0.0034644767380525455,100,500,1,mean_squared_error,128,adam
750,0.002878272965615943,0.0033906116393095246,100,750,1,mean_squared_error,128,adam
1000,0.0028600917728945387,0.003343281485304124,100,1000,1,mean_squared_error,128,adam
