round_epochs,val_loss,loss,batch_sizes,epochs,layers,losses,nodes,optimizers
100,0.0021554319569419824,0.0037586927991922025,100,100,1,mean_squared_error,128,adam
250,0.0024167658017021625,0.003627597609998181,100,250,1,mean_squared_error,128,adam
500,0.0026808503111964794,0.0036170797237667757,100,500,1,mean_squared_error,128,adam
750,0.0029767676977319035,0.003586797290551827,100,750,1,mean_squared_error,128,adam
1000,0.0022342358984932978,0.0035052206065978426,100,1000,1,mean_squared_error,128,adam
