round_epochs,val_loss,loss,batch_sizes,epochs,layers,losses,nodes,optimizers
100,0.01572387432679534,0.01692813343571541,100,100,1,mean_squared_error,128,adam
100,0.015468111261725426,0.016650680275190444,100,100,2,mean_squared_error,128,adam
100,0.015265291091054678,0.016391685531290254,100,100,3,mean_squared_error,128,adam
100,0.015291725751012564,0.016458218688504736,100,100,4,mean_squared_error,128,adam
100,0.015305418521165848,0.016392846785504418,100,100,5,mean_squared_error,128,adam
