round_epochs,val_loss,loss,batch_sizes,epochs,layers,losses,nodes,optimizers
100,0.01778568234294653,0.01640994211934264,100,100,1,mean_squared_error,128,adam
100,0.01754609402269125,0.01612932007657107,100,100,2,mean_squared_error,128,adam
100,0.017379325814545155,0.015944910982628364,100,100,3,mean_squared_error,128,adam
100,0.017330413684248924,0.01587456372102027,100,100,4,mean_squared_error,128,adam
100,0.017422114498913288,0.015940689171353977,100,100,5,mean_squared_error,128,adam
