round_epochs,val_loss,loss,batch_sizes,epochs,layers,losses,nodes,optimizers
100,0.017459341324865818,0.016490692188753223,100,100,1,mean_squared_error,128,adam
100,0.017131193540990353,0.016357926236358202,100,100,2,mean_squared_error,128,adam
100,0.016606229357421398,0.016227650148023787,100,100,3,mean_squared_error,128,adam
100,0.016476289369165897,0.016175393939466404,100,100,4,mean_squared_error,128,adam
100,0.016247801017016172,0.01608955420385626,100,100,5,mean_squared_error,128,adam
