round_epochs,val_loss,loss,batch_sizes,epochs,layers,losses,nodes,optimizers
100,0.017791423946619034,0.01642729341983795,100,100,1,mean_squared_error,128,adam
100,0.01742873201146722,0.016275264689217982,100,100,2,mean_squared_error,128,adam
100,0.017092893831431866,0.016072644504314677,100,100,3,mean_squared_error,128,adam
100,0.016874017659574747,0.016054419254449972,100,100,4,mean_squared_error,128,adam
100,0.01724008610472083,0.016061111953212207,100,100,5,mean_squared_error,128,adam
