round_epochs,val_loss,loss,batch_sizes,epochs,layers,losses,nodes,optimizers
100,0.017214926425367594,0.016547154961970813,100,100,1,mean_squared_error,128,adam
100,0.017063430976122618,0.01621537498270808,100,100,2,mean_squared_error,128,adam
100,0.017255200538784266,0.015898780028958965,100,100,3,mean_squared_error,128,adam
100,0.017287169583141804,0.015878745931245032,100,100,4,mean_squared_error,128,adam
100,0.017373166978359222,0.015964084633983168,100,100,5,mean_squared_error,128,adam
