round_epochs,val_loss,loss,batch_sizes,epochs,layers,losses,nodes,optimizers
100,0.015981678385287523,0.016941730273808155,100,100,1,mean_squared_error,128,adam
100,0.015478743705898523,0.01673437650303793,100,100,2,mean_squared_error,128,adam
100,0.014974276069551706,0.01671156625643858,100,100,3,mean_squared_error,128,adam
100,0.014737066347151995,0.01652417623701699,100,100,4,mean_squared_error,128,adam
100,0.014797257259488106,0.016585757395714745,100,100,5,mean_squared_error,128,adam
