round_epochs,val_loss,loss,batch_sizes,epochs,layers,losses,nodes,optimizers
100,0.014614299405366182,0.017199756171470296,100,100,1,mean_squared_error,128,adam
100,0.014554411638528109,0.016861709712404655,100,100,2,mean_squared_error,128,adam
100,0.014438200276345015,0.016639259450118942,100,100,3,mean_squared_error,128,adam
100,0.014486702159047127,0.016602082229347753,100,100,4,mean_squared_error,128,adam
100,0.01459068525582552,0.016615029331063267,100,100,5,mean_squared_error,128,adam
