round_epochs,val_loss,loss,batch_sizes,epochs,layers,losses,nodes,optimizers
100,0.020704135298728943,0.01573145481055243,100,100,1,mean_squared_error,128,adam
100,0.02015901217237115,0.015552531479668796,100,100,2,mean_squared_error,128,adam
100,0.019712189212441444,0.015391154317442039,100,100,3,mean_squared_error,128,adam
100,0.019490377511829138,0.015413527215894004,100,100,4,mean_squared_error,128,adam
100,0.01942712813615799,0.015342186982358308,100,100,5,mean_squared_error,128,adam
