round_epochs,val_loss,loss,batch_sizes,epochs,layers,losses,nodes,optimizers
100,0.024728463031351566,0.014748479790500082,100,100,1,mean_squared_error,128,adam
100,0.02443294320255518,0.014506315350308455,100,100,2,mean_squared_error,128,adam
100,0.023872758261859417,0.014371174798442755,100,100,3,mean_squared_error,128,adam
100,0.023743185214698315,0.01438782261194367,100,100,4,mean_squared_error,128,adam
100,0.02358822524547577,0.014452409755466576,100,100,5,mean_squared_error,128,adam
