round_epochs,val_loss,loss,batch_sizes,epochs,layers,losses,nodes,optimizers
100,0.016428622882813215,0.016772533507835596,100,100,1,mean_squared_error,128,adam
100,0.01627391902729869,0.016461524505513653,100,100,2,mean_squared_error,128,adam
100,0.015903510618954897,0.01622540472929639,100,100,3,mean_squared_error,128,adam
100,0.015800710767507553,0.016354351199435114,100,100,4,mean_squared_error,128,adam
100,0.015669611748307943,0.016364505537843944,100,100,5,mean_squared_error,128,adam
