round_epochs,val_loss,loss,batch_sizes,epochs,layers,losses,nodes,optimizers
100,0.015001082327216864,0.017090642129194766,100,100,1,mean_squared_error,128,adam
100,0.01502050831913948,0.016691766693291806,100,100,2,mean_squared_error,128,adam
100,0.015030012931674719,0.01653341897634934,100,100,3,mean_squared_error,128,adam
100,0.014931545592844486,0.016582245448310124,100,100,4,mean_squared_error,128,adam
100,0.014912106096744537,0.01657304138337311,100,100,5,mean_squared_error,128,adam
