round_epochs,val_loss,loss,batch_sizes,epochs,layers,losses,nodes,optimizers
100,0.017568298615515232,0.016436107447347546,100,100,1,mean_squared_error,128,adam
100,0.017615915276110172,0.016155866812681195,100,100,2,mean_squared_error,128,adam
100,0.017295071855187416,0.015854995468990843,100,100,3,mean_squared_error,128,adam
100,0.01742113195359707,0.01599515038530779,100,100,4,mean_squared_error,128,adam
100,0.01735063549131155,0.015884095574157278,100,100,5,mean_squared_error,128,adam
