round_epochs,val_loss,loss,batch_sizes,epochs,layers,losses,nodes,optimizers
100,0.01346500962972641,0.01756493450798337,100,100,1,mean_squared_error,128,adam
100,0.012926260940730572,0.01727621761479772,100,100,2,mean_squared_error,128,adam
100,0.012845320161432028,0.017067875150581797,100,100,3,mean_squared_error,128,adam
100,0.013012947980314493,0.01708497128969894,100,100,4,mean_squared_error,128,adam
100,0.012465199921280146,0.01708745647147111,100,100,5,mean_squared_error,128,adam
