round_epochs,val_loss,loss,batch_sizes,epochs,layers,losses,nodes,optimizers
100,0.016416034195572138,0.016754832513219582,100,100,1,mean_squared_error,128,adam
100,0.016094359569251537,0.016710011706335053,100,100,2,mean_squared_error,128,adam
100,0.01566134812310338,0.016334821458411097,100,100,3,mean_squared_error,128,adam
100,0.015565305016934872,0.01630417813539953,100,100,4,mean_squared_error,128,adam
100,0.015571627300232649,0.016348609051907572,100,100,5,mean_squared_error,128,adam
