round_epochs,val_loss,loss,batch_sizes,epochs,layers,losses,nodes,optimizers
100,0.018454639241099358,0.01627643572115211,100,100,1,mean_squared_error,128,adam
100,0.01825233455747366,0.015962326584061735,100,100,2,mean_squared_error,128,adam
100,0.01820741407573223,0.015666958388118518,100,100,3,mean_squared_error,128,adam
100,0.018300238996744156,0.015624999710566419,100,100,4,mean_squared_error,128,adam
100,0.01831696182489395,0.015612503483349966,100,100,5,mean_squared_error,128,adam
