round_epochs,val_loss,loss,batch_sizes,epochs,layers,losses,nodes,optimizers
100,0.013107263948768377,0.017616766129146543,100,100,1,mean_squared_error,128,adam
100,0.012964371126145124,0.017352767746176636,100,100,2,mean_squared_error,128,adam
100,0.012423250824213028,0.01730303453715672,100,100,3,mean_squared_error,128,adam
100,0.012507764156907797,0.01707450900796362,100,100,4,mean_squared_error,128,adam
100,0.012465824373066425,0.017108889618762453,100,100,5,mean_squared_error,128,adam
