round_epochs,val_loss,loss,batch_sizes,epochs,layers,losses,nodes,optimizers
100,0.014801236800849438,0.017145426458396708,100,100,1,mean_squared_error,128,adam
100,0.014676688238978386,0.01685919798910618,100,100,2,mean_squared_error,128,adam
100,0.014382404275238514,0.01659470761572956,100,100,3,mean_squared_error,128,adam
100,0.014459135476499796,0.0167910573854669,100,100,4,mean_squared_error,128,adam
100,0.014326636213809252,0.01675008899791348,100,100,5,mean_squared_error,128,adam
