round_epochs,val_loss,loss,batch_sizes,epochs,layers,losses,nodes,optimizers
100,0.013713320717215538,0.017530326631134914,100,100,1,mean_squared_error,128,adam
100,0.013348895590752363,0.01722270574299315,100,100,2,mean_squared_error,128,adam
100,0.013149457518011332,0.016912650807123435,100,100,3,mean_squared_error,128,adam
100,0.013209186028689146,0.01691672382386107,100,100,4,mean_squared_error,128,adam
100,0.013532808981835842,0.016953051921194957,100,100,5,mean_squared_error,128,adam
