round_epochs,val_loss,loss,batch_sizes,epochs,layers,losses,nodes,optimizers
100,0.013405483216047287,0.017453539112867567,100,100,1,mean_squared_error,128,adam
100,0.013177399057894945,0.017154802362852377,100,100,2,mean_squared_error,128,adam
100,0.013349606655538082,0.016848601216455,100,100,3,mean_squared_error,128,adam
100,0.013287009205669165,0.01686695415554638,100,100,4,mean_squared_error,128,adam
100,0.013326354324817657,0.016908743729194004,100,100,5,mean_squared_error,128,adam
