round_epochs,val_loss,loss,batch_sizes,epochs,layers,losses,nodes,optimizers
100,0.01577112916857004,0.01691754278551815,100,100,1,mean_squared_error,128,adam
100,0.01541921216994524,0.016655314228215014,100,100,2,mean_squared_error,128,adam
100,0.015293819829821587,0.016398486321824685,100,100,3,mean_squared_error,128,adam
100,0.015376992523670197,0.016608539646617453,100,100,4,mean_squared_error,128,adam
100,0.0154187623411417,0.01656692507758475,100,100,5,mean_squared_error,128,adam
