round_epochs,val_loss,loss,batch_sizes,epochs,layers,losses,nodes,optimizers
100,0.015992723871022463,0.016808999496929926,100,100,1,mean_squared_error,128,adam
100,0.0159172210842371,0.01653289912562621,100,100,2,mean_squared_error,128,adam
100,0.015694126021116972,0.01631880702595588,100,100,3,mean_squared_error,128,adam
100,0.015817306470125914,0.01628926321910811,100,100,4,mean_squared_error,128,adam
100,0.015966649167239666,0.01633293206399694,100,100,5,mean_squared_error,128,adam
