round_epochs,val_loss,loss,batch_sizes,epochs,layers,losses,nodes,optimizers
100,0.017682754900306463,0.01646945961193184,100,100,1,mean_squared_error,128,adam
100,0.017162098083645105,0.016301584254978296,100,100,2,mean_squared_error,128,adam
100,0.016856105532497168,0.016096945060767177,100,100,3,mean_squared_error,128,adam
100,0.016518537886440754,0.016157516542084534,100,100,4,mean_squared_error,128,adam
100,0.01650746865198016,0.01658006778971892,100,100,5,mean_squared_error,128,adam
