round_epochs,val_loss,loss,batch_sizes,epochs,layers,losses,nodes,optimizers
100,0.020713118836283684,0.015666680980034937,100,100,1,mean_squared_error,128,adam
100,0.020408359356224537,0.015477102604650315,100,100,2,mean_squared_error,128,adam
100,0.020066427066922188,0.015200236170344932,100,100,3,mean_squared_error,128,adam
100,0.020029393956065178,0.01518892432401951,100,100,4,mean_squared_error,128,adam
100,0.020124608650803566,0.015193688967977102,100,100,5,mean_squared_error,128,adam
