round_epochs,val_loss,loss,batch_sizes,epochs,layers,losses,nodes,optimizers
100,0.015831141732633114,0.016957932931457396,100,100,1,mean_squared_error,128,adam
100,0.015324154868721962,0.016793395303899332,100,100,2,mean_squared_error,128,adam
100,0.014779564924538136,0.01667011468052715,100,100,3,mean_squared_error,128,adam
100,0.014474107418209314,0.016640129489800835,100,100,4,mean_squared_error,128,adam
100,0.014428657479584217,0.01666075353018174,100,100,5,mean_squared_error,128,adam
