round_epochs,val_loss,loss,batch_sizes,epochs,layers,losses,nodes,optimizers
100,0.01763937482610345,0.016433381617890864,100,100,1,mean_squared_error,128,adam
100,0.01728805899620056,0.016235853230258578,100,100,2,mean_squared_error,128,adam
100,0.01691134413704276,0.016063389307667587,100,100,3,mean_squared_error,128,adam
100,0.016717675141990185,0.016078654270535123,100,100,4,mean_squared_error,128,adam
100,0.016898096539080143,0.01606069415116818,100,100,5,mean_squared_error,128,adam
