round_epochs,val_loss,loss,batch_sizes,epochs,layers,losses,nodes,optimizers
100,0.013935118913650513,0.017398573929691373,100,100,1,mean_squared_error,128,adam
100,0.013600947335362434,0.01715300154678505,100,100,2,mean_squared_error,128,adam
100,0.013180555775761604,0.016911201706543602,100,100,3,mean_squared_error,128,adam
100,0.01320180669426918,0.016944292825378272,100,100,4,mean_squared_error,128,adam
100,0.01317591592669487,0.016976269410180867,100,100,5,mean_squared_error,128,adam
