round_epochs,val_loss,loss,batch_sizes,epochs,layers,losses,nodes,optimizers
100,0.01717278128489852,0.01657898718710606,100,100,1,mean_squared_error,128,adam
100,0.016848872881382704,0.016393088299155534,100,100,2,mean_squared_error,128,adam
100,0.016311895567923784,0.016204095774687323,100,100,3,mean_squared_error,128,adam
100,0.016322120558470488,0.01614356563802351,100,100,4,mean_squared_error,128,adam
100,0.01648483332246542,0.01617383202981381,100,100,5,mean_squared_error,128,adam
