round_epochs,val_loss,loss,batch_sizes,epochs,layers,losses,nodes,optimizers
100,0.01362350257113576,0.017421587904854527,100,100,1,mean_squared_error,128,adam
100,0.013381065335124731,0.017125141174348078,100,100,2,mean_squared_error,128,adam
100,0.013571907300502062,0.016797101783349103,100,100,3,mean_squared_error,128,adam
100,0.013612516224384308,0.01681095515762953,100,100,4,mean_squared_error,128,adam
100,0.013711335603147745,0.016811411524364224,100,100,5,mean_squared_error,128,adam
