round_epochs,val_loss,loss,batch_sizes,epochs,layers,losses,nodes,optimizers
100,0.015623538289219141,0.0169474559002801,100,100,1,mean_squared_error,128,adam
100,0.01531548798084259,0.01668892017936796,100,100,2,mean_squared_error,128,adam
100,0.014946461655199528,0.016681462939464507,100,100,3,mean_squared_error,128,adam
100,0.014889339916408062,0.016479203864969406,100,100,4,mean_squared_error,128,adam
100,0.014913497027009726,0.01652702381997778,100,100,5,mean_squared_error,128,adam
