round_epochs,val_loss,loss,batch_sizes,epochs,layers,losses,nodes,optimizers
100,0.015087961684912443,0.017108193685050895,100,100,1,mean_squared_error,128,adam
100,0.014607836492359638,0.016949906305673727,100,100,2,mean_squared_error,128,adam
100,0.014763188548386097,0.016885979147744656,100,100,3,mean_squared_error,128,adam
100,0.01405572472140193,0.01690479253131644,100,100,4,mean_squared_error,128,adam
100,0.01399723906069994,0.016751365792146304,100,100,5,mean_squared_error,128,adam
