round_epochs,val_loss,loss,batch_sizes,epochs,layers,losses,nodes,optimizers
100,0.02022404409945011,0.015760871028541623,100,100,1,mean_squared_error,128,adam
100,0.020467703230679035,0.015449555063232742,100,100,2,mean_squared_error,128,adam
100,0.020333707332611084,0.015253974918397447,100,100,3,mean_squared_error,128,adam
100,0.020239231176674366,0.01515070522871606,100,100,4,mean_squared_error,128,adam
100,0.02031592931598425,0.015233362730788557,100,100,5,mean_squared_error,128,adam
