round_epochs,val_loss,loss,batch_sizes,epochs,layers,losses,nodes,optimizers
100,0.016346728429198265,0.016747438794650828,100,100,1,mean_squared_error,128,adam
100,0.01606534980237484,0.016495516918188798,100,100,2,mean_squared_error,128,adam
100,0.01600598869845271,0.016136730295188147,100,100,3,mean_squared_error,128,adam
100,0.015983701683580875,0.016223810314385214,100,100,4,mean_squared_error,128,adam
100,0.016362506430596113,0.01657700263673351,100,100,5,mean_squared_error,128,adam
