round_epochs,val_loss,loss,batch_sizes,epochs,layers,losses,nodes,optimizers
100,0.013172041159123182,0.01754065810289598,100,100,1,mean_squared_error,128,adam
100,0.012968285474926233,0.01738255069985575,100,100,2,mean_squared_error,128,adam
100,0.012792484369128942,0.01714752099586459,100,100,3,mean_squared_error,128,adam
100,0.01231869449838996,0.017191104175415552,100,100,4,mean_squared_error,128,adam
100,0.012359236367046833,0.017171076746344716,100,100,5,mean_squared_error,128,adam
