round_epochs,val_loss,loss,batch_sizes,epochs,layers,losses,nodes,optimizers
100,0.0165384360589087,0.016743591503429234,100,100,1,mean_squared_error,128,adam
100,0.016099685337394476,0.016548018108931997,100,100,2,mean_squared_error,128,adam
100,0.015766853466629982,0.016456829416647292,100,100,3,mean_squared_error,128,adam
100,0.015466585755348206,0.01638033948745345,100,100,4,mean_squared_error,128,adam
100,0.015481945127248764,0.016327520048147755,100,100,5,mean_squared_error,128,adam
