round_epochs,val_loss,loss,batch_sizes,epochs,layers,losses,nodes,optimizers
100,0.013118855655193329,0.017539244670336854,100,100,1,mean_squared_error,128,adam
100,0.013027047738432884,0.01750315661381062,100,100,2,mean_squared_error,128,adam
100,0.01306841243058443,0.016983423732165107,100,100,3,mean_squared_error,128,adam
100,0.01304024737328291,0.01695222532689422,100,100,4,mean_squared_error,128,adam
100,0.013071318157017231,0.017015607670453705,100,100,5,mean_squared_error,128,adam
