round_epochs,val_loss,loss,batch_sizes,epochs,layers,losses,nodes,optimizers
100,0.016277151182293892,0.016813551530914198,100,100,1,mean_squared_error,128,adam
100,0.01589826075360179,0.01666163641464591,100,100,2,mean_squared_error,128,adam
100,0.016023575328290462,0.01624416439959728,100,100,3,mean_squared_error,128,adam
100,0.015802591107785702,0.0162668302095026,100,100,4,mean_squared_error,128,adam
100,0.015896994154900312,0.01628239695589644,100,100,5,mean_squared_error,128,adam
