round_epochs,val_loss,loss,batch_sizes,epochs,layers,losses,nodes,optimizers
100,0.015022658742964268,0.017055934794564593,100,100,1,mean_squared_error,128,adam
100,0.014915171544998884,0.016754800575157453,100,100,2,mean_squared_error,128,adam
100,0.015006806701421738,0.016437066936011154,100,100,3,mean_squared_error,128,adam
100,0.015117313247174025,0.016547935816429014,100,100,4,mean_squared_error,128,adam
100,0.01501269917935133,0.016564980555409777,100,100,5,mean_squared_error,128,adam
