round_epochs,val_loss,loss,batch_sizes,epochs,layers,losses,nodes,optimizers
100,0.016442012041807175,0.016756646643231687,100,100,1,mean_squared_error,128,adam
100,0.015955687500536442,0.0166227557185225,100,100,2,mean_squared_error,128,adam
100,0.01545245572924614,0.016470002397932205,100,100,3,mean_squared_error,128,adam
100,0.015280773397535086,0.01645152242317385,100,100,4,mean_squared_error,128,adam
100,0.015318273101001978,0.01652395437217147,100,100,5,mean_squared_error,128,adam
