round_epochs,val_loss,loss,batch_sizes,epochs,layers,losses,nodes,optimizers
100,0.01608286239206791,0.016830344784790112,100,100,1,mean_squared_error,128,adam
100,0.015905551612377167,0.01650965176429366,100,100,2,mean_squared_error,128,adam
100,0.01589972712099552,0.016239522844272897,100,100,3,mean_squared_error,128,adam
100,0.015925193671137094,0.016243701051444487,100,100,4,mean_squared_error,128,adam
100,0.015879189129918814,0.01626790602945893,100,100,5,mean_squared_error,128,adam
