round_epochs,val_loss,loss,batch_sizes,epochs,layers,losses,nodes,optimizers
100,0.01598753174766898,0.01687610068622239,100,100,1,mean_squared_error,128,adam
100,0.015802020207047462,0.016602845514720695,100,100,2,mean_squared_error,128,adam
100,0.015538276638835669,0.01634276499108115,100,100,3,mean_squared_error,128,adam
100,0.01566988043487072,0.01632891539344214,100,100,4,mean_squared_error,128,adam
100,0.015639739576727152,0.016354863685940888,100,100,5,mean_squared_error,128,adam
