round_epochs,val_loss,loss,batch_sizes,epochs,layers,losses,nodes,optimizers
100,0.002405895560514182,0.003995416831640114,100,100,1,mean_squared_error,128,adam
100,0.002406175306532532,0.00400535494336236,100,100,2,mean_squared_error,128,adam
100,0.002441292628645897,0.004004512511389575,100,100,3,mean_squared_error,128,adam
100,0.002407878346275538,0.00401883557682463,100,100,4,mean_squared_error,128,adam
100,0.002426506543997675,0.0040361114634254545,100,100,5,mean_squared_error,128,adam
