round_epochs,val_loss,loss,batch_sizes,epochs,layers,losses,nodes,optimizers
100,0.0024419069522991776,0.003986086286674341,100,100,1,mean_squared_error,128,adam
100,0.002430360356811434,0.004056745552072052,100,100,2,mean_squared_error,128,adam
100,0.0024364053388126194,0.004027115348936321,100,100,3,mean_squared_error,128,adam
100,0.0025122130755335093,0.004033549105659948,100,100,4,mean_squared_error,128,adam
100,0.0024427673197351396,0.004026643877956219,100,100,5,mean_squared_error,128,adam
