round_epochs,val_loss,loss,batch_sizes,epochs,layers,losses,nodes,optimizers
100,0.0018298083450645208,0.0041489883827789216,100,100,1,mean_squared_error,128,adam
100,0.0018077504355460405,0.004149116042305544,100,100,2,mean_squared_error,128,adam
100,0.0018208103138022125,0.004150860368837142,100,100,3,mean_squared_error,128,adam
100,0.0018211393035016954,0.0041460514404299265,100,100,4,mean_squared_error,128,adam
100,0.0018351174658164382,0.004198939406321161,100,100,5,mean_squared_error,128,adam
