round_epochs,val_loss,loss,batch_sizes,epochs,layers,losses,nodes,optimizers
100,0.009212326956912875,0.0023070998018950187,100,100,1,mean_squared_error,128,adam
100,0.009243862237781286,0.0023093159758988233,100,100,2,mean_squared_error,128,adam
100,0.009146345313638449,0.0023107246056639674,100,100,3,mean_squared_error,128,adam
100,0.009194649057462811,0.0023212417315730174,100,100,4,mean_squared_error,128,adam
100,0.009219480911269784,0.002336704288172222,100,100,5,mean_squared_error,128,adam
