round_epochs,val_loss,loss,batch_sizes,epochs,layers,losses,nodes,optimizers
100,0.007320078206248581,0.0027596100014360514,100,100,1,mean_squared_error,128,adam
100,0.007345083286054432,0.002767876515605572,100,100,2,mean_squared_error,128,adam
100,0.007470217766240239,0.0027759632116675526,100,100,3,mean_squared_error,128,adam
100,0.007591684930957854,0.0027499034926784837,100,100,4,mean_squared_error,128,adam
100,0.007705190684646368,0.002730503084589127,100,100,5,mean_squared_error,128,adam
