round_epochs,val_loss,loss,batch_sizes,epochs,layers,losses,nodes,optimizers
100,0.007319597527384758,0.0027825628390980976,100,100,1,mean_squared_error,128,adam
100,0.007333932793699205,0.0027764734791099876,100,100,2,mean_squared_error,128,adam
100,0.0072931317845359445,0.002802231870078772,100,100,3,mean_squared_error,128,adam
100,0.0073928042547777295,0.0027868299347550162,100,100,4,mean_squared_error,128,adam
100,0.007290205801837146,0.002825144376169811,100,100,5,mean_squared_error,128,adam
