round_epochs,val_loss,loss,batch_sizes,epochs,layers,losses,nodes,optimizers
100,0.007102169853169471,0.0028339121887024413,100,100,1,mean_squared_error,128,adam
100,0.00709780550096184,0.002864952746706459,100,100,2,mean_squared_error,128,adam
100,0.007084625365678221,0.002838098665510534,100,100,3,mean_squared_error,128,adam
100,0.007103304087650031,0.0028847526926174295,100,100,4,mean_squared_error,128,adam
100,0.007070285209920257,0.0028586907359481194,100,100,5,mean_squared_error,128,adam
