round_epochs,val_loss,loss,batch_sizes,epochs,layers,losses,nodes,optimizers
100,0.002712006273213774,0.003920931567511381,100,100,1,mean_squared_error,128,adam
100,0.0027233660221099854,0.003963338411809441,100,100,2,mean_squared_error,128,adam
100,0.002712852554395795,0.0039223699850287844,100,100,3,mean_squared_error,128,adam
100,0.00271511118626222,0.003950155547322316,100,100,4,mean_squared_error,128,adam
100,0.002722086268477142,0.0039369723536960026,100,100,5,mean_squared_error,128,adam
