round_epochs,val_loss,loss,batch_sizes,epochs,layers,losses,nodes,optimizers
100,0.004697877448052168,0.0034232270234825094,100,100,1,mean_squared_error,128,adam
100,0.004745858954265714,0.0034269044442085993,100,100,2,mean_squared_error,128,adam
100,0.004787659039720893,0.0034231766991349908,100,100,3,mean_squared_error,128,adam
100,0.004683584673330188,0.003433258787178678,100,100,4,mean_squared_error,128,adam
100,0.004714828450232744,0.0034399731448957597,100,100,5,mean_squared_error,128,adam
