round_epochs,val_loss,loss,batch_sizes,epochs,layers,losses,nodes,optimizers
100,0.004121613339520991,0.0035981946745456124,100,100,1,mean_squared_error,128,adam
100,0.004091442911885679,0.0036207019795520285,100,100,2,mean_squared_error,128,adam
100,0.004106292151845992,0.003585911179614138,100,100,3,mean_squared_error,128,adam
100,0.004137022420763969,0.0036122186508062335,100,100,4,mean_squared_error,128,adam
100,0.004156689392402768,0.0035923582500835254,100,100,5,mean_squared_error,128,adam
