round_epochs,val_loss,loss,batch_sizes,epochs,layers,losses,nodes,optimizers
100,0.0014894537744112313,0.004229315959304124,100,100,1,mean_squared_error,128,adam
100,0.0015100946766324341,0.0042607324633243794,100,100,2,mean_squared_error,128,adam
100,0.001514432777184993,0.004226766187215086,100,100,3,mean_squared_error,128,adam
100,0.001524662657175213,0.004267607957185322,100,100,4,mean_squared_error,128,adam
100,0.0015925076440908015,0.004262009087730856,100,100,5,mean_squared_error,128,adam
