round_epochs,val_loss,loss,batch_sizes,epochs,layers,losses,nodes,optimizers
100,0.0040244110859930515,0.0036020662795253405,100,100,1,mean_squared_error,128,adam
100,0.004029580275528133,0.003595824732365919,100,100,2,mean_squared_error,128,adam
100,0.00404088816139847,0.00360563796527045,100,100,3,mean_squared_error,128,adam
100,0.004044299712404609,0.0036541693817674927,100,100,4,mean_squared_error,128,adam
100,0.004013356985524297,0.003635646221700016,100,100,5,mean_squared_error,128,adam
