round_epochs,val_loss,loss,batch_sizes,epochs,layers,losses,nodes,optimizers
100,0.002793109160847962,0.0039053984013769556,100,100,1,mean_squared_error,128,adam
100,0.0027779212687164545,0.003949784301483633,100,100,2,mean_squared_error,128,adam
100,0.0027812826447188854,0.003916910447376094,100,100,3,mean_squared_error,128,adam
100,0.002779606496915221,0.003902775529207888,100,100,4,mean_squared_error,128,adam
100,0.0027861309936270118,0.003910102023893457,100,100,5,mean_squared_error,128,adam
