round_epochs,val_loss,loss,batch_sizes,epochs,layers,losses,nodes,optimizers
100,0.002663001825567335,0.00396993573380865,100,100,1,mean_squared_error,128,adam
100,0.002687400032300502,0.003946719374402761,100,100,2,mean_squared_error,128,adam
100,0.002741742064245045,0.003944871160382398,100,100,3,mean_squared_error,128,adam
100,0.0029130287002772093,0.0039720414177245355,100,100,4,mean_squared_error,128,adam
100,0.0032041174126788974,0.003962439208061845,100,100,5,mean_squared_error,128,adam
