round_epochs,val_loss,loss,batch_sizes,epochs,layers,losses,nodes,optimizers
100,0.009660573909059167,0.0022232103635334366,100,100,1,mean_squared_error,128,adam
100,0.009590148692950606,0.0022247659200709197,100,100,2,mean_squared_error,128,adam
100,0.009541785344481468,0.002246631997391507,100,100,3,mean_squared_error,128,adam
100,0.00952724739909172,0.0022344320222213213,100,100,4,mean_squared_error,128,adam
100,0.009536041645333171,0.0022448194070424283,100,100,5,mean_squared_error,128,adam
