round_epochs,val_loss,loss,batch_sizes,epochs,layers,losses,nodes,optimizers
100,0.0016024440410546958,0.004211318095474596,100,100,1,mean_squared_error,128,adam
100,0.0015559795428998768,0.004227427058055931,100,100,2,mean_squared_error,128,adam
100,0.001611514831893146,0.004278798187233144,100,100,3,mean_squared_error,128,adam
100,0.0015448767808265984,0.004231754600656719,100,100,4,mean_squared_error,128,adam
100,0.0015373345231637359,0.004226316231360032,100,100,5,mean_squared_error,128,adam
