round_epochs,val_loss,loss,batch_sizes,epochs,layers,losses,nodes,optimizers
100,0.008682447485625744,0.002447539621099214,100,100,1,mean_squared_error,128,adam
100,0.008676475146785378,0.0024487245795859003,100,100,2,mean_squared_error,128,adam
100,0.008572165621444583,0.0024674703572201864,100,100,3,mean_squared_error,128,adam
100,0.008723927428945899,0.002459218298948751,100,100,4,mean_squared_error,128,adam
100,0.008629983523860574,0.0024843670772237048,100,100,5,mean_squared_error,128,adam
