round_epochs,val_loss,loss,batch_sizes,epochs,layers,losses,nodes,optimizers
100,0.006909993244335055,0.002867794065306124,100,100,1,mean_squared_error,128,adam
100,0.006942568987142295,0.002883732406590344,100,100,2,mean_squared_error,128,adam
100,0.007005258172284812,0.002867608746538202,100,100,3,mean_squared_error,128,adam
100,0.007176564307883382,0.002872570420735433,100,100,4,mean_squared_error,128,adam
100,0.0073136534774675965,0.00288060628715786,100,100,5,mean_squared_error,128,adam
