round_epochs,val_loss,loss,batch_sizes,epochs,layers,losses,nodes,optimizers
100,0.0015252931625582278,0.004220963110424606,100,100,1,mean_squared_error,128,adam
100,0.0015370857436209917,0.00423381514325668,100,100,2,mean_squared_error,128,adam
100,0.0015498598804697394,0.004262660006445848,100,100,3,mean_squared_error,128,adam
100,0.0015873511438257992,0.00422480558214222,100,100,4,mean_squared_error,128,adam
100,0.0015782138798385859,0.004228578217197046,100,100,5,mean_squared_error,128,adam
