round_epochs,val_loss,loss,batch_sizes,epochs,layers,losses,nodes,optimizers
100,0.007486974122002721,0.002735251751384501,100,100,1,mean_squared_error,128,adam
100,0.007480619708076119,0.002723592243743629,100,100,2,mean_squared_error,128,adam
100,0.00764435576274991,0.0027459636231527682,100,100,3,mean_squared_error,128,adam
100,0.007451581535860896,0.0027453139944769002,100,100,4,mean_squared_error,128,adam
100,0.007533737923949957,0.0027788001402876852,100,100,5,mean_squared_error,128,adam
