round_epochs,val_loss,loss,batch_sizes,epochs,layers,losses,nodes,optimizers
100,0.006308492738753557,0.0030411105537122684,100,100,1,mean_squared_error,128,adam
100,0.0063099522376433015,0.0030155960567766456,100,100,2,mean_squared_error,128,adam
100,0.006378054968081415,0.0030204853102989092,100,100,3,mean_squared_error,128,adam
100,0.006340687163174152,0.0030392910419696374,100,100,4,mean_squared_error,128,adam
100,0.006308488664217293,0.003039160254819363,100,100,5,mean_squared_error,128,adam
