round_epochs,val_loss,loss,batch_sizes,epochs,layers,losses,nodes,optimizers
100,0.0023718951269984245,0.004032343795764328,100,100,1,mean_squared_error,128,adam
100,0.0023889345466159284,0.004012171626359094,100,100,2,mean_squared_error,128,adam
100,0.0024848348111845553,0.004006688695200468,100,100,3,mean_squared_error,128,adam
100,0.0025803272728808224,0.004003869636259386,100,100,4,mean_squared_error,128,adam
100,0.0026001135702244937,0.004034028353591511,100,100,5,mean_squared_error,128,adam
