round_epochs,val_loss,loss,batch_sizes,epochs,layers,losses,nodes,optimizers
100,0.0028742733411490917,0.003920594501881412,100,100,1,mean_squared_error,128,adam
100,0.0029564460273832083,0.003874780459257218,100,100,2,mean_squared_error,128,adam
100,0.0030010987538844347,0.0038656322955758836,100,100,3,mean_squared_error,128,adam
100,0.0031101892236620188,0.0038766823216540756,100,100,4,mean_squared_error,128,adam
100,0.003227552748285234,0.003917657088043077,100,100,5,mean_squared_error,128,adam
