round_epochs,val_loss,loss,batch_sizes,epochs,layers,losses,nodes,optimizers
100,0.003259439778048545,0.0037806368871791305,100,100,1,mean_squared_error,128,adam
100,0.003256474214140326,0.0037837917246250842,100,100,2,mean_squared_error,128,adam
100,0.0032813025754876435,0.003818857542429124,100,100,3,mean_squared_error,128,adam
100,0.003311499080155045,0.003802037265184376,100,100,4,mean_squared_error,128,adam
100,0.003317631606478244,0.00379668512510996,100,100,5,mean_squared_error,128,adam
