round_epochs,val_loss,loss,batch_sizes,epochs,layers,losses,nodes,optimizers
100,0.003922254079952836,0.003614903941111772,100,100,1,mean_squared_error,128,adam
100,0.0039229197427630424,0.003628280611174911,100,100,2,mean_squared_error,128,adam
100,0.003936352964956313,0.003629744299996332,100,100,3,mean_squared_error,128,adam
100,0.003941739269066602,0.0036291280179721616,100,100,4,mean_squared_error,128,adam
100,0.003934143111109734,0.0036259560112332054,100,100,5,mean_squared_error,128,adam
