round_epochs,val_loss,loss,batch_sizes,epochs,layers,losses,nodes,optimizers
100,0.002133876027073711,0.0040688281634050855,100,100,1,mean_squared_error,128,adam
100,0.0021634947042912245,0.00407314703692548,100,100,2,mean_squared_error,128,adam
100,0.0021391785703599453,0.004067325911389079,100,100,3,mean_squared_error,128,adam
100,0.002152761851903051,0.0040760498621544156,100,100,4,mean_squared_error,128,adam
100,0.002185503311920911,0.004101634872243862,100,100,5,mean_squared_error,128,adam
