round_epochs,val_loss,loss,batch_sizes,epochs,layers,losses,nodes,optimizers
100,0.0070279642241075635,0.002856776540229407,100,100,1,mean_squared_error,128,adam
100,0.007030410808511078,0.00284842480450766,100,100,2,mean_squared_error,128,adam
100,0.007013160735368729,0.0028477950748382543,100,100,3,mean_squared_error,128,adam
100,0.00699582789093256,0.0028553936590856696,100,100,4,mean_squared_error,128,adam
100,0.007031677756458521,0.0028726510162720544,100,100,5,mean_squared_error,128,adam
