round_epochs,val_loss,loss,batch_sizes,epochs,layers,losses,nodes,optimizers
100,0.0020383275113999844,0.004107553546826293,100,100,1,mean_squared_error,128,adam
100,0.0019874077406711876,0.004109069778151502,100,100,2,mean_squared_error,128,adam
100,0.002065029984805733,0.0041344265837586006,100,100,3,mean_squared_error,128,adam
100,0.0020415749168023467,0.004125138557340031,100,100,4,mean_squared_error,128,adam
100,0.0020307149970903993,0.004152815664846809,100,100,5,mean_squared_error,128,adam
