round_epochs,val_loss,loss,batch_sizes,epochs,layers,losses,nodes,optimizers
100,0.002805095980875194,0.003903264031501881,100,100,1,mean_squared_error,128,adam
100,0.002815170504618436,0.003901488725527263,100,100,2,mean_squared_error,128,adam
100,0.0028089144616387784,0.0038940532777565666,100,100,3,mean_squared_error,128,adam
100,0.002818371169269085,0.003913750032776587,100,100,4,mean_squared_error,128,adam
100,0.0028167334967292845,0.0039025809304341114,100,100,5,mean_squared_error,128,adam
