round_epochs,val_loss,loss,batch_sizes,epochs,layers,losses,nodes,optimizers
100,0.004202625015750527,0.003556718387161947,100,100,1,mean_squared_error,128,adam
100,0.0041652602376416326,0.0036368301381311556,100,100,2,mean_squared_error,128,adam
100,0.004200597875751555,0.0035815566194795064,100,100,3,mean_squared_error,128,adam
100,0.00423648371361196,0.0035624808202892803,100,100,4,mean_squared_error,128,adam
100,0.004166632192209363,0.003591329355296377,100,100,5,mean_squared_error,128,adam
