round_epochs,val_loss,loss,batch_sizes,epochs,layers,losses,nodes,optimizers
100,0.003926725243218243,0.0036216498750643116,100,100,1,mean_squared_error,128,adam
100,0.003947282792069018,0.0036226260322536597,100,100,2,mean_squared_error,128,adam
100,0.0038965754210948944,0.0036208659208826115,100,100,3,mean_squared_error,128,adam
100,0.003939998568966985,0.0036481501099225764,100,100,4,mean_squared_error,128,adam
100,0.0039168462390080094,0.003664355833451724,100,100,5,mean_squared_error,128,adam
