round_epochs,val_loss,loss,batch_sizes,epochs,layers,losses,nodes,optimizers
100,0.0029368659597821534,0.0038927111665989843,100,100,1,mean_squared_error,128,adam
100,0.002994384558405727,0.0039002757938520444,100,100,2,mean_squared_error,128,adam
100,0.0030206746887415648,0.003904822430525614,100,100,3,mean_squared_error,128,adam
100,0.0032762165647000074,0.003878605686354268,100,100,4,mean_squared_error,128,adam
100,0.003231498529203236,0.003867410083717488,100,100,5,mean_squared_error,128,adam
