round_epochs,val_loss,loss,batch_sizes,epochs,layers,losses,nodes,optimizers
100,0.0018491719965822995,0.004139287997846105,100,100,1,mean_squared_error,128,adam
100,0.001856182818301022,0.004159350140493489,100,100,2,mean_squared_error,128,adam
100,0.001856987364590168,0.0041696636576802285,100,100,3,mean_squared_error,128,adam
100,0.0018934440449811518,0.004149276927697503,100,100,4,mean_squared_error,128,adam
100,0.0018826673040166497,0.004135509581801636,100,100,5,mean_squared_error,128,adam
