round_epochs,val_loss,loss,batch_sizes,epochs,layers,losses,nodes,optimizers
100,0.0031765144085511565,0.003805431196389158,100,100,1,mean_squared_error,128,adam
100,0.0031717391684651375,0.00380236290433725,100,100,2,mean_squared_error,128,adam
100,0.003173706354573369,0.003816256613455461,100,100,3,mean_squared_error,128,adam
100,0.0031824997859075665,0.003813913145052439,100,100,4,mean_squared_error,128,adam
100,0.003201789688318968,0.003835825418857613,100,100,5,mean_squared_error,128,adam
