round_epochs,val_loss,loss,batch_sizes,epochs,layers,losses,nodes,optimizers
100,0.0024073026434052736,0.004012918510930019,100,100,1,mean_squared_error,128,adam
100,0.0024069587816484272,0.004033871392517797,100,100,2,mean_squared_error,128,adam
100,0.002407415013294667,0.004018308040866622,100,100,3,mean_squared_error,128,adam
100,0.0023875212064012885,0.004011472642540615,100,100,4,mean_squared_error,128,adam
100,0.0023913912882562727,0.004043014208962197,100,100,5,mean_squared_error,128,adam
