round_epochs,val_loss,loss,batch_sizes,epochs,layers,losses,nodes,optimizers
100,0.002674503019079566,0.003924208282183003,100,100,1,mean_squared_error,128,adam
100,0.002663537277840078,0.00393275006001673,100,100,2,mean_squared_error,128,adam
100,0.002661207807250321,0.003941447605193594,100,100,3,mean_squared_error,128,adam
100,0.002669414272531867,0.003931798115465906,100,100,4,mean_squared_error,128,adam
100,0.002653928706422448,0.003957679474525834,100,100,5,mean_squared_error,128,adam
