round_epochs,val_loss,loss,batch_sizes,epochs,layers,losses,nodes,optimizers
100,0.0031812378438189626,0.0038180822679640095,100,100,1,mean_squared_error,128,adam
100,0.0031566984253004193,0.0038214259482547176,100,100,2,mean_squared_error,128,adam
100,0.0031639301450923085,0.0038204812616674,100,100,3,mean_squared_error,128,adam
100,0.0031614693580195308,0.003825858532298398,100,100,4,mean_squared_error,128,adam
100,0.0031641467940062284,0.003842498863509883,100,100,5,mean_squared_error,128,adam
