round_epochs,val_loss,loss,batch_sizes,epochs,layers,losses,nodes,optimizers
100,0.0019559747888706625,0.004107851422891879,100,100,1,mean_squared_error,128,adam
100,0.001971921243239194,0.004122369538119019,100,100,2,mean_squared_error,128,adam
100,0.001972994999960065,0.004111283007095357,100,100,3,mean_squared_error,128,adam
100,0.001990891876630485,0.004105311141784148,100,100,4,mean_squared_error,128,adam
100,0.0020147092873230577,0.004106841310165189,100,100,5,mean_squared_error,128,adam
