round_epochs,val_loss,loss,batch_sizes,epochs,layers,losses,nodes,optimizers
100,0.008458155672997236,0.0024913522360662235,100,100,1,mean_squared_error,128,adam
100,0.008470410772133619,0.002488338388648299,100,100,2,mean_squared_error,128,adam
100,0.00845582690089941,0.0024932908178079824,100,100,3,mean_squared_error,128,adam
100,0.008524037315510213,0.0024914233047790236,100,100,4,mean_squared_error,128,adam
100,0.008545190910808742,0.0025008901049183665,100,100,5,mean_squared_error,128,adam
