round_epochs,val_loss,loss,batch_sizes,epochs,layers,losses,nodes,optimizers
100,0.00417504966026172,0.00358587066912196,100,100,1,mean_squared_error,128,adam
100,0.004224016156513244,0.003555788701686901,100,100,2,mean_squared_error,128,adam
100,0.004298086802009493,0.003559404399854426,100,100,3,mean_squared_error,128,adam
100,0.004503842443227768,0.0035501201733252096,100,100,4,mean_squared_error,128,adam
100,0.004627072426956147,0.0035278043128055834,100,100,5,mean_squared_error,128,adam
