round_epochs,val_loss,loss,batch_sizes,epochs,layers,losses,nodes,optimizers
100,0.003919011971447617,0.0036283942341529076,100,100,1,mean_squared_error,128,adam
250,0.003915623703505844,0.0036246289124474266,100,250,1,mean_squared_error,128,adam
500,0.00391722604399547,0.0036169762815346468,100,500,1,mean_squared_error,128,adam
750,0.003922768635675311,0.003615412361018901,100,750,1,mean_squared_error,128,adam
1000,0.003933298401534557,0.0036189543619579204,100,1000,1,mean_squared_error,128,adam
