round_epochs,val_loss,loss,batch_sizes,epochs,layers,losses,nodes,optimizers
100,0.007103868294507265,0.0028244499677330033,100,100,1,mean_squared_error,128,adam
250,0.007171014207415283,0.00281583856678052,100,250,1,mean_squared_error,128,adam
500,0.007397036184556782,0.002809883175851931,100,500,1,mean_squared_error,128,adam
750,0.007826830609701574,0.0027903658641329535,100,750,1,mean_squared_error,128,adam
1000,0.008208788000047207,0.00279404124581164,100,1000,1,mean_squared_error,128,adam
