round_epochs,val_loss,loss,batch_sizes,epochs,layers,losses,nodes,optimizers
100,0.006541456910781562,0.0029628020034342035,100,100,1,mean_squared_error,128,adam
250,0.006549574434757233,0.002963547548162459,100,250,1,mean_squared_error,128,adam
500,0.00653139385394752,0.002959682265667707,100,500,1,mean_squared_error,128,adam
750,0.006541103939525783,0.0029641922585488785,100,750,1,mean_squared_error,128,adam
1000,0.0065397972939535975,0.0029581535483866857,100,1000,1,mean_squared_error,128,adam
