round_epochs,val_loss,loss,batch_sizes,epochs,layers,losses,nodes,optimizers
100,0.0017414710018783808,0.004184718551592701,100,100,1,mean_squared_error,128,adam
250,0.0017107700696215034,0.0041768855414117565,100,250,1,mean_squared_error,128,adam
500,0.0016937474720180035,0.004181288698289011,100,500,1,mean_squared_error,128,adam
750,0.0016687899769749492,0.004181463311059882,100,750,1,mean_squared_error,128,adam
1000,0.0017013218603096902,0.00417689033515546,100,1000,1,mean_squared_error,128,adam
