round_epochs,val_loss,loss,batch_sizes,epochs,layers,losses,nodes,optimizers
100,0.007118055713362992,0.002837053042040545,100,100,1,mean_squared_error,128,adam
250,0.0071001239120960236,0.0028276269888402638,100,250,1,mean_squared_error,128,adam
500,0.007100867107510567,0.002827230008216318,100,500,1,mean_squared_error,128,adam
750,0.007101787836290896,0.0028266903995664647,100,750,1,mean_squared_error,128,adam
1000,0.007100288174115121,0.0028254497536040262,100,1000,1,mean_squared_error,128,adam
