round_epochs,val_loss,loss,batch_sizes,epochs,layers,losses,nodes,optimizers
100,0.0036366513231769204,0.003694160958696017,100,100,1,mean_squared_error,128,adam
250,0.003641046932898462,0.003689661787187956,100,250,1,mean_squared_error,128,adam
500,0.003637143410742283,0.00370385268537379,100,500,1,mean_squared_error,128,adam
750,0.0036397732328623533,0.003685850725931706,100,750,1,mean_squared_error,128,adam
1000,0.0036373453913256526,0.0036969989582541444,100,1000,1,mean_squared_error,128,adam
