round_epochs,val_loss,loss,batch_sizes,epochs,layers,losses,nodes,optimizers
100,0.003234758274629712,0.0038109484938601205,100,100,1,mean_squared_error,128,adam
250,0.003235813230276108,0.0037904416043474747,100,250,1,mean_squared_error,128,adam
500,0.003236072137951851,0.003791407915999305,100,500,1,mean_squared_error,128,adam
750,0.0032360495533794165,0.0037955443286115213,100,750,1,mean_squared_error,128,adam
1000,0.003235486918129027,0.0037976598383433987,100,1000,1,mean_squared_error,128,adam
