round_epochs,val_loss,loss,batch_sizes,epochs,layers,losses,nodes,optimizers
100,0.00844457687344402,0.0024909354807029394,100,100,1,mean_squared_error,128,adam
250,0.00841831520665437,0.002490318829910293,100,250,1,mean_squared_error,128,adam
500,0.008442828431725502,0.0024922801511955066,100,500,1,mean_squared_error,128,adam
750,0.008437359530944377,0.0024872054987794775,100,750,1,mean_squared_error,128,adam
1000,0.008428486820776016,0.0024928994267305973,100,1000,1,mean_squared_error,128,adam
