round_epochs,val_loss,loss,batch_sizes,epochs,layers,losses,nodes,optimizers
100,0.006179236574098468,0.003082303403535937,100,100,1,mean_squared_error,128,adam
250,0.006177120201755315,0.003074479345080529,100,250,1,mean_squared_error,128,adam
500,0.006156894087325782,0.003086024558026913,100,500,1,mean_squared_error,128,adam
750,0.006168995925690979,0.0030770506919886834,100,750,1,mean_squared_error,128,adam
1000,0.006186676910147071,0.0030750897975596494,100,1000,1,mean_squared_error,128,adam
