round_epochs,val_loss,loss,batch_sizes,epochs,layers,losses,nodes,optimizers
100,0.0028101116186007857,0.003916077905469912,100,100,1,mean_squared_error,128,adam
250,0.002799124689772725,0.0039030970135507615,100,250,1,mean_squared_error,128,adam
500,0.002802694623824209,0.00389667648885091,100,500,1,mean_squared_error,128,adam
750,0.002809428027831018,0.003919879744240178,100,750,1,mean_squared_error,128,adam
1000,0.0028036973671987653,0.0038982895973201535,100,1000,1,mean_squared_error,128,adam
