round_epochs,val_loss,loss,batch_sizes,epochs,layers,losses,nodes,optimizers
100,0.0030901013524271548,0.0038299781613444026,100,100,1,mean_squared_error,128,adam
250,0.0031063203350640833,0.0038241009933425857,100,250,1,mean_squared_error,128,adam
500,0.0030933276866562665,0.0038351757725570024,100,500,1,mean_squared_error,128,adam
750,0.003094519895967096,0.0038242445888702656,100,750,1,mean_squared_error,128,adam
1000,0.003091958293225616,0.003826781018476065,100,1000,1,mean_squared_error,128,adam
