round_epochs,val_loss,loss,batch_sizes,epochs,layers,losses,nodes,optimizers
100,0.0013704902958124876,0.004276005131073464,100,100,1,mean_squared_error,128,adam
250,0.0013700341805815697,0.004260626091110639,100,250,1,mean_squared_error,128,adam
500,0.0013775958796031773,0.004255678905010747,100,500,1,mean_squared_error,128,adam
750,0.001375045976601541,0.004258266440067524,100,750,1,mean_squared_error,128,adam
1000,0.0013863847125321627,0.0042619676962914995,100,1000,1,mean_squared_error,128,adam
