round_epochs,val_loss,loss,batch_sizes,epochs,layers,losses,nodes,optimizers
100,0.0014787971740588546,0.004273629463149379,100,100,1,mean_squared_error,128,adam
250,0.0015185349038802087,0.004262255235717522,100,250,1,mean_squared_error,128,adam
500,0.00190216297050938,0.0042284796887397166,100,500,1,mean_squared_error,128,adam
750,0.0025292063946835697,0.004201803668600537,100,750,1,mean_squared_error,128,adam
1000,0.0028788361814804375,0.004210000381545913,100,1000,1,mean_squared_error,128,adam
