round_epochs,val_loss,loss,batch_sizes,epochs,layers,losses,nodes,optimizers
100,0.006105966051109135,0.003091450425257024,100,100,1,mean_squared_error,128,adam
250,0.006107551860623062,0.003070367521776778,100,250,1,mean_squared_error,128,adam
500,0.006112760165706277,0.0030943011733140786,100,500,1,mean_squared_error,128,adam
750,0.006129716173745692,0.0030612817908261428,100,750,1,mean_squared_error,128,adam
1000,0.006117665208876133,0.0030775740602634904,100,1000,1,mean_squared_error,128,adam
