round_epochs,val_loss,loss,batch_sizes,epochs,layers,losses,nodes,optimizers
100,0.004196185851469636,0.003570467465904945,100,100,1,mean_squared_error,128,adam
250,0.004288936732336879,0.003557344310086006,100,250,1,mean_squared_error,128,adam
500,0.004562844813335687,0.0035456838262766916,100,500,1,mean_squared_error,128,adam
750,0.0053111015586182475,0.0035166821960723937,100,750,1,mean_squared_error,128,adam
1000,0.0055689995642751455,0.0035202598481095934,100,1000,1,mean_squared_error,128,adam
