round_epochs,val_loss,loss,batch_sizes,epochs,layers,losses,nodes,optimizers
100,0.0022293049842119217,0.004049859287446006,100,100,1,mean_squared_error,128,adam
250,0.0022451302502304316,0.004041719098661777,100,250,1,mean_squared_error,128,adam
500,0.0022484855726361275,0.004040121614645915,100,500,1,mean_squared_error,128,adam
750,0.00223694765008986,0.004040486277909693,100,750,1,mean_squared_error,128,adam
1000,0.0022547997068613768,0.004039998193105734,100,1000,1,mean_squared_error,128,adam
