round_epochs,val_loss,loss,batch_sizes,epochs,layers,losses,nodes,optimizers
100,0.0069847278064116836,0.0028569837168493963,100,100,1,mean_squared_error,128,adam
250,0.006980621838010848,0.00285196698120186,100,250,1,mean_squared_error,128,adam
500,0.006992604699917138,0.002854590790280909,100,500,1,mean_squared_error,128,adam
750,0.00698422861751169,0.0028539652802530946,100,750,1,mean_squared_error,128,adam
1000,0.006983610335737467,0.002854899097149982,100,1000,1,mean_squared_error,128,adam
