round_epochs,val_loss,loss,batch_sizes,epochs,layers,losses,nodes,optimizers
100,0.005376250017434359,0.003259256271468032,100,100,1,mean_squared_error,128,adam
250,0.005379936657845974,0.0032535373247263577,100,250,1,mean_squared_error,128,adam
500,0.005346217891201377,0.003273753249897554,100,500,1,mean_squared_error,128,adam
750,0.00539204734377563,0.003255340219346951,100,750,1,mean_squared_error,128,adam
1000,0.0053636799566447735,0.003257256817308378,100,1000,1,mean_squared_error,128,adam
