round_epochs,val_loss,loss,batch_sizes,epochs,layers,losses,nodes,optimizers
100,0.0024589619715698063,0.004017702264146398,100,100,1,mean_squared_error,128,adam
250,0.0024323248653672636,0.00398970588418494,100,250,1,mean_squared_error,128,adam
500,0.0024885169113986194,0.004025582856683056,100,500,1,mean_squared_error,128,adam
750,0.0024484709720127285,0.003997127827779765,100,750,1,mean_squared_error,128,adam
1000,0.0024511757073923945,0.004000769958441568,100,1000,1,mean_squared_error,128,adam
