round_epochs,val_loss,loss,batch_sizes,epochs,layers,losses,nodes,optimizers
100,0.0041653066873550415,0.0036084235384406752,100,100,1,mean_squared_error,128,adam
250,0.004266111645847559,0.0035813620788416357,100,250,1,mean_squared_error,128,adam
500,0.005091322353109717,0.0035473922154350313,100,500,1,mean_squared_error,128,adam
750,0.005983819137327373,0.003545291745162249,100,750,1,mean_squared_error,128,adam
1000,0.005944108008407056,0.0035464235086619554,100,1000,1,mean_squared_error,128,adam
