round_epochs,val_loss,loss,batch_sizes,epochs,layers,losses,nodes,optimizers
100,0.0014555164379999042,0.0042602996864731894,100,100,1,mean_squared_error,128,adam
250,0.0013864787761121988,0.004262791802397086,100,250,1,mean_squared_error,128,adam
500,0.0013899761252105236,0.004255407998095591,100,500,1,mean_squared_error,128,adam
750,0.001391970261465758,0.004248940351449495,100,750,1,mean_squared_error,128,adam
1000,0.0014076390070840716,0.004256176058830866,100,1000,1,mean_squared_error,128,adam
