round_epochs,val_loss,loss,batch_sizes,epochs,layers,losses,nodes,optimizers
100,0.002124063321389258,0.004080367814352675,100,100,1,mean_squared_error,128,adam
250,0.0021565380739048123,0.004089448218791743,100,250,1,mean_squared_error,128,adam
500,0.002269575255922973,0.0040610764808205885,100,500,1,mean_squared_error,128,adam
750,0.0023834615130908787,0.004054805473949676,100,750,1,mean_squared_error,128,adam
1000,0.0024891935172490776,0.004048493828794879,100,1000,1,mean_squared_error,128,adam
