round_epochs,val_loss,loss,batch_sizes,epochs,layers,losses,nodes,optimizers
100,0.021803163720039546,0.012887630050020818,100,100,1,mean_squared_error,128,adam
250,0.0222261446116842,0.01235869839436756,100,250,1,mean_squared_error,128,adam
500,0.023315035109290012,0.011653729688385668,100,500,1,mean_squared_error,128,adam
750,0.030291493868616026,0.0057493217678091305,100,750,1,mean_squared_error,128,adam
1000,0.035624281347251784,0.0004921042191963074,100,1000,1,mean_squared_error,128,adam
