round_epochs,val_loss,loss,batch_sizes,epochs,layers,losses,nodes,optimizers
100,0.011937449846965105,0.015343900059015696,100,100,1,mean_squared_error,128,adam
250,0.012210453723363464,0.014728373866860042,100,250,1,mean_squared_error,128,adam
500,0.013855391772946125,0.012997188638545022,100,500,1,mean_squared_error,128,adam
750,0.02253593832519151,0.0031743220186320727,100,750,1,mean_squared_error,128,adam
1000,0.024239142657007058,0.000256396888067434,100,1000,1,mean_squared_error,128,adam
