round_epochs,val_loss,loss,batch_sizes,epochs,layers,losses,nodes,optimizers
100,0.01375279827563442,0.014919257305714162,100,100,1,mean_squared_error,128,adam
250,0.0133810147955106,0.014789068905527659,100,250,1,mean_squared_error,128,adam
500,0.017409415802147787,0.013610461060877217,100,500,1,mean_squared_error,128,adam
750,0.02737867627954725,0.002196234860042769,100,750,1,mean_squared_error,128,adam
1000,0.028441690825644482,0.0003762814355836399,100,1000,1,mean_squared_error,128,adam
