round_epochs,val_loss,loss,batch_sizes,epochs,layers,losses,nodes,optimizers
100,0.01277869145106997,0.015397358932188753,100,100,1,mean_squared_error,128,adam
250,0.013017506338655949,0.014687524053905604,100,250,1,mean_squared_error,128,adam
500,0.01434088000072743,0.012705743751244539,100,500,1,mean_squared_error,128,adam
750,0.028979537516907992,0.004396310272809052,100,750,1,mean_squared_error,128,adam
1000,0.022114690941602445,0.00038466028774064744,100,1000,1,mean_squared_error,128,adam
