round_epochs,val_loss,loss,batch_sizes,epochs,layers,losses,nodes,optimizers
100,0.014963201601720098,0.014736064456156798,100,100,1,mean_squared_error,128,adam
250,0.015095932555720589,0.014181292163203388,100,250,1,mean_squared_error,128,adam
500,0.017702944160718,0.011787191140003333,100,500,1,mean_squared_error,128,adam
750,0.02629690188063583,0.004035379889281348,100,750,1,mean_squared_error,128,adam
1000,0.029821274102414926,0.00027287241026881194,100,1000,1,mean_squared_error,128,adam
