round_epochs,val_loss,loss,batch_sizes,epochs,layers,losses,nodes,optimizers
100,0.015562384857365929,0.014510058705474584,100,100,1,mean_squared_error,128,adam
250,0.016004824490867896,0.014072796680582995,100,250,1,mean_squared_error,128,adam
500,0.01741791343514992,0.012151239973045033,100,500,1,mean_squared_error,128,adam
750,0.0278551631470017,0.005041041360509229,100,750,1,mean_squared_error,128,adam
1000,0.02948661776363547,0.00048083572584185416,100,1000,1,mean_squared_error,128,adam
