round_epochs,val_loss,loss,batch_sizes,epochs,layers,losses,nodes,optimizers
100,0.015524900570360538,0.014446948951171858,100,100,1,mean_squared_error,128,adam
250,0.01549038589757106,0.014166433762275535,100,250,1,mean_squared_error,128,adam
500,0.016713676057037365,0.012949789130145509,100,500,1,mean_squared_error,128,adam
750,0.02535601290235967,0.007086901660089123,100,750,1,mean_squared_error,128,adam
1000,0.03297141720044432,0.0005409179860992599,100,1000,1,mean_squared_error,128,adam
