round_epochs,val_loss,loss,batch_sizes,epochs,layers,losses,nodes,optimizers
100,0.018643955090248646,0.013681810280502449,100,100,1,mean_squared_error,128,adam
250,0.018557384912737736,0.013298905096739606,100,250,1,mean_squared_error,128,adam
500,0.022613155357728756,0.011168142062618987,100,500,1,mean_squared_error,128,adam
750,0.026898179827305267,0.00826110160357435,100,750,1,mean_squared_error,128,adam
1000,0.028879341589012727,0.0016551029393875986,100,1000,1,mean_squared_error,128,adam
