round_epochs,val_loss,loss,batch_sizes,epochs,layers,losses,nodes,optimizers
100,0.012950218254274826,0.015516432447704953,100,100,1,mean_squared_error,128,adam
250,0.012896360985480892,0.014646577840770473,100,250,1,mean_squared_error,128,adam
500,0.014148885582758085,0.013470125702178964,100,500,1,mean_squared_error,128,adam
750,0.023675385824768677,0.004720752749535191,100,750,1,mean_squared_error,128,adam
1000,0.033672449609198546,0.0014742819824002436,100,1000,1,mean_squared_error,128,adam
