round_epochs,val_loss,loss,batch_sizes,epochs,layers,losses,nodes,optimizers
100,0.011507783193840895,0.015551983810127085,100,100,1,mean_squared_error,128,adam
250,0.011326230031811647,0.015143323056968569,100,250,1,mean_squared_error,128,adam
500,0.012582604678792094,0.013599931662925934,100,500,1,mean_squared_error,128,adam
750,0.019665975894230574,0.004661031082774923,100,750,1,mean_squared_error,128,adam
1000,0.027399222919632336,0.0004874925416747331,100,1000,1,mean_squared_error,128,adam
