round_epochs,val_loss,loss,batch_sizes,epochs,layers,losses,nodes,optimizers
100,0.016014860630943085,0.014639841124851437,100,100,1,mean_squared_error,128,adam
250,0.017427226831087002,0.01360519220886643,100,250,1,mean_squared_error,128,adam
500,0.020096319098838696,0.011677779264406848,100,500,1,mean_squared_error,128,adam
750,0.030886442159411266,0.006288253466430436,100,750,1,mean_squared_error,128,adam
1000,0.03416496203257348,0.00042659008348806175,100,1000,1,mean_squared_error,128,adam
