round_epochs,val_loss,loss,batch_sizes,epochs,layers,losses,nodes,optimizers
100,0.011003908332494008,0.015581926994461747,100,100,1,mean_squared_error,128,adam
250,0.01087525057686767,0.015435976443134495,100,250,1,mean_squared_error,128,adam
500,0.011780229382935515,0.014318836573274384,100,500,1,mean_squared_error,128,adam
750,0.02355739177407952,0.003561006479780486,100,750,1,mean_squared_error,128,adam
1000,0.024433223596835498,0.00036706072839661847,100,1000,1,mean_squared_error,128,adam
