round_epochs,val_loss,loss,batch_sizes,epochs,layers,losses,nodes,optimizers
100,0.019454102627554825,0.013500248008519032,100,100,1,mean_squared_error,128,adam
250,0.019761713892977855,0.013011226567982414,100,250,1,mean_squared_error,128,adam
500,0.019745449313354976,0.011285425329689912,100,500,1,mean_squared_error,128,adam
750,0.023082186917060522,0.008774056604117838,100,750,1,mean_squared_error,128,adam
1000,0.031411633273671725,0.0006282540094065918,100,1000,1,mean_squared_error,128,adam
