round_epochs,val_loss,loss,batch_sizes,epochs,layers,losses,nodes,optimizers
100,0.015403961233303027,0.014601977975712022,100,100,1,mean_squared_error,128,adam
250,0.015288317386949728,0.014383617442565716,100,250,1,mean_squared_error,128,adam
500,0.015880813765419922,0.012930512949634751,100,500,1,mean_squared_error,128,adam
750,0.025510745406680302,0.0022199306727100267,100,750,1,mean_squared_error,128,adam
1000,0.02796712285144075,0.0003817796162993152,100,1000,1,mean_squared_error,128,adam
