round_epochs,val_loss,loss,batch_sizes,epochs,layers,losses,nodes,optimizers
100,0.013155678740990948,0.015043395670941312,100,100,1,mean_squared_error,128,adam
250,0.013415727263250327,0.014451783671785554,100,250,1,mean_squared_error,128,adam
500,0.015153195846088345,0.012669730367513407,100,500,1,mean_squared_error,128,adam
750,0.02196680633398482,0.009786014359814065,100,750,1,mean_squared_error,128,adam
1000,0.03128596642976485,0.0006877250208711351,100,1000,1,mean_squared_error,128,adam
