round_epochs,val_loss,loss,batch_sizes,epochs,layers,losses,nodes,optimizers
100,0.013174625742367378,0.015129427897149066,100,100,1,mean_squared_error,128,adam
250,0.013024050052169011,0.01483882146558082,100,250,1,mean_squared_error,128,adam
500,0.014529889752038845,0.013169247908257043,100,500,1,mean_squared_error,128,adam
750,0.02024151897294267,0.005592599802629183,100,750,1,mean_squared_error,128,adam
1000,0.026662384949359796,0.00018314947466734494,100,1000,1,mean_squared_error,128,adam
