round_epochs,val_loss,loss,batch_sizes,epochs,layers,losses,nodes,optimizers
100,0.010258799768643936,0.015941449969476114,100,100,1,mean_squared_error,128,adam
250,0.010738574285154718,0.01518533078588678,100,250,1,mean_squared_error,128,adam
500,0.012865760656744997,0.013794105917063681,100,500,1,mean_squared_error,128,adam
750,0.01846106756989121,0.006454275729035148,100,750,1,mean_squared_error,128,adam
1000,0.019339189084653322,0.0017617405122667361,100,1000,1,mean_squared_error,128,adam
