round_epochs,val_loss,loss,batch_sizes,epochs,layers,losses,nodes,optimizers
100,0.011476220080846457,0.01557094344049313,100,100,1,mean_squared_error,128,adam
250,0.011964889172332238,0.015072196368933786,100,250,1,mean_squared_error,128,adam
500,0.0172627328181176,0.012810273761872874,100,500,1,mean_squared_error,128,adam
750,0.020913563243250555,0.006205461757570392,100,750,1,mean_squared_error,128,adam
1000,0.02375723480194958,0.0002805371180771549,100,1000,1,mean_squared_error,128,adam
