round_epochs,val_loss,loss,batch_sizes,epochs,layers,losses,nodes,optimizers
100,0.015512858229088905,0.014500155075721007,100,100,1,mean_squared_error,128,adam
250,0.015349586626637709,0.014192579951582823,100,250,1,mean_squared_error,128,adam
500,0.017936611028038306,0.01221301013949794,100,500,1,mean_squared_error,128,adam
750,0.024330709677964902,0.008529051266250417,100,750,1,mean_squared_error,128,adam
1000,0.03243934234538054,0.00014277116259493042,100,1000,1,mean_squared_error,128,adam
