round_epochs,val_loss,loss,batch_sizes,epochs,layers,losses,nodes,optimizers
100,0.013350114552540525,0.01504162981698607,100,100,1,mean_squared_error,128,adam
250,0.013192194669984924,0.01478914213639331,100,250,1,mean_squared_error,128,adam
500,0.01431205664019143,0.013183283579296434,100,500,1,mean_squared_error,128,adam
750,0.01954761783351299,0.007689394124335687,100,750,1,mean_squared_error,128,adam
1000,0.02560627624997633,0.00111778391763312,100,1000,1,mean_squared_error,128,adam
