round_epochs,val_loss,loss,batch_sizes,epochs,layers,losses,nodes,optimizers
100,0.018514636478523916,0.013837931341190678,100,100,1,mean_squared_error,128,adam
250,0.01820097659445051,0.013674115837947406,100,250,1,mean_squared_error,128,adam
500,0.019579816836542283,0.01150758789601065,100,500,1,mean_squared_error,128,adam
750,0.027449023347291244,0.005931233281018473,100,750,1,mean_squared_error,128,adam
1000,0.028316685239675687,0.00026994236847433157,100,1000,1,mean_squared_error,128,adam
