round_epochs,val_loss,loss,batch_sizes,epochs,layers,losses,nodes,optimizers
100,0.021390519374366944,0.013055348742762747,100,100,1,mean_squared_error,128,adam
250,0.02170282784792675,0.012620950103488588,100,250,1,mean_squared_error,128,adam
500,0.02234553360394415,0.011125307961464232,100,500,1,mean_squared_error,128,adam
750,0.030596088608585034,0.006296403985707511,100,750,1,mean_squared_error,128,adam
1000,0.031482264598084585,0.0006501462050469512,100,1000,1,mean_squared_error,128,adam
