round_epochs,val_loss,loss,batch_sizes,epochs,layers,losses,nodes,optimizers
100,0.013559413482884163,0.01502945544980182,100,100,1,mean_squared_error,128,adam
250,0.013291332917997075,0.014678286677629286,100,250,1,mean_squared_error,128,adam
500,0.017125494503959785,0.012170888260765234,100,500,1,mean_squared_error,128,adam
750,0.03150540699964852,0.0010513922394521098,100,750,1,mean_squared_error,128,adam
1000,0.028705302748810217,0.00012278641891338727,100,1000,1,mean_squared_error,128,adam
