round_epochs,val_loss,loss,batch_sizes,epochs,layers,losses,nodes,optimizers
100,0.020362684309369113,0.013423223944224474,100,100,1,mean_squared_error,128,adam
250,0.021166088456656726,0.012618946816781702,100,250,1,mean_squared_error,128,adam
500,0.025034829387961307,0.01086699554303296,100,500,1,mean_squared_error,128,adam
750,0.03154125081630528,0.00494572146423635,100,750,1,mean_squared_error,128,adam
1000,0.03454294652314053,0.000914678753367874,100,1000,1,mean_squared_error,128,adam
