round_epochs,val_loss,loss,batch_sizes,epochs,layers,losses,nodes,optimizers
100,0.01695660320181532,0.014147615114715111,100,100,1,mean_squared_error,128,adam
250,0.01673854885594494,0.013749680088468028,100,250,1,mean_squared_error,128,adam
500,0.017742518222120206,0.012850341782845918,100,500,1,mean_squared_error,128,adam
750,0.027492332012217662,0.008588386499311103,100,750,1,mean_squared_error,128,adam
1000,0.03600514375694512,0.000223621214719539,100,1000,1,mean_squared_error,128,adam
