round_epochs,val_loss,loss,batch_sizes,epochs,layers,losses,nodes,optimizers
100,0.014017831642880355,0.014888176924380788,100,100,1,mean_squared_error,128,adam
250,0.013779979492277663,0.014869481419940638,100,250,1,mean_squared_error,128,adam
500,0.013914730220201052,0.013559479482054862,100,500,1,mean_squared_error,128,adam
750,0.022140749574161425,0.006465447866346014,100,750,1,mean_squared_error,128,adam
1000,0.027850336797043757,0.0002401628446796051,100,1000,1,mean_squared_error,128,adam
