round_epochs,val_loss,loss,batch_sizes,epochs,layers,losses,nodes,optimizers
100,0.014126596948708678,0.014858870011097905,100,100,1,mean_squared_error,128,adam
250,0.013708435126632302,0.01465634579365035,100,250,1,mean_squared_error,128,adam
500,0.012774639970949155,0.01307591835259633,100,500,1,mean_squared_error,128,adam
750,0.023627801916472197,0.0037047854084379345,100,750,1,mean_squared_error,128,adam
1000,0.03019206326095586,0.00042428269811417747,100,1000,1,mean_squared_error,128,adam
