round_epochs,val_loss,loss,batch_sizes,epochs,layers,losses,nodes,optimizers
100,0.01209404895810155,0.015382691163275836,100,100,1,mean_squared_error,128,adam
250,0.012288902380366616,0.014788147678205379,100,250,1,mean_squared_error,128,adam
500,0.014326539074973709,0.01264545108658515,100,500,1,mean_squared_error,128,adam
750,0.021908799006702936,0.0037892029203626188,100,750,1,mean_squared_error,128,adam
1000,0.026411278844636104,0.0002175571990539154,100,1000,1,mean_squared_error,128,adam
