round_epochs,val_loss,loss,batch_sizes,epochs,layers,losses,nodes,optimizers
100,0.014481579015022002,0.014817947597638645,100,100,1,mean_squared_error,128,adam
250,0.014878733007965354,0.014323264526312284,100,250,1,mean_squared_error,128,adam
500,0.015987986736566887,0.012325886762570638,100,500,1,mean_squared_error,128,adam
750,0.026802957871087312,0.0033069905681587736,100,750,1,mean_squared_error,128,adam
1000,0.031181442215660504,0.001242875668656261,100,1000,1,mean_squared_error,128,adam
