round_epochs,val_loss,loss,batch_sizes,epochs,layers,losses,nodes,optimizers
100,0.013903755524436835,0.014992095653261544,100,100,1,mean_squared_error,128,adam
250,0.013973717577755451,0.014359905941378676,100,250,1,mean_squared_error,128,adam
500,0.01719428431526356,0.012218617483423715,100,500,1,mean_squared_error,128,adam
750,0.024779265670833855,0.0058400719059256805,100,750,1,mean_squared_error,128,adam
1000,0.03938622778366665,0.0007370423258083183,100,1000,1,mean_squared_error,128,adam
