round_epochs,val_loss,loss,batch_sizes,epochs,layers,losses,nodes,optimizers
100,0.01483181903734425,0.01468000171881444,100,100,1,mean_squared_error,128,adam
250,0.014265950513899629,0.014368978039889997,100,250,1,mean_squared_error,128,adam
500,0.016208564077839632,0.012778503211267273,100,500,1,mean_squared_error,128,adam
750,0.022493659911043754,0.00954380393521173,100,750,1,mean_squared_error,128,adam
1000,0.027356098978047444,0.0002624350530332376,100,1000,1,mean_squared_error,128,adam
