round_epochs,val_loss,loss,batch_sizes,epochs,layers,losses,nodes,optimizers
100,0.01550637214411485,0.014641324283303954,100,100,1,mean_squared_error,128,adam
250,0.015026367222181128,0.014162068461416332,100,250,1,mean_squared_error,128,adam
500,0.01603663159146678,0.013055620632079873,100,500,1,mean_squared_error,128,adam
750,0.027937712724590058,0.0044261959094658455,100,750,1,mean_squared_error,128,adam
1000,0.0267846211696488,0.00026238095127111276,100,1000,1,mean_squared_error,128,adam
