round_epochs,val_loss,loss,batch_sizes,epochs,layers,losses,nodes,optimizers
100,0.015098046549231872,0.014666792090612514,100,100,1,mean_squared_error,128,adam
250,0.015559581444045614,0.013930776125677972,100,250,1,mean_squared_error,128,adam
500,0.016373637250534773,0.012320312645295801,100,500,1,mean_squared_error,128,adam
750,0.02163092841200417,0.006688099977757033,100,750,1,mean_squared_error,128,adam
1000,0.028864268553892368,0.0008379140941061213,100,1000,1,mean_squared_error,128,adam
