round_epochs,val_loss,loss,batch_sizes,epochs,layers,losses,nodes,optimizers
100,0.011300618240259928,0.015610053199260442,100,100,1,mean_squared_error,128,adam
250,0.011050729832711256,0.015256184541902317,100,250,1,mean_squared_error,128,adam
500,0.01299506441458379,0.012772232723012377,100,500,1,mean_squared_error,128,adam
750,0.02545068367634933,0.001361857372621648,100,750,1,mean_squared_error,128,adam
1000,0.02196824985561032,0.00034272686371570287,100,1000,1,mean_squared_error,128,adam
