round_epochs,val_loss,loss,batch_sizes,epochs,layers,losses,nodes,optimizers
100,0.017109908447199063,0.01409673185559326,100,100,1,mean_squared_error,128,adam
250,0.017577179494848105,0.01429760971274843,100,250,1,mean_squared_error,128,adam
500,0.018103809261382532,0.012433857213866924,100,500,1,mean_squared_error,128,adam
750,0.0247251589872359,0.007129075244998053,100,750,1,mean_squared_error,128,adam
1000,0.03734685157231873,0.0006506637748302395,100,1000,1,mean_squared_error,128,adam
