round_epochs,val_loss,loss,batch_sizes,epochs,layers,losses,nodes,optimizers
100,0.011975008724871929,0.015500511301079475,100,100,1,mean_squared_error,128,adam
250,0.011775944849977337,0.01475518616271838,100,250,1,mean_squared_error,128,adam
500,0.013663619345403867,0.013423098663564857,100,500,1,mean_squared_error,128,adam
750,0.023004741715220024,0.007181267872566485,100,750,1,mean_squared_error,128,adam
1000,0.02395056307240186,0.0002650263184283412,100,1000,1,mean_squared_error,128,adam
