round_epochs,val_loss,loss,batch_sizes,epochs,layers,losses,nodes,optimizers
100,0.017524832850180302,0.013933563095448733,100,100,1,mean_squared_error,128,adam
250,0.017556748414402686,0.013330928424406446,100,250,1,mean_squared_error,128,adam
500,0.01758334391424196,0.012447968864713917,100,500,1,mean_squared_error,128,adam
750,0.024389210105093602,0.00547648380266422,100,750,1,mean_squared_error,128,adam
1000,0.03206224533431421,0.0006547132046341081,100,1000,1,mean_squared_error,128,adam
