round_epochs,val_loss,loss,batch_sizes,epochs,layers,losses,nodes,optimizers
100,0.01252461515537222,0.015225076126100604,100,100,1,mean_squared_error,128,adam
250,0.013924166626358396,0.014485517457487777,100,250,1,mean_squared_error,128,adam
500,0.015675371309487044,0.013353348593523787,100,500,1,mean_squared_error,128,adam
750,0.021519716318488726,0.00829939978581121,100,750,1,mean_squared_error,128,adam
1000,0.030406445567377934,0.0008114392282062094,100,1000,1,mean_squared_error,128,adam
