round_epochs,val_loss,loss,batch_sizes,epochs,layers,losses,nodes,optimizers
100,0.012706217502579472,0.015205908341584466,100,100,1,mean_squared_error,128,adam
250,0.012738459355902247,0.014838273473482096,100,250,1,mean_squared_error,128,adam
500,0.015406509795164698,0.012185756309057464,100,500,1,mean_squared_error,128,adam
750,0.027710260369526552,0.0026012879349623093,100,750,1,mean_squared_error,128,adam
1000,0.02465994151186217,0.0003948121319190805,100,1000,1,mean_squared_error,128,adam
