round_epochs,val_loss,loss,batch_sizes,epochs,layers,losses,nodes,optimizers
100,0.010901607554122276,0.01581309977729281,100,100,1,mean_squared_error,128,adam
250,0.011249650142103584,0.014938147428135077,100,250,1,mean_squared_error,128,adam
500,0.012388770180153968,0.012680750171969107,100,500,1,mean_squared_error,128,adam
750,0.02268135874782722,0.004446799502501847,100,750,1,mean_squared_error,128,adam
1000,0.026185056790331295,0.0004763795954824613,100,1000,1,mean_squared_error,128,adam
