round_epochs,val_loss,loss,batch_sizes,epochs,layers,losses,nodes,optimizers
100,0.007005840074270964,0.008790584835334587,100,100,1,mean_squared_error,128,adam
100,0.006736209616065025,0.00886394872967718,100,100,2,mean_squared_error,128,adam
100,0.006895429454743862,0.008863620965325452,100,100,3,mean_squared_error,128,adam
100,0.006988368928432465,0.00880536755595883,100,100,4,mean_squared_error,128,adam
100,0.006736878305673599,0.008924814373562497,100,100,5,mean_squared_error,128,adam
