round_epochs,val_loss,loss,batch_sizes,epochs,layers,losses,nodes,optimizers
100,0.008887798059731722,0.008282636061487941,100,100,1,mean_squared_error,128,adam
100,0.008845102041959763,0.00830023415685073,100,100,2,mean_squared_error,128,adam
100,0.00881069153547287,0.008325173405904756,100,100,3,mean_squared_error,128,adam
100,0.008846819400787354,0.008313768406926617,100,100,4,mean_squared_error,128,adam
100,0.008784746751189232,0.008380858898419276,100,100,5,mean_squared_error,128,adam
