round_epochs,val_loss,loss,batch_sizes,epochs,layers,losses,nodes,optimizers
100,0.00896627502515912,0.008260960923216407,100,100,1,mean_squared_error,128,adam
100,0.009087671991437674,0.008321752621371472,100,100,2,mean_squared_error,128,adam
100,0.008898201398551464,0.008305286342285117,100,100,3,mean_squared_error,128,adam
100,0.009044761303812265,0.00821130086454529,100,100,4,mean_squared_error,128,adam
100,0.009040184784680605,0.008206980132750785,100,100,5,mean_squared_error,128,adam
