round_epochs,val_loss,loss,batch_sizes,epochs,layers,losses,nodes,optimizers
100,0.007422165712341666,0.008659081006695392,100,100,1,mean_squared_error,128,adam
100,0.007392345927655697,0.008649737142884313,100,100,2,mean_squared_error,128,adam
100,0.007358089322224259,0.008712017470422913,100,100,3,mean_squared_error,128,adam
100,0.007413408253341913,0.008774875270410234,100,100,4,mean_squared_error,128,adam
100,0.007328813895583153,0.008669148061718228,100,100,5,mean_squared_error,128,adam
