round_epochs,val_loss,loss,batch_sizes,epochs,layers,losses,nodes,optimizers
100,0.006724906852468848,0.008820047324642222,100,100,1,mean_squared_error,128,adam
100,0.006719803437590599,0.008924044330647501,100,100,2,mean_squared_error,128,adam
100,0.006800595438107848,0.008881015511922007,100,100,3,mean_squared_error,128,adam
100,0.006667607696726918,0.008823191478979005,100,100,4,mean_squared_error,128,adam
100,0.006593151018023491,0.008826737533392238,100,100,5,mean_squared_error,128,adam
