round_epochs,val_loss,loss,batch_sizes,epochs,layers,losses,nodes,optimizers
100,0.008252462837845087,0.008450969512246838,100,100,1,mean_squared_error,128,adam
100,0.00822482374496758,0.00847749851961085,100,100,2,mean_squared_error,128,adam
100,0.00816021766513586,0.008464971677317414,100,100,3,mean_squared_error,128,adam
100,0.008242394076660275,0.008620231735225166,100,100,4,mean_squared_error,128,adam
100,0.008249836741015315,0.008470258244822672,100,100,5,mean_squared_error,128,adam
