round_epochs,val_loss,loss,batch_sizes,epochs,layers,losses,nodes,optimizers
100,0.008712047012522817,0.008325917554205663,100,100,1,mean_squared_error,128,adam
100,0.008884839247912169,0.008340147998794746,100,100,2,mean_squared_error,128,adam
100,0.009200705448165536,0.008324131207570936,100,100,3,mean_squared_error,128,adam
100,0.009660067735239863,0.008344194176927376,100,100,4,mean_squared_error,128,adam
100,0.009237429592758417,0.008214480399232223,100,100,5,mean_squared_error,128,adam
