round_epochs,val_loss,loss,batch_sizes,epochs,layers,losses,nodes,optimizers
100,0.008104476612061262,0.00849843728769855,100,100,1,mean_squared_error,128,adam
100,0.008073827950283885,0.008510527261608608,100,100,2,mean_squared_error,128,adam
100,0.008074791170656681,0.008550281024471541,100,100,3,mean_squared_error,128,adam
100,0.007999720517545938,0.008603837814890734,100,100,4,mean_squared_error,128,adam
100,0.008418763522058725,0.008731254630574073,100,100,5,mean_squared_error,128,adam
