round_epochs,val_loss,loss,batch_sizes,epochs,layers,losses,nodes,optimizers
100,0.010537493042647839,0.007917941165610084,100,100,1,mean_squared_error,128,adam
100,0.010369115974754095,0.007903501962559841,100,100,2,mean_squared_error,128,adam
100,0.010432927403599024,0.007901092547135374,100,100,3,mean_squared_error,128,adam
100,0.010493621695786715,0.007892668722791875,100,100,4,mean_squared_error,128,adam
100,0.010628740768879652,0.007819808984597275,100,100,5,mean_squared_error,128,adam
