round_epochs,val_loss,loss,batch_sizes,epochs,layers,losses,nodes,optimizers
100,0.006846343399956822,0.008807004204437193,100,100,1,mean_squared_error,128,adam
100,0.006889965385198593,0.008832929420456272,100,100,2,mean_squared_error,128,adam
100,0.006509518250823021,0.008804609021113647,100,100,3,mean_squared_error,128,adam
100,0.00699346954934299,0.008850698970090389,100,100,4,mean_squared_error,128,adam
100,0.007608207408338785,0.009028763955549916,100,100,5,mean_squared_error,128,adam
