round_epochs,val_loss,loss,batch_sizes,epochs,layers,losses,nodes,optimizers
100,0.009675042005255818,0.008067244747758509,100,100,1,mean_squared_error,128,adam
100,0.009837717050686479,0.008085877421861036,100,100,2,mean_squared_error,128,adam
100,0.009750104509294033,0.008066655313817596,100,100,3,mean_squared_error,128,adam
100,0.009765255730599165,0.00808166088338228,100,100,4,mean_squared_error,128,adam
100,0.009810139890760183,0.00801245231433155,100,100,5,mean_squared_error,128,adam
