round_epochs,val_loss,loss,batch_sizes,epochs,layers,losses,nodes,optimizers
100,0.007427864242345095,0.008675030358625256,100,100,1,mean_squared_error,128,adam
100,0.007492718985304236,0.008646742584713,100,100,2,mean_squared_error,128,adam
100,0.007979078684002161,0.008554398319981199,100,100,3,mean_squared_error,128,adam
100,0.008826885838061571,0.00852529122814704,100,100,4,mean_squared_error,128,adam
100,0.008230383973568678,0.008613493933443805,100,100,5,mean_squared_error,128,adam
