round_epochs,val_loss,loss,batch_sizes,epochs,layers,losses,nodes,optimizers
100,0.008110023336485028,0.008468020135054228,100,100,1,mean_squared_error,128,adam
100,0.008070235373452306,0.008492163403451592,100,100,2,mean_squared_error,128,adam
100,0.008039106614887714,0.008491961952200968,100,100,3,mean_squared_error,128,adam
100,0.008003968745470047,0.00861110913920425,100,100,4,mean_squared_error,128,adam
100,0.008002143586054444,0.008479342650789977,100,100,5,mean_squared_error,128,adam
