round_epochs,val_loss,loss,batch_sizes,epochs,layers,losses,nodes,optimizers
100,0.011965685524046421,0.007539364657316996,100,100,1,mean_squared_error,128,adam
100,0.012125763576477766,0.007550536211957695,100,100,2,mean_squared_error,128,adam
100,0.01292206416837871,0.007426637518586817,100,100,3,mean_squared_error,128,adam
100,0.013384636724367738,0.00753176409182359,100,100,4,mean_squared_error,128,adam
100,0.013199224835261703,0.007550764579479775,100,100,5,mean_squared_error,128,adam
