round_epochs,val_loss,loss,batch_sizes,epochs,layers,losses,nodes,optimizers
100,0.007745073409751058,0.008711619071256794,100,100,1,mean_squared_error,128,adam
100,0.007860169745981693,0.008595388662419719,100,100,2,mean_squared_error,128,adam
100,0.007674128981307149,0.00869594337721734,100,100,3,mean_squared_error,128,adam
100,0.007861712714657187,0.0089906544805748,100,100,4,mean_squared_error,128,adam
100,0.007399323163554072,0.00863215231974242,100,100,5,mean_squared_error,128,adam
