round_epochs,val_loss,loss,batch_sizes,epochs,layers,losses,nodes,optimizers
100,0.010062630288302898,0.008004510733246505,100,100,1,mean_squared_error,128,adam
100,0.010229065082967281,0.00806076645161094,100,100,2,mean_squared_error,128,adam
100,0.010180220939218998,0.007994386996929352,100,100,3,mean_squared_error,128,adam
100,0.010184545302763581,0.007991820172254038,100,100,4,mean_squared_error,128,adam
100,0.009948391700163484,0.007864923435537255,100,100,5,mean_squared_error,128,adam
