round_epochs,val_loss,loss,batch_sizes,epochs,layers,losses,nodes,optimizers
100,0.009325053775683045,0.008170560449921293,100,100,1,mean_squared_error,128,adam
100,0.009478115709498525,0.008112705733454571,100,100,2,mean_squared_error,128,adam
100,0.0094611463136971,0.008122050639321195,100,100,3,mean_squared_error,128,adam
100,0.009554968914017081,0.00813415885503137,100,100,4,mean_squared_error,128,adam
100,0.009713920764625072,0.008036821483819744,100,100,5,mean_squared_error,128,adam
