round_epochs,val_loss,loss,batch_sizes,epochs,layers,losses,nodes,optimizers
100,0.007683691568672657,0.008583383907439264,100,100,1,mean_squared_error,128,adam
100,0.00766859739087522,0.008625863308788688,100,100,2,mean_squared_error,128,adam
100,0.007670196704566479,0.00863050753472184,100,100,3,mean_squared_error,128,adam
100,0.007598166121169925,0.00854771540678562,100,100,4,mean_squared_error,128,adam
100,0.007734921760857105,0.008526871417379834,100,100,5,mean_squared_error,128,adam
