round_epochs,val_loss,loss,batch_sizes,epochs,layers,losses,nodes,optimizers
100,0.00901935575529933,0.008275695941241945,100,100,1,mean_squared_error,128,adam
100,0.008970825001597404,0.00827239614763345,100,100,2,mean_squared_error,128,adam
100,0.008926354814320803,0.008275202892193844,100,100,3,mean_squared_error,128,adam
100,0.008838056586682796,0.008289113548702008,100,100,4,mean_squared_error,128,adam
100,0.009079279378056526,0.008196451455280092,100,100,5,mean_squared_error,128,adam
