round_epochs,val_loss,loss,batch_sizes,epochs,layers,losses,nodes,optimizers
100,0.00788488332182169,0.008542503779276142,100,100,1,mean_squared_error,128,adam
100,0.007879447424784303,0.008542199606292687,100,100,2,mean_squared_error,128,adam
100,0.007844393141567707,0.008579764337988759,100,100,3,mean_squared_error,128,adam
100,0.00783110992051661,0.00850983698431575,100,100,4,mean_squared_error,128,adam
100,0.0078051111195236444,0.008496746020473176,100,100,5,mean_squared_error,128,adam
