round_epochs,val_loss,loss,batch_sizes,epochs,layers,losses,nodes,optimizers
100,0.011745502706617117,0.007566412022041252,100,100,1,mean_squared_error,128,adam
100,0.011703405063599348,0.007560304628314453,100,100,2,mean_squared_error,128,adam
100,0.011736789252609015,0.007694416650301673,100,100,3,mean_squared_error,128,adam
100,0.011625740211457014,0.0075840485528186055,100,100,4,mean_squared_error,128,adam
100,0.011657653376460075,0.007546741223995468,100,100,5,mean_squared_error,128,adam
