round_epochs,val_loss,loss,batch_sizes,epochs,layers,losses,nodes,optimizers
100,0.007907515857368708,0.008528287120359263,100,100,1,mean_squared_error,128,adam
100,0.007847352884709835,0.008519618924665212,100,100,2,mean_squared_error,128,adam
100,0.007839194498956203,0.008565546044886336,100,100,3,mean_squared_error,128,adam
100,0.007789270952343941,0.00856681832943452,100,100,4,mean_squared_error,128,adam
100,0.007769919699057937,0.00853794838333309,100,100,5,mean_squared_error,128,adam
