round_epochs,val_loss,loss,batch_sizes,epochs,layers,losses,nodes,optimizers
100,0.006644274573773146,0.008886338126506466,100,100,1,mean_squared_error,128,adam
100,0.006604662863537669,0.008855199131261423,100,100,2,mean_squared_error,128,adam
100,0.006632200442254543,0.008940135004075806,100,100,3,mean_squared_error,128,adam
100,0.006553782848641276,0.009017443269239424,100,100,4,mean_squared_error,128,adam
100,0.006554743275046349,0.008857555896071753,100,100,5,mean_squared_error,128,adam
