round_epochs,val_loss,loss,batch_sizes,epochs,layers,losses,nodes,optimizers
100,0.0067022438161075115,0.008833601550946247,100,100,1,mean_squared_error,128,adam
100,0.006630010204389691,0.008910433780891501,100,100,2,mean_squared_error,128,adam
100,0.006703856401145458,0.00888090303636276,100,100,3,mean_squared_error,128,adam
100,0.0066749530378729105,0.008824891052925691,100,100,4,mean_squared_error,128,adam
100,0.006675290176644921,0.008852592703230092,100,100,5,mean_squared_error,128,adam
