round_epochs,val_loss,loss,batch_sizes,epochs,layers,losses,nodes,optimizers
100,0.009324861690402031,0.00817028892334919,100,100,1,mean_squared_error,128,adam
100,0.009378392715007067,0.008149563350035192,100,100,2,mean_squared_error,128,adam
100,0.0093650515191257,0.008188814680104859,100,100,3,mean_squared_error,128,adam
100,0.009369773324579,0.008162146363085664,100,100,4,mean_squared_error,128,adam
100,0.009509429335594177,0.008082046659572403,100,100,5,mean_squared_error,128,adam
