round_epochs,val_loss,loss,batch_sizes,epochs,layers,losses,nodes,optimizers
100,0.007945261429995298,0.008515628292522531,100,100,1,mean_squared_error,128,adam
100,0.007916705217212439,0.008534228509625371,100,100,2,mean_squared_error,128,adam
100,0.007876347517594695,0.008567709839426084,100,100,3,mean_squared_error,128,adam
100,0.007864050334319472,0.008551172941261075,100,100,4,mean_squared_error,128,adam
100,0.007836369797587395,0.008504113459840734,100,100,5,mean_squared_error,128,adam
