round_epochs,val_loss,loss,batch_sizes,epochs,layers,losses,nodes,optimizers
100,0.009571766015142202,0.008113083400494315,100,100,1,mean_squared_error,128,adam
100,0.009611411485821009,0.008179042874736355,100,100,2,mean_squared_error,128,adam
100,0.009624444413930178,0.008045109139244831,100,100,3,mean_squared_error,128,adam
100,0.009597815573215485,0.008091215998312,100,100,4,mean_squared_error,128,adam
100,0.00960927689447999,0.008056954041272588,100,100,5,mean_squared_error,128,adam
