round_epochs,val_loss,loss,batch_sizes,epochs,layers,losses,nodes,optimizers
100,0.008412037510424852,0.008406542245070165,100,100,1,mean_squared_error,128,adam
100,0.008355113677680492,0.008404319334276327,100,100,2,mean_squared_error,128,adam
100,0.008287817006930709,0.008402074958770087,100,100,3,mean_squared_error,128,adam
100,0.008364204317331314,0.00861850976058106,100,100,4,mean_squared_error,128,adam
100,0.00827879342250526,0.008387253508997501,100,100,5,mean_squared_error,128,adam
