round_epochs,val_loss,loss,batch_sizes,epochs,layers,losses,nodes,optimizers
100,0.008144550723955035,0.00848033018899762,100,100,1,mean_squared_error,128,adam
100,0.008148707449436188,0.008585953466053377,100,100,2,mean_squared_error,128,adam
100,0.008171224500983953,0.008451895907204202,100,100,3,mean_squared_error,128,adam
100,0.008238372625783086,0.008437435009816337,100,100,4,mean_squared_error,128,adam
100,0.008158166892826557,0.008388842621559419,100,100,5,mean_squared_error,128,adam
