round_epochs,val_loss,loss,batch_sizes,epochs,layers,losses,nodes,optimizers
100,0.00817228527739644,0.008448702467370018,100,100,1,mean_squared_error,128,adam
100,0.008185672108083963,0.008427982984369479,100,100,2,mean_squared_error,128,adam
100,0.008210612926632166,0.008421040647715629,100,100,3,mean_squared_error,128,adam
100,0.008325695060193539,0.008416627426497703,100,100,4,mean_squared_error,128,adam
100,0.008177655516192317,0.008642400581114582,100,100,5,mean_squared_error,128,adam
