round_epochs,val_loss,loss,batch_sizes,epochs,layers,losses,nodes,optimizers
100,0.008057868340983987,0.008497994854691927,100,100,1,mean_squared_error,128,adam
100,0.007925855927169323,0.008553280230513651,100,100,2,mean_squared_error,128,adam
100,0.007994726300239563,0.008499991110827918,100,100,3,mean_squared_error,128,adam
100,0.007905995240435004,0.008488546921702589,100,100,4,mean_squared_error,128,adam
100,0.007899206364527345,0.008533332460747568,100,100,5,mean_squared_error,128,adam
