round_epochs,val_loss,loss,batch_sizes,epochs,layers,losses,nodes,optimizers
100,0.007184752495959401,0.008714493922422989,100,100,1,mean_squared_error,128,adam
100,0.00719939568080008,0.008759921868897052,100,100,2,mean_squared_error,128,adam
100,0.0071149906143546104,0.008680086414468415,100,100,3,mean_squared_error,128,adam
100,0.007135537685826421,0.008807799417539517,100,100,4,mean_squared_error,128,adam
100,0.007087887730449438,0.008760241411617013,100,100,5,mean_squared_error,128,adam
