round_epochs,val_loss,loss,batch_sizes,epochs,layers,losses,nodes,optimizers
100,0.007877507712692022,0.008602681545277262,100,100,1,mean_squared_error,128,adam
100,0.007831594441086054,0.008536620185044926,100,100,2,mean_squared_error,128,adam
100,0.007823365973308682,0.008610203635479057,100,100,3,mean_squared_error,128,adam
100,0.0077536876779049635,0.008535337762601758,100,100,4,mean_squared_error,128,adam
100,0.007847047410905361,0.00850847076848429,100,100,5,mean_squared_error,128,adam
