round_epochs,val_loss,loss,batch_sizes,epochs,layers,losses,nodes,optimizers
100,0.0069711299147456884,0.008758777653441784,100,100,1,mean_squared_error,128,adam
100,0.006968881702050567,0.008866189279650643,100,100,2,mean_squared_error,128,adam
100,0.006998670054599643,0.008905164558832092,100,100,3,mean_squared_error,128,adam
100,0.006915958132594824,0.008759129994685234,100,100,4,mean_squared_error,128,adam
100,0.006872682133689523,0.008683312513535662,100,100,5,mean_squared_error,128,adam
