round_epochs,val_loss,loss,batch_sizes,epochs,layers,losses,nodes,optimizers
100,0.007834058720618486,0.008541319537348347,100,100,1,mean_squared_error,128,adam
100,0.007791697280481458,0.008577710438347206,100,100,2,mean_squared_error,128,adam
100,0.007752451114356518,0.008585353387759833,100,100,3,mean_squared_error,128,adam
100,0.007755564292892814,0.00876700057437147,100,100,4,mean_squared_error,128,adam
100,0.007706408388912678,0.008557086461952168,100,100,5,mean_squared_error,128,adam
