round_epochs,val_loss,loss,batch_sizes,epochs,layers,losses,nodes,optimizers
100,0.010797775350511074,0.007798491526064049,100,100,1,mean_squared_error,128,adam
100,0.010846838355064392,0.007760124177309464,100,100,2,mean_squared_error,128,adam
100,0.011262559797614813,0.007770965578680268,100,100,3,mean_squared_error,128,adam
100,0.01153715280815959,0.008130091054828951,100,100,4,mean_squared_error,128,adam
100,0.011720146518200636,0.007688101794272288,100,100,5,mean_squared_error,128,adam
