round_epochs,val_loss,loss,batch_sizes,epochs,layers,losses,nodes,optimizers
100,0.008059500250965357,0.008504778314591647,100,100,1,mean_squared_error,128,adam
100,0.007975845830515027,0.00850041858381003,100,100,2,mean_squared_error,128,adam
100,0.007991709280759096,0.00850685639656586,100,100,3,mean_squared_error,128,adam
100,0.007994941901415586,0.008451728123439492,100,100,4,mean_squared_error,128,adam
100,0.007917957846075296,0.008550080066274045,100,100,5,mean_squared_error,128,adam
