round_epochs,val_loss,loss,batch_sizes,epochs,layers,losses,nodes,optimizers
100,0.01064214762300253,0.007875366186552935,100,100,1,mean_squared_error,128,adam
100,0.010729934554547071,0.007871831324911946,100,100,2,mean_squared_error,128,adam
100,0.010744207073003054,0.007880213091124282,100,100,3,mean_squared_error,128,adam
100,0.010419154539704323,0.007899412797304693,100,100,4,mean_squared_error,128,adam
100,0.011099348310381174,0.007963811453007563,100,100,5,mean_squared_error,128,adam
