round_epochs,val_loss,loss,batch_sizes,epochs,layers,losses,nodes,optimizers
100,0.007261466700583696,0.00869633123227331,100,100,1,mean_squared_error,128,adam
100,0.008103950414806604,0.008534773842703193,100,100,2,mean_squared_error,128,adam
100,0.012107451912015676,0.008356763409550893,100,100,3,mean_squared_error,128,adam
100,0.01523754931986332,0.008392703120896268,100,100,4,mean_squared_error,128,adam
100,0.015047646593302488,0.008337260585264286,100,100,5,mean_squared_error,128,adam
