round_epochs,val_loss,loss,batch_sizes,epochs,layers,losses,nodes,optimizers
100,0.009837746620178223,0.008215630633315917,100,100,1,mean_squared_error,128,adam
100,0.00960101094096899,0.008202967967124695,100,100,2,mean_squared_error,128,adam
100,0.009599326644092798,0.008175370781140423,100,100,3,mean_squared_error,128,adam
100,0.009212560020387173,0.008164449748192658,100,100,4,mean_squared_error,128,adam
100,0.009641799610108137,0.00808101416202973,100,100,5,mean_squared_error,128,adam
