round_epochs,val_loss,loss,batch_sizes,epochs,layers,losses,nodes,optimizers
100,0.01274259387042804,0.01547340066595511,100,100,1,mean_squared_error,128,adam
250,0.012601264532486996,0.015273458686553769,100,250,1,mean_squared_error,128,adam
500,0.013992801369472065,0.01408224856255181,100,500,1,mean_squared_error,128,adam
750,0.017075341784549718,0.010481523173494321,100,750,1,mean_squared_error,128,adam
1000,0.025108533756966568,0.004709455002372087,100,1000,1,mean_squared_error,128,adam
