round_epochs,val_loss,loss,batch_sizes,epochs,layers,losses,nodes,optimizers
100,0.013190662436861188,0.015291087484608093,100,100,1,mean_squared_error,128,adam
250,0.01322306080454558,0.015015754260762472,100,250,1,mean_squared_error,128,adam
500,0.014473188996090363,0.014134897182535643,100,500,1,mean_squared_error,128,adam
750,0.026835199426766015,0.011186877039797379,100,750,1,mean_squared_error,128,adam
1000,0.02057150145758636,0.007531637960875576,100,1000,1,mean_squared_error,128,adam
