round_epochs,val_loss,loss,batch_sizes,epochs,layers,losses,nodes,optimizers
100,0.012923777005143801,0.015319426868562445,100,100,1,mean_squared_error,128,adam
250,0.013153976470643852,0.015222142775063261,100,250,1,mean_squared_error,128,adam
500,0.015420822398596672,0.013556037338055445,100,500,1,mean_squared_error,128,adam
750,0.017233214411304223,0.010359132182643269,100,750,1,mean_squared_error,128,adam
1000,0.032141621762783686,0.007449051828565772,100,1000,1,mean_squared_error,128,adam
