round_epochs,val_loss,loss,batch_sizes,epochs,layers,losses,nodes,optimizers
100,0.013083366447844398,0.015237497974826831,100,100,1,mean_squared_error,128,adam
250,0.013809898203641325,0.014940933775946949,100,250,1,mean_squared_error,128,adam
500,0.015253680828378429,0.013915548439730297,100,500,1,mean_squared_error,128,adam
750,0.01660188557065312,0.01185604583265053,100,750,1,mean_squared_error,128,adam
1000,0.01920425293770567,0.010803171607543422,100,1000,1,mean_squared_error,128,adam
