round_epochs,val_loss,loss,batch_sizes,epochs,layers,losses,nodes,optimizers
100,0.01402768012529342,0.015037060376595367,100,100,1,mean_squared_error,128,adam
250,0.014108464688100108,0.014983979787564638,100,250,1,mean_squared_error,128,adam
500,0.016089894401667706,0.013467167363022312,100,500,1,mean_squared_error,128,adam
750,0.017720154753357323,0.010979404607129217,100,750,1,mean_squared_error,128,adam
1000,0.018202674851270775,0.009314127198204097,100,1000,1,mean_squared_error,128,adam
