round_epochs,val_loss,loss,batch_sizes,epochs,layers,losses,nodes,optimizers
100,0.01108326871958959,0.015976102820437665,100,100,1,mean_squared_error,128,adam
250,0.012006538105782252,0.015357043114349697,100,250,1,mean_squared_error,128,adam
500,0.012781717004862862,0.014440854103539628,100,500,1,mean_squared_error,128,adam
750,0.016554521874117493,0.011240874609975802,100,750,1,mean_squared_error,128,adam
1000,0.026871860794835355,0.007218954066341423,100,1000,1,mean_squared_error,128,adam
