round_epochs,val_loss,loss,batch_sizes,epochs,layers,losses,nodes,optimizers
100,0.013920745723436226,0.01508413939595674,100,100,1,mean_squared_error,128,adam
250,0.01401825011918443,0.01500401319465553,100,250,1,mean_squared_error,128,adam
500,0.013758156111641745,0.014175349846482277,100,500,1,mean_squared_error,128,adam
750,0.02112753316760063,0.01042968419502781,100,750,1,mean_squared_error,128,adam
1000,0.02018433120382491,0.007447772544121953,100,1000,1,mean_squared_error,128,adam
