round_epochs,val_loss,loss,batch_sizes,epochs,layers,losses,nodes,optimizers
100,0.018001224536766957,0.014407218241066945,100,100,1,mean_squared_error,128,adam
250,0.017971854717774908,0.014040954114699905,100,250,1,mean_squared_error,128,adam
500,0.018419359202248665,0.013746550113828195,100,500,1,mean_squared_error,128,adam
750,0.019558293684081515,0.012283808942131623,100,750,1,mean_squared_error,128,adam
1000,0.025934891812690538,0.007623712339372647,100,1000,1,mean_squared_error,128,adam
