round_epochs,val_loss,loss,batch_sizes,epochs,layers,losses,nodes,optimizers
100,0.01400317888164041,0.015026633778229506,100,100,1,mean_squared_error,128,adam
250,0.014206539652305632,0.014790259273440548,100,250,1,mean_squared_error,128,adam
500,0.013833167040767383,0.014722035341717378,100,500,1,mean_squared_error,128,adam
750,0.014260418179571329,0.013537072825875848,100,750,1,mean_squared_error,128,adam
1000,0.01841063290160505,0.009282273788362591,100,1000,1,mean_squared_error,128,adam
