round_epochs,val_loss,loss,batch_sizes,epochs,layers,losses,nodes,optimizers
100,0.018837112924037266,0.013757461470297792,100,100,1,mean_squared_error,128,adam
250,0.019467349430948647,0.01359610017765351,100,250,1,mean_squared_error,128,adam
500,0.019163560318812053,0.013205234351746663,100,500,1,mean_squared_error,128,adam
750,0.02116021243434156,0.01129474143281278,100,750,1,mean_squared_error,128,adam
1000,0.02653373749786286,0.00867654124716993,100,1000,1,mean_squared_error,128,adam
