round_epochs,val_loss,loss,batch_sizes,epochs,layers,losses,nodes,optimizers
100,0.01419878115493748,0.015044783750040964,100,100,1,mean_squared_error,128,adam
250,0.014318648898908541,0.015214811860009878,100,250,1,mean_squared_error,128,adam
500,0.014565403535774905,0.014138243005921444,100,500,1,mean_squared_error,128,adam
750,0.018544410561309687,0.012025941262078104,100,750,1,mean_squared_error,128,adam
1000,0.020603260568263542,0.007592875522213301,100,1000,1,mean_squared_error,128,adam
