round_epochs,val_loss,loss,batch_sizes,epochs,layers,losses,nodes,optimizers
100,0.016316709188210904,0.014517229346727783,100,100,1,mean_squared_error,128,adam
250,0.015897941462059115,0.014357770957767663,100,250,1,mean_squared_error,128,adam
500,0.016311245310546167,0.013393706463352598,100,500,1,mean_squared_error,128,adam
750,0.0198844843193065,0.011295754119114142,100,750,1,mean_squared_error,128,adam
1000,0.024082958950993404,0.005566659402290378,100,1000,1,mean_squared_error,128,adam
