round_epochs,val_loss,loss,batch_sizes,epochs,layers,losses,nodes,optimizers
100,0.014248424822736026,0.014916851138225709,100,100,1,mean_squared_error,128,adam
250,0.014234528787920822,0.014782966095766034,100,250,1,mean_squared_error,128,adam
500,0.01490646792603797,0.013597121457522265,100,500,1,mean_squared_error,128,adam
750,0.016387244742644493,0.009385502718464292,100,750,1,mean_squared_error,128,adam
1000,0.021127189757611284,0.006935303525133717,100,1000,1,mean_squared_error,128,adam
