round_epochs,val_loss,loss,batch_sizes,epochs,layers,losses,nodes,optimizers
100,0.016729965534566633,0.014311404164993402,100,100,1,mean_squared_error,128,adam
250,0.01745396535188409,0.014071910505681628,100,250,1,mean_squared_error,128,adam
500,0.018598852276652304,0.013318163013518458,100,500,1,mean_squared_error,128,adam
750,0.019347093475224383,0.012122376408014033,100,750,1,mean_squared_error,128,adam
1000,0.02594237154040804,0.008793810989256159,100,1000,1,mean_squared_error,128,adam
