round_epochs,val_loss,loss,batch_sizes,epochs,layers,losses,nodes,optimizers
100,0.011971550768980729,0.015557813806214718,100,100,1,mean_squared_error,128,adam
250,0.011902301726703668,0.01548432529612322,100,250,1,mean_squared_error,128,adam
500,0.012110588950427933,0.014931047349378015,100,500,1,mean_squared_error,128,adam
750,0.018810306015850313,0.012462809926482162,100,750,1,mean_squared_error,128,adam
1000,0.018993986967071216,0.00876489206866333,100,1000,1,mean_squared_error,128,adam
