round_epochs,val_loss,loss,batch_sizes,epochs,layers,losses,nodes,optimizers
100,0.01555268893757807,0.01465383611826433,100,100,1,mean_squared_error,128,adam
250,0.015425984958308426,0.014468680766194758,100,250,1,mean_squared_error,128,adam
500,0.01593960663444133,0.013380559946814871,100,500,1,mean_squared_error,128,adam
750,0.015400732881459758,0.011797568687905718,100,750,1,mean_squared_error,128,adam
1000,0.025339201326720677,0.0075691783156321205,100,1000,1,mean_squared_error,128,adam
