round_epochs,val_loss,loss,batch_sizes,epochs,layers,losses,nodes,optimizers
100,0.013187495673346759,0.015246636234223843,100,100,1,mean_squared_error,128,adam
250,0.013255247780725584,0.015188412209314228,100,250,1,mean_squared_error,128,adam
500,0.01379037179502111,0.014165220311795823,100,500,1,mean_squared_error,128,adam
750,0.015367874370223314,0.01223754720066232,100,750,1,mean_squared_error,128,adam
1000,0.02412589468136804,0.008141075848893385,100,1000,1,mean_squared_error,128,adam
