round_epochs,val_loss,loss,batch_sizes,epochs,layers,losses,nodes,optimizers
100,0.01416635624689972,0.014957733278285073,100,100,1,mean_squared_error,128,adam
250,0.01474556948371868,0.014585745422113123,100,250,1,mean_squared_error,128,adam
500,0.016304009589343214,0.013411063503361109,100,500,1,mean_squared_error,128,adam
750,0.019722853726403197,0.008788238274817816,100,750,1,mean_squared_error,128,adam
1000,0.026888272505085072,0.003759907436265488,100,1000,1,mean_squared_error,128,adam
