round_epochs,val_loss,loss,batch_sizes,epochs,layers,losses,nodes,optimizers
100,0.011141344099937372,0.015754336223119135,100,100,1,mean_squared_error,128,adam
250,0.01105267805370254,0.015677993703219626,100,250,1,mean_squared_error,128,adam
500,0.010959045849178903,0.015163806916186304,100,500,1,mean_squared_error,128,adam
750,0.017618050031251643,0.01291634485294873,100,750,1,mean_squared_error,128,adam
1000,0.021196601659658566,0.008776337682090775,100,1000,1,mean_squared_error,128,adam
