round_epochs,val_loss,loss,batch_sizes,epochs,layers,losses,nodes,optimizers
100,0.01593555301783522,0.014534327116879549,100,100,1,mean_squared_error,128,adam
250,0.01635315560328601,0.014286014604184664,100,250,1,mean_squared_error,128,adam
500,0.016790013114486507,0.01359342872118107,100,500,1,mean_squared_error,128,adam
750,0.01637353515954473,0.01162044486181453,100,750,1,mean_squared_error,128,adam
1000,0.025110809974859108,0.007340347740065419,100,1000,1,mean_squared_error,128,adam
