round_epochs,val_loss,loss,batch_sizes,epochs,layers,losses,nodes,optimizers
100,0.011029582395775235,0.015878452449058642,100,100,1,mean_squared_error,128,adam
250,0.011315650025841279,0.015653525352139364,100,250,1,mean_squared_error,128,adam
500,0.016501669851529538,0.013652145919023138,100,500,1,mean_squared_error,128,adam
750,0.02174750928902746,0.009958778164641123,100,750,1,mean_squared_error,128,adam
1000,0.02845105680463901,0.004892103061211681,100,1000,1,mean_squared_error,128,adam
