round_epochs,val_loss,loss,batch_sizes,epochs,layers,losses,nodes,optimizers
100,0.014723520417084647,0.014901134199603941,100,100,1,mean_squared_error,128,adam
250,0.014455616848552646,0.014866332871594815,100,250,1,mean_squared_error,128,adam
500,0.01614545255749669,0.013098005012543214,100,500,1,mean_squared_error,128,adam
750,0.021782205285663582,0.009770970410582695,100,750,1,mean_squared_error,128,adam
1000,0.01792860294144657,0.008263291057312128,100,1000,1,mean_squared_error,128,adam
