round_epochs,val_loss,loss,batch_sizes,epochs,layers,losses,nodes,optimizers
100,0.013864930124775549,0.015048541039266068,100,100,1,mean_squared_error,128,adam
250,0.01398859600812646,0.014673030403715492,100,250,1,mean_squared_error,128,adam
500,0.015979008627447052,0.013273315118494057,100,500,1,mean_squared_error,128,adam
750,0.019943716837533154,0.010977433683971563,100,750,1,mean_squared_error,128,adam
1000,0.026504792235604483,0.005875686082443354,100,1000,1,mean_squared_error,128,adam
