round_epochs,val_loss,loss,batch_sizes,epochs,layers,losses,nodes,optimizers
100,0.01555113795789043,0.014604624346688841,100,100,1,mean_squared_error,128,adam
250,0.015650920139335507,0.014696107928010852,100,250,1,mean_squared_error,128,adam
500,0.01545422349181307,0.01444845347467697,100,500,1,mean_squared_error,128,adam
750,0.014031076410682358,0.013226088578577596,100,750,1,mean_squared_error,128,adam
1000,0.016803014293387906,0.011262285334970614,100,1000,1,mean_squared_error,128,adam
