round_epochs,val_loss,loss,batch_sizes,epochs,layers,losses,nodes,optimizers
100,0.011858397434891468,0.015541857108473778,100,100,1,mean_squared_error,128,adam
250,0.012045123488010474,0.015378476675562185,100,250,1,mean_squared_error,128,adam
500,0.013730313830152528,0.01379353645483427,100,500,1,mean_squared_error,128,adam
750,0.018886753858708256,0.010707963794244059,100,750,1,mean_squared_error,128,adam
1000,0.02498588190605892,0.006895364598474569,100,1000,1,mean_squared_error,128,adam
