round_epochs,val_loss,loss,batch_sizes,epochs,layers,losses,nodes,optimizers
100,0.014867613372865634,0.014743249073173061,100,100,1,mean_squared_error,128,adam
250,0.015076321619913806,0.01453257922196027,100,250,1,mean_squared_error,128,adam
500,0.015280479167461695,0.01394543895083997,100,500,1,mean_squared_error,128,adam
750,0.017400065839440378,0.012012122203642972,100,750,1,mean_squared_error,128,adam
1000,0.020755693915501312,0.007905602403399017,100,1000,1,mean_squared_error,128,adam
