round_epochs,val_loss,loss,batch_sizes,epochs,layers,losses,nodes,optimizers
100,0.011262909289280972,0.015736340573339752,100,100,1,mean_squared_error,128,adam
250,0.011441916615781773,0.01565009324971323,100,250,1,mean_squared_error,128,adam
500,0.013791709740519823,0.013256607478428068,100,500,1,mean_squared_error,128,adam
750,0.019052742245658557,0.010410172566112996,100,750,1,mean_squared_error,128,adam
1000,0.05133903005988753,0.004773172131278599,100,1000,1,mean_squared_error,128,adam
