round_epochs,val_loss,loss,batch_sizes,epochs,layers,losses,nodes,optimizers
100,0.021370248522740512,0.013152603798480047,100,100,1,mean_squared_error,128,adam
250,0.02164376479334867,0.013071462276833827,100,250,1,mean_squared_error,128,adam
500,0.02124524664077627,0.01231391630558805,100,500,1,mean_squared_error,128,adam
750,0.03955126733486377,0.010605837044428395,100,750,1,mean_squared_error,128,adam
1000,0.03078117441554465,0.008874680670542699,100,1000,1,mean_squared_error,128,adam
