round_epochs,val_loss,loss,batch_sizes,epochs,layers,losses,nodes,optimizers
100,0.023581544489567004,0.012622446710751816,100,100,1,mean_squared_error,128,adam
250,0.023603524170329224,0.012583223387900026,100,250,1,mean_squared_error,128,adam
500,0.023688480005267278,0.01200228293115894,100,500,1,mean_squared_error,128,adam
750,0.02619893392126764,0.010896027873674727,100,750,1,mean_squared_error,128,adam
1000,0.027243155602309572,0.009492384425053993,100,1000,1,mean_squared_error,128,adam
