round_epochs,val_loss,loss,batch_sizes,epochs,layers,losses,nodes,optimizers
100,0.017018574640978522,0.01438431344888728,100,100,1,mean_squared_error,128,adam
250,0.016945454203079094,0.014205623592127754,100,250,1,mean_squared_error,128,adam
500,0.01672901839354829,0.013220418555041155,100,500,1,mean_squared_error,128,adam
750,0.020896905958278096,0.01152674453991531,100,750,1,mean_squared_error,128,adam
1000,0.027865479283746164,0.0058357848073214745,100,1000,1,mean_squared_error,128,adam
