round_epochs,val_loss,loss,batch_sizes,epochs,layers,losses,nodes,optimizers
100,0.01230802479195385,0.015467092253719315,100,100,1,mean_squared_error,128,adam
250,0.012933037580744405,0.015184850220314482,100,250,1,mean_squared_error,128,adam
500,0.014476426053399117,0.013655164956369183,100,500,1,mean_squared_error,128,adam
750,0.01621165828564059,0.010744875569762004,100,750,1,mean_squared_error,128,adam
1000,0.025965503524595767,0.004875561073093176,100,1000,1,mean_squared_error,128,adam
