round_epochs,val_loss,loss,batch_sizes,epochs,layers,losses,nodes,optimizers
100,0.017402823340503415,0.014116309507928713,100,100,1,mean_squared_error,128,adam
250,0.01742859213758054,0.013829902990373096,100,250,1,mean_squared_error,128,adam
500,0.017563713592800064,0.013073160044961807,100,500,1,mean_squared_error,128,adam
750,0.01990697133219122,0.010124764122971983,100,750,1,mean_squared_error,128,adam
1000,0.025127238439555145,0.0074144536652837436,100,1000,1,mean_squared_error,128,adam
