round_epochs,val_loss,loss,batch_sizes,epochs,layers,losses,nodes,optimizers
100,0.01168481230118017,0.015582822785345894,100,100,1,mean_squared_error,128,adam
250,0.01200736107201732,0.015509543888684776,100,250,1,mean_squared_error,128,adam
500,0.013294996852850793,0.013945275776539787,100,500,1,mean_squared_error,128,adam
750,0.015322530216270655,0.011848660176525814,100,750,1,mean_squared_error,128,adam
1000,0.02121683966424597,0.008438268133128682,100,1000,1,mean_squared_error,128,adam
