round_epochs,val_loss,loss,batch_sizes,epochs,layers,losses,nodes,optimizers
100,0.014621320297595244,0.01486318821858878,100,100,1,mean_squared_error,128,adam
250,0.014444786044371188,0.014530600730630786,100,250,1,mean_squared_error,128,adam
500,0.01617496272539673,0.013516503960044697,100,500,1,mean_squared_error,128,adam
750,0.01929973685486832,0.012483315297750512,100,750,1,mean_squared_error,128,adam
1000,0.020403812148013907,0.009331188533887869,100,1000,1,mean_squared_error,128,adam
