round_epochs,val_loss,loss,batch_sizes,epochs,layers,losses,nodes,optimizers
100,0.01635593906438081,0.014520530104449,100,100,1,mean_squared_error,128,adam
250,0.016636325682901857,0.014310786444129366,100,250,1,mean_squared_error,128,adam
500,0.016284986296153846,0.013246306204095934,100,500,1,mean_squared_error,128,adam
750,0.02264126468842952,0.009615842953813498,100,750,1,mean_squared_error,128,adam
1000,0.02561095897014716,0.005100142322433642,100,1000,1,mean_squared_error,128,adam
