round_epochs,val_loss,loss,batch_sizes,epochs,layers,losses,nodes,optimizers
100,0.01649244947724007,0.014459745502193469,100,100,1,mean_squared_error,128,adam
250,0.016485074628612505,0.014326790140734779,100,250,1,mean_squared_error,128,adam
500,0.01775731161311643,0.01316655200971949,100,500,1,mean_squared_error,128,adam
750,0.019343095471212015,0.011992465747012333,100,750,1,mean_squared_error,128,adam
1000,0.02208163943984101,0.00879455969264411,100,1000,1,mean_squared_error,128,adam
