round_epochs,val_loss,loss,batch_sizes,epochs,layers,losses,nodes,optimizers
100,0.01560274139046669,0.014641933081991444,100,100,1,mean_squared_error,128,adam
250,0.015580432592474635,0.014570914669846646,100,250,1,mean_squared_error,128,adam
500,0.017519113350303928,0.013339151266134448,100,500,1,mean_squared_error,128,adam
750,0.02243307899290593,0.011672669603028383,100,750,1,mean_squared_error,128,adam
1000,0.030261013076533026,0.004975874076898426,100,1000,1,mean_squared_error,128,adam
