round_epochs,val_loss,loss,batch_sizes,epochs,layers,losses,nodes,optimizers
100,0.013958554289036959,0.015233064432524972,100,100,1,mean_squared_error,128,adam
250,0.013905274583466689,0.014931503735068772,100,250,1,mean_squared_error,128,adam
500,0.01389900914594606,0.01394231587817723,100,500,1,mean_squared_error,128,adam
750,0.018941227019057802,0.0113758504451864,100,750,1,mean_squared_error,128,adam
1000,0.022047243469474304,0.007749789881265976,100,1000,1,mean_squared_error,128,adam
