round_epochs,val_loss,loss,batch_sizes,epochs,layers,losses,nodes,optimizers
100,0.013220333592526277,0.01530791058045144,100,100,1,mean_squared_error,128,adam
250,0.0132559072975088,0.015087487495908833,100,250,1,mean_squared_error,128,adam
500,0.0163455819664289,0.013456366076651547,100,500,1,mean_squared_error,128,adam
750,0.027076685932188777,0.00824350772444347,100,750,1,mean_squared_error,128,adam
1000,0.03976320436027781,0.0029026985761116853,100,1000,1,mean_squared_error,128,adam
