round_epochs,val_loss,loss,batch_sizes,epochs,layers,losses,nodes,optimizers
100,0.020373687148094177,0.021437940628905045,100,100,1,mean_squared_error,128,adam
250,0.020067953504621983,0.02047306268398923,100,250,1,mean_squared_error,128,adam
500,0.020210918970406055,0.02034489676953856,100,500,1,mean_squared_error,128,adam
750,0.020267223939299583,0.020449194216862657,100,750,1,mean_squared_error,128,adam
1000,0.02025255560874939,0.020368104116678387,100,1000,1,mean_squared_error,128,adam
