round_epochs,val_loss,loss,batch_sizes,epochs,layers,losses,nodes,optimizers
100,0.021539412438869476,0.021137758169818045,100,100,1,mean_squared_error,128,adam
250,0.020809675566852093,0.020496421141134466,100,250,1,mean_squared_error,128,adam
500,0.020408011972904205,0.020417223801196815,100,500,1,mean_squared_error,128,adam
750,0.020348255522549152,0.02034947109924522,100,750,1,mean_squared_error,128,adam
1000,0.02034166920930147,0.02042312082603462,100,1000,1,mean_squared_error,128,adam
