round_epochs,val_loss,loss,batch_sizes,epochs,layers,losses,nodes,optimizers
100,0.016792459413409233,0.02228311499239956,100,100,1,mean_squared_error,128,adam
250,0.016414064448326826,0.021413464930123256,100,250,1,mean_squared_error,128,adam
500,0.016329912934452295,0.02136376264848207,100,500,1,mean_squared_error,128,adam
750,0.016425248235464096,0.021374148052923363,100,750,1,mean_squared_error,128,adam
1000,0.01654954534024,0.02125240921656739,100,1000,1,mean_squared_error,128,adam
