round_epochs,val_loss,loss,batch_sizes,epochs,layers,losses,nodes,optimizers
100,0.022745849564671516,0.020862496577035216,100,100,1,mean_squared_error,128,adam
250,0.021895671263337135,0.020313521935826258,100,250,1,mean_squared_error,128,adam
500,0.021447953768074512,0.020054981401913745,100,500,1,mean_squared_error,128,adam
750,0.021425725892186165,0.02005478568879285,100,750,1,mean_squared_error,128,adam
1000,0.021574217826128006,0.020077511208379327,100,1000,1,mean_squared_error,128,adam
