round_epochs,val_loss,loss,batch_sizes,epochs,layers,losses,nodes,optimizers
100,0.02296103537082672,0.020867563079211646,100,100,1,mean_squared_error,128,adam
250,0.022316311486065388,0.01994883636465497,100,250,1,mean_squared_error,128,adam
500,0.022278646007180214,0.01987897146745284,100,500,1,mean_squared_error,128,adam
750,0.02236207202076912,0.01983509006861009,100,750,1,mean_squared_error,128,adam
1000,0.022405145689845085,0.01982143026470839,100,1000,1,mean_squared_error,128,adam
