round_epochs,val_loss,loss,batch_sizes,epochs,layers,losses,nodes,optimizers
100,0.023954949341714382,0.020619481223119532,100,100,1,mean_squared_error,128,adam
250,0.023118834011256695,0.019907720008850993,100,250,1,mean_squared_error,128,adam
500,0.02278849482536316,0.01976255121591844,100,500,1,mean_squared_error,128,adam
750,0.022706004790961742,0.019726744467826716,100,750,1,mean_squared_error,128,adam
1000,0.022730893455445766,0.019755927967211057,100,1000,1,mean_squared_error,128,adam
