round_epochs,val_loss,loss,batch_sizes,epochs,layers,losses,nodes,optimizers
100,0.02026474568992853,0.021429728865996936,100,100,1,mean_squared_error,128,adam
250,0.01978647243231535,0.02059161642514972,100,250,1,mean_squared_error,128,adam
500,0.02023393753916025,0.020553381758786383,100,500,1,mean_squared_error,128,adam
750,0.01986045204102993,0.020451744686914866,100,750,1,mean_squared_error,128,adam
1000,0.019827171228826046,0.020463237356870695,100,1000,1,mean_squared_error,128,adam
