round_epochs,val_loss,loss,batch_sizes,epochs,layers,losses,nodes,optimizers
100,0.0195569833740592,0.021704655551447308,100,100,1,mean_squared_error,128,adam
250,0.0185740664601326,0.021143519994160885,100,250,1,mean_squared_error,128,adam
500,0.018370485864579678,0.020813420526963427,100,500,1,mean_squared_error,128,adam
750,0.018451305106282234,0.02077201020700815,100,750,1,mean_squared_error,128,adam
1000,0.018572903238236904,0.02073228803643009,100,1000,1,mean_squared_error,128,adam
