round_epochs,val_loss,loss,batch_sizes,epochs,layers,losses,nodes,optimizers
100,0.022905654273927212,0.020777222198576556,100,100,1,mean_squared_error,128,adam
250,0.02260106336325407,0.01983736075909066,100,250,1,mean_squared_error,128,adam
500,0.022771094925701618,0.019734842632722138,100,500,1,mean_squared_error,128,adam
750,0.02266084775328636,0.01976754767049972,100,750,1,mean_squared_error,128,adam
1000,0.02272853907197714,0.01974193894894873,100,1000,1,mean_squared_error,128,adam
