round_epochs,val_loss,loss,batch_sizes,epochs,layers,losses,nodes,optimizers
100,0.01742191845551133,0.022163722654781247,100,100,1,mean_squared_error,128,adam
250,0.016692231874912977,0.021487374204143248,100,250,1,mean_squared_error,128,adam
500,0.0163627197034657,0.021409267083482633,100,500,1,mean_squared_error,128,adam
750,0.01636700378730893,0.021345291571472223,100,750,1,mean_squared_error,128,adam
1000,0.016324432101100683,0.02136875239940813,100,1000,1,mean_squared_error,128,adam
