round_epochs,val_loss,loss,batch_sizes,epochs,layers,losses,nodes,optimizers
100,0.021271001547574997,0.021272639190792142,100,100,1,mean_squared_error,128,adam
250,0.020221563056111336,0.020774796222310914,100,250,1,mean_squared_error,128,adam
500,0.019540337845683098,0.020586826644819183,100,500,1,mean_squared_error,128,adam
750,0.019610874354839325,0.020554193568633014,100,750,1,mean_squared_error,128,adam
1000,0.01963009499013424,0.020615380719528162,100,1000,1,mean_squared_error,128,adam
