round_epochs,val_loss,loss,batch_sizes,epochs,layers,losses,nodes,optimizers
100,0.024486993439495564,0.02039974568444386,100,100,1,mean_squared_error,128,adam
250,0.023605771362781525,0.019769851925939247,100,250,1,mean_squared_error,128,adam
500,0.02317867148667574,0.019637114627468855,100,500,1,mean_squared_error,128,adam
750,0.02317299135029316,0.01962051356215973,100,750,1,mean_squared_error,128,adam
1000,0.023139805532991886,0.01965738385729025,100,1000,1,mean_squared_error,128,adam
