round_epochs,val_loss,loss,batch_sizes,epochs,layers,losses,nodes,optimizers
100,0.019646449014544487,0.02163552936810748,100,100,1,mean_squared_error,128,adam
250,0.018872220069169998,0.020913861948707348,100,250,1,mean_squared_error,128,adam
500,0.01850272621959448,0.02081869719526672,100,500,1,mean_squared_error,128,adam
750,0.018511521629989147,0.020798847009252785,100,750,1,mean_squared_error,128,adam
1000,0.0184379480779171,0.02079579462402297,100,1000,1,mean_squared_error,128,adam
