round_epochs,val_loss,loss,batch_sizes,epochs,layers,losses,nodes,optimizers
100,0.021298791281878948,0.02121515742463426,100,100,1,mean_squared_error,128,adam
250,0.020592953078448772,0.020547378327426754,100,250,1,mean_squared_error,128,adam
500,0.020336652174592018,0.020392074933588356,100,500,1,mean_squared_error,128,adam
750,0.020470152609050274,0.02050502786884332,100,750,1,mean_squared_error,128,adam
1000,0.020312629640102386,0.0203564894668067,100,1000,1,mean_squared_error,128,adam
