round_epochs,val_loss,loss,batch_sizes,epochs,layers,losses,nodes,optimizers
100,0.025571100413799286,0.02022171650492682,100,100,1,mean_squared_error,128,adam
250,0.02400382701307535,0.019707698893166127,100,250,1,mean_squared_error,128,adam
500,0.023406014777719975,0.019604042919357318,100,500,1,mean_squared_error,128,adam
750,0.02330055460333824,0.01960794105985783,100,750,1,mean_squared_error,128,adam
1000,0.023301453329622746,0.019583942382631444,100,1000,1,mean_squared_error,128,adam
