round_epochs,val_loss,loss,batch_sizes,epochs,layers,losses,nodes,optimizers
100,0.02237464301288128,0.020918127280055432,100,100,1,mean_squared_error,128,adam
250,0.021875740960240364,0.020013148287185152,100,250,1,mean_squared_error,128,adam
500,0.021997428499162197,0.019919086490433318,100,500,1,mean_squared_error,128,adam
750,0.022014043293893337,0.019924985828405635,100,750,1,mean_squared_error,128,adam
1000,0.0219916058704257,0.01992317341865603,100,1000,1,mean_squared_error,128,adam
