round_epochs,val_loss,loss,batch_sizes,epochs,layers,losses,nodes,optimizers
100,0.014564260374754667,0.02294702804122204,100,100,1,mean_squared_error,128,adam
250,0.013847810681909323,0.022190664528418603,100,250,1,mean_squared_error,128,adam
500,0.013479516375809908,0.0220890315179538,100,500,1,mean_squared_error,128,adam
750,0.01383971655741334,0.0220175116395293,100,750,1,mean_squared_error,128,adam
1000,0.01394365169107914,0.021987444756174444,100,1000,1,mean_squared_error,128,adam
