round_epochs,val_loss,loss,batch_sizes,epochs,layers,losses,nodes,optimizers
100,0.023461349308490753,0.020632482658987653,100,100,1,mean_squared_error,128,adam
250,0.023044615983963013,0.019709646426384012,100,250,1,mean_squared_error,128,adam
500,0.02354511246085167,0.019584795539465762,100,500,1,mean_squared_error,128,adam
750,0.02349128481000662,0.019560450440585464,100,750,1,mean_squared_error,128,adam
1000,0.02363786567002535,0.01954828022995539,100,1000,1,mean_squared_error,128,adam
