round_epochs,val_loss,loss,batch_sizes,epochs,layers,losses,nodes,optimizers
100,0.01682798145338893,0.022342118124167126,100,100,1,mean_squared_error,128,adam
250,0.016087680123746395,0.021688450295898252,100,250,1,mean_squared_error,128,adam
500,0.0160579034127295,0.021541421950554338,100,500,1,mean_squared_error,128,adam
750,0.015815495513379574,0.02146443361906629,100,750,1,mean_squared_error,128,adam
1000,0.01585445599630475,0.021515710204652976,100,1000,1,mean_squared_error,128,adam
