round_epochs,val_loss,loss,batch_sizes,epochs,layers,losses,nodes,optimizers
100,0.022739602252840996,0.020943579467055492,100,100,1,mean_squared_error,128,adam
250,0.021528038196265697,0.020409975733075823,100,250,1,mean_squared_error,128,adam
500,0.02084523532539606,0.02028817124197955,100,500,1,mean_squared_error,128,adam
750,0.020828495733439922,0.020236053982548845,100,750,1,mean_squared_error,128,adam
1000,0.02078368328511715,0.020211486131849147,100,1000,1,mean_squared_error,128,adam
