round_epochs,val_loss,loss,batch_sizes,epochs,layers,losses,nodes,optimizers
100,0.018458178266882896,0.021894252898736408,100,100,1,mean_squared_error,128,adam
250,0.017973391339182854,0.02115424568379732,100,250,1,mean_squared_error,128,adam
500,0.017668024636805058,0.02098721688739339,100,500,1,mean_squared_error,128,adam
750,0.01758173480629921,0.0210687940646159,100,750,1,mean_squared_error,128,adam
1000,0.017704768106341362,0.020994592140566436,100,1000,1,mean_squared_error,128,adam
