round_epochs,val_loss,loss,batch_sizes,epochs,layers,losses,nodes,optimizers
100,0.016362877562642097,0.02257218592120965,100,100,1,mean_squared_error,128,adam
250,0.015148593112826347,0.02183322308767111,100,250,1,mean_squared_error,128,adam
500,0.014813927933573723,0.021737247037895042,100,500,1,mean_squared_error,128,adam
750,0.01480879494920373,0.021760250952907075,100,750,1,mean_squared_error,128,adam
1000,0.0147769870236516,0.021711086709621855,100,1000,1,mean_squared_error,128,adam
