round_epochs,val_loss,loss,batch_sizes,epochs,layers,losses,nodes,optimizers
100,0.0032673199689156147,0.002549035522628145,100,100,1,mean_squared_error,128,adam
250,0.0034932137686927715,0.0024187015960386127,100,250,1,mean_squared_error,128,adam
500,0.004779250583325948,0.0022817456945028137,100,500,1,mean_squared_error,128,adam
750,0.013322576515414008,0.0021456750800093664,100,750,1,mean_squared_error,128,adam
1000,0.021270751494483733,0.001931749263792369,100,1000,1,mean_squared_error,128,adam
