round_epochs,val_loss,loss,batch_sizes,epochs,layers,losses,nodes,optimizers
100,0.002110882005864876,0.002765008710540045,100,100,1,mean_squared_error,128,adam
250,0.0020366343154791912,0.0026836005804695227,100,250,1,mean_squared_error,128,adam
500,0.0020501267003485155,0.002632715794884941,100,500,1,mean_squared_error,128,adam
750,0.002068307030777536,0.002560002908307179,100,750,1,mean_squared_error,128,adam
1000,0.0021174250395229115,0.002509276265039778,100,1000,1,mean_squared_error,128,adam
