round_epochs,val_loss,loss,batch_sizes,epochs,layers,losses,nodes,optimizers
100,0.0021242043623541616,0.002755879542682713,100,100,1,mean_squared_error,128,adam
250,0.0020928066668461018,0.0026624778837864124,100,250,1,mean_squared_error,128,adam
500,0.0020991668231485775,0.0026158113395280424,100,500,1,mean_squared_error,128,adam
750,0.0020684677857119383,0.002598482594783207,100,750,1,mean_squared_error,128,adam
1000,0.0021570528174128067,0.0024274931027174896,100,1000,1,mean_squared_error,128,adam
