round_epochs,val_loss,loss,batch_sizes,epochs,layers,losses,nodes,optimizers
100,0.00352301147658771,0.0024606053250603114,100,100,1,mean_squared_error,128,adam
250,0.0033962977359810816,0.0024013052760019672,100,250,1,mean_squared_error,128,adam
500,0.003307929737540196,0.0023733576082264132,100,500,1,mean_squared_error,128,adam
750,0.003402899936702683,0.002354009358923714,100,750,1,mean_squared_error,128,adam
1000,0.0038858811258708115,0.00225638545729014,100,1000,1,mean_squared_error,128,adam
