round_epochs,val_loss,loss,batch_sizes,epochs,layers,losses,nodes,optimizers
100,0.0022003432330979624,0.002776237568541912,100,100,1,mean_squared_error,128,adam
250,0.002563936195930644,0.0026031438677791676,100,250,1,mean_squared_error,128,adam
500,0.002745148671987518,0.0025673512683540172,100,500,1,mean_squared_error,128,adam
750,0.0025277299439094626,0.002532359216146957,100,750,1,mean_squared_error,128,adam
1000,0.002202406260021143,0.002446272828728522,100,1000,1,mean_squared_error,128,adam
