round_epochs,val_loss,loss,batch_sizes,epochs,layers,losses,nodes,optimizers
100,0.005263090112606934,0.0020258752020759197,100,100,1,mean_squared_error,128,adam
250,0.005616491346914864,0.00182818902665796,100,250,1,mean_squared_error,128,adam
500,0.006460892502218485,0.0017728224319485415,100,500,1,mean_squared_error,128,adam
750,0.006206186460190682,0.0017191664126804613,100,750,1,mean_squared_error,128,adam
1000,0.005812945410646685,0.0016956201628150053,100,1000,1,mean_squared_error,128,adam
