round_epochs,val_loss,loss,batch_sizes,epochs,layers,losses,nodes,optimizers
100,0.0024369926093586124,0.002680057112768704,100,100,1,mean_squared_error,128,adam
250,0.002431902003675774,0.0025789381488081275,100,250,1,mean_squared_error,128,adam
500,0.0025512897421198725,0.0025213447290627126,100,500,1,mean_squared_error,128,adam
750,0.002351487471942027,0.002463145035871272,100,750,1,mean_squared_error,128,adam
1000,0.0024270814546294996,0.0024337742551365613,100,1000,1,mean_squared_error,128,adam
