round_epochs,val_loss,loss,batch_sizes,epochs,layers,losses,nodes,optimizers
100,0.0029740090641057373,0.00265052263571146,100,100,1,mean_squared_error,128,adam
250,0.0027542950271923637,0.0025029718155163017,100,250,1,mean_squared_error,128,adam
500,0.002774250532158805,0.00247080073851025,100,500,1,mean_squared_error,128,adam
750,0.00276894833958104,0.0024530552526533453,100,750,1,mean_squared_error,128,adam
1000,0.002799237151653623,0.002394570378193529,100,1000,1,mean_squared_error,128,adam
