round_epochs,val_loss,loss,batch_sizes,epochs,layers,losses,nodes,optimizers
100,0.003998794195700868,0.0023128049054426426,100,100,1,mean_squared_error,128,adam
250,0.004954376013425352,0.0020981453272546804,100,250,1,mean_squared_error,128,adam
500,0.005750929899326521,0.0020856896003511685,100,500,1,mean_squared_error,128,adam
750,0.006017879056440077,0.001957357805233973,100,750,1,mean_squared_error,128,adam
1000,0.0051811992766419845,0.0019278601063509007,100,1000,1,mean_squared_error,128,adam
