round_epochs,val_loss,loss,batch_sizes,epochs,layers,losses,nodes,optimizers
100,0.0030829938638711994,0.0026182198081511872,100,100,1,mean_squared_error,128,adam
250,0.002706319160394408,0.0025552465263332927,100,250,1,mean_squared_error,128,adam
500,0.0035235929249051077,0.002487929043273474,100,500,1,mean_squared_error,128,adam
750,0.004362961129945277,0.002437027272459438,100,750,1,mean_squared_error,128,adam
1000,0.004403396754118441,0.002417636932290379,100,1000,1,mean_squared_error,128,adam
