round_epochs,val_loss,loss,batch_sizes,epochs,layers,losses,nodes,optimizers
100,0.0030167451240683918,0.0025901840104670007,100,100,1,mean_squared_error,128,adam
250,0.0033009728444880577,0.00252092291891163,100,250,1,mean_squared_error,128,adam
500,0.005359394436037571,0.002375243248619214,100,500,1,mean_squared_error,128,adam
750,0.010915763170725137,0.002263078778448641,100,750,1,mean_squared_error,128,adam
1000,0.014526745926907015,0.0021988362309068965,100,1000,1,mean_squared_error,128,adam
