round_epochs,val_loss,loss,batch_sizes,epochs,layers,losses,nodes,optimizers
100,0.003187017370221303,0.0025751954652415824,100,100,1,mean_squared_error,128,adam
250,0.0031540660332682446,0.002409588190464855,100,250,1,mean_squared_error,128,adam
500,0.0033430701224648174,0.0023641614857639872,100,500,1,mean_squared_error,128,adam
750,0.0033058335047552183,0.002288447347254347,100,750,1,mean_squared_error,128,adam
1000,0.0035715045023653373,0.0022057112892528053,100,1000,1,mean_squared_error,128,adam
