round_epochs,val_loss,loss,batch_sizes,epochs,layers,losses,nodes,optimizers
100,0.004028513267093418,0.0022922350098402355,100,100,1,mean_squared_error,128,adam
250,0.0039927683157574894,0.002228283958659325,100,250,1,mean_squared_error,128,adam
500,0.004025170691872961,0.002178084839430249,100,500,1,mean_squared_error,128,adam
750,0.00412061829915523,0.002140405915452907,100,750,1,mean_squared_error,128,adam
1000,0.004292462528893846,0.002109163952932866,100,1000,1,mean_squared_error,128,adam
