round_epochs,val_loss,loss,batch_sizes,epochs,layers,losses,nodes,optimizers
100,0.0028184434614289345,0.0025866839065960606,100,100,1,mean_squared_error,128,adam
250,0.0027526293661276897,0.0024931061007878066,100,250,1,mean_squared_error,128,adam
500,0.002815581027455815,0.0024347606661434674,100,500,1,mean_squared_error,128,adam
750,0.003001884225025848,0.0022895385452134337,100,750,1,mean_squared_error,128,adam
1000,0.004245849829354328,0.002254719933408345,100,1000,1,mean_squared_error,128,adam
