round_epochs,val_loss,loss,batch_sizes,epochs,layers,losses,nodes,optimizers
100,0.001983458887617193,0.0027682898933507837,100,100,1,mean_squared_error,128,adam
250,0.00229589610791124,0.0026433656370061353,100,250,1,mean_squared_error,128,adam
500,0.002807726445912042,0.002513966371595448,100,500,1,mean_squared_error,128,adam
750,0.0028809378726230043,0.002459129394645143,100,750,1,mean_squared_error,128,adam
1000,0.0025289127645293373,0.0023944340037865253,100,1000,1,mean_squared_error,128,adam
