round_epochs,val_loss,loss,batch_sizes,epochs,layers,losses,nodes,optimizers
100,0.002514974958843659,0.0026786118598383425,100,100,1,mean_squared_error,128,adam
250,0.0024676180337017506,0.002572248103658683,100,250,1,mean_squared_error,128,adam
500,0.0025455291726949377,0.0024591677859612743,100,500,1,mean_squared_error,128,adam
750,0.0027032778130366875,0.0023538256268807916,100,750,1,mean_squared_error,128,adam
1000,0.002792584707483125,0.002313183843750207,100,1000,1,mean_squared_error,128,adam
