round_epochs,val_loss,loss,batch_sizes,epochs,layers,losses,nodes,optimizers
100,0.0028583730744132447,0.0026343430646334834,100,100,1,mean_squared_error,128,adam
250,0.0027044920072932938,0.0025526288236917263,100,250,1,mean_squared_error,128,adam
500,0.0027441257802797623,0.0025428571491432025,100,500,1,mean_squared_error,128,adam
750,0.0030993306763638655,0.00251163359808656,100,750,1,mean_squared_error,128,adam
1000,0.003202741564340403,0.0024773767779595287,100,1000,1,mean_squared_error,128,adam
