round_epochs,val_loss,loss,batch_sizes,epochs,layers,losses,nodes,optimizers
100,0.003831979671221732,0.002377282030735371,100,100,1,mean_squared_error,128,adam
250,0.0038418025995169453,0.0023101009127225298,100,250,1,mean_squared_error,128,adam
500,0.0038165089664933967,0.0021363139455557695,100,500,1,mean_squared_error,128,adam
750,0.003915335887097683,0.002058994256067628,100,750,1,mean_squared_error,128,adam
1000,0.003893180939850945,0.0019535166802277892,100,1000,1,mean_squared_error,128,adam
