round_epochs,val_loss,loss,batch_sizes,epochs,layers,losses,nodes,optimizers
100,0.003179900404346648,0.002511599466752205,100,100,1,mean_squared_error,128,adam
250,0.003039783443062187,0.002437255024119051,100,250,1,mean_squared_error,128,adam
500,0.0030303694607324936,0.002367909501035272,100,500,1,mean_squared_error,128,adam
750,0.0030703193709329143,0.0022830370908378432,100,750,1,mean_squared_error,128,adam
1000,0.0031040194713459093,0.002236297099626431,100,1000,1,mean_squared_error,128,adam
