round_epochs,val_loss,loss,batch_sizes,epochs,layers,losses,nodes,optimizers
100,0.0036965506291718937,0.0024060998076863177,100,100,1,mean_squared_error,128,adam
250,0.0035140392248841686,0.002311350231646237,100,250,1,mean_squared_error,128,adam
500,0.0035052856070050343,0.0022476101545710584,100,500,1,mean_squared_error,128,adam
750,0.0034903939333674147,0.002204170713233925,100,750,1,mean_squared_error,128,adam
1000,0.003507422304351875,0.0021310809885044042,100,1000,1,mean_squared_error,128,adam
