round_epochs,val_loss,loss,batch_sizes,epochs,layers,losses,nodes,optimizers
100,0.001871052393502551,0.002814511272438507,100,100,1,mean_squared_error,128,adam
250,0.002366457331045788,0.002649739182825626,100,250,1,mean_squared_error,128,adam
500,0.0028332075438738317,0.0025711971447433357,100,500,1,mean_squared_error,128,adam
750,0.002945462447689406,0.0024962262127632695,100,750,1,mean_squared_error,128,adam
1000,0.002702335726432315,0.0023503031481604967,100,1000,1,mean_squared_error,128,adam
