round_epochs,val_loss,loss,batch_sizes,epochs,layers,losses,nodes,optimizers
100,0.002943606069077499,0.002551512205364866,100,100,1,mean_squared_error,128,adam
250,0.0030407466523199524,0.0024472828425031773,100,250,1,mean_squared_error,128,adam
500,0.0031998643684364742,0.0023557418409206124,100,500,1,mean_squared_error,128,adam
750,0.0032340330797149307,0.002272373842819589,100,750,1,mean_squared_error,128,adam
1000,0.003105964076391716,0.0021779130303052874,100,1000,1,mean_squared_error,128,adam
