round_epochs,val_loss,loss,batch_sizes,epochs,layers,losses,nodes,optimizers
100,0.0030942355369184935,0.0025493514586015413,100,100,1,mean_squared_error,128,adam
250,0.0030773346623564936,0.0024388166912012363,100,250,1,mean_squared_error,128,adam
500,0.003663276979727811,0.002293482498293883,100,500,1,mean_squared_error,128,adam
750,0.004038297778332428,0.002251086806312166,100,750,1,mean_squared_error,128,adam
1000,0.004444946438991394,0.0022699976469806615,100,1000,1,mean_squared_error,128,adam
