round_epochs,val_loss,loss,batch_sizes,epochs,layers,losses,nodes,optimizers
100,0.00272271821120913,0.002630647457902081,100,100,1,mean_squared_error,128,adam
250,0.0028467001030736384,0.002534541238541598,100,250,1,mean_squared_error,128,adam
500,0.004224000120741414,0.002480323984517,100,500,1,mean_squared_error,128,adam
750,0.0032680036240355604,0.002366607277490311,100,750,1,mean_squared_error,128,adam
1000,0.0030673150530075607,0.0023585910676047206,100,1000,1,mean_squared_error,128,adam
