round_epochs,val_loss,loss,batch_sizes,epochs,layers,losses,nodes,optimizers
100,0.0030341015978898834,0.0025769024084078794,100,100,1,mean_squared_error,128,adam
250,0.0028961173553562645,0.002462069118446928,100,250,1,mean_squared_error,128,adam
500,0.0028503889676614025,0.0024320462440145223,100,500,1,mean_squared_error,128,adam
750,0.0028339702584523354,0.0023554049732968513,100,750,1,mean_squared_error,128,adam
1000,0.0029936723794844284,0.002305337818732588,100,1000,1,mean_squared_error,128,adam
