round_epochs,val_loss,loss,batch_sizes,epochs,layers,losses,nodes,optimizers
100,0.002450356335992265,0.002702857308024213,100,100,1,mean_squared_error,128,adam
250,0.002553660376933427,0.0025940495683582283,100,250,1,mean_squared_error,128,adam
500,0.002778878708103269,0.0025149599471171596,100,500,1,mean_squared_error,128,adam
750,0.0038741603914891655,0.0024564955360139133,100,750,1,mean_squared_error,128,adam
1000,0.006627598356212204,0.0023971199398467214,100,1000,1,mean_squared_error,128,adam
