round_epochs,val_loss,loss,batch_sizes,epochs,layers,losses,nodes,optimizers
100,0.001212801260408014,0.001767834159341363,100,100,1,mean_squared_error,1,adam
100,0.0010687359608709812,0.0018240838837305102,100,100,1,mean_squared_error,2,adam
100,0.0011013023759005591,0.0017097896892217953,100,100,1,mean_squared_error,3,adam
100,0.0009497837381786667,0.0016158278061934503,100,100,1,mean_squared_error,8,adam
100,0.0009390871346113272,0.0016221517268369876,100,100,1,mean_squared_error,16,adam
100,0.0009446384501643479,0.0016160594927611524,100,100,1,mean_squared_error,32,adam
100,0.0009339144089608453,0.0016158484597923817,100,100,1,mean_squared_error,64,adam
100,0.0009263764004572295,0.0016175136706099746,100,100,1,mean_squared_error,128,adam
