round_epochs,val_loss,loss,batch_sizes,epochs,layers,losses,nodes,optimizers
100,0.000366145177395083,0.005062466846819253,100,100,1,mean_squared_error,1,adam
100,0.00024460721760988235,0.001871526209718634,100,100,1,mean_squared_error,2,adam
100,0.0002836089697666466,0.0017876392682631475,100,100,1,mean_squared_error,3,adam
100,0.00025282429123762995,0.0017817727607974834,100,100,1,mean_squared_error,8,adam
100,0.0002735005255090073,0.0017719449429308301,100,100,1,mean_squared_error,16,adam
100,0.00029175941017456353,0.0017847720881761227,100,100,1,mean_squared_error,32,adam
100,0.0003042888711206615,0.0017853465718584822,100,100,1,mean_squared_error,64,adam
100,0.0002818707434926182,0.0017948605995193442,100,100,1,mean_squared_error,128,adam
