round_epochs,val_loss,loss,batch_sizes,epochs,layers,losses,nodes,optimizers
100,0.0019255353254266083,0.0022353901736290056,100,100,1,mean_squared_error,1,adam
100,0.0012528231309261173,0.0016059694897189718,100,100,1,mean_squared_error,2,adam
100,0.0014000296941958368,0.001685837778240328,100,100,1,mean_squared_error,3,adam
100,0.0012763541308231652,0.0015537426865339877,100,100,1,mean_squared_error,8,adam
100,0.0012349331809673458,0.0015403370126115536,100,100,1,mean_squared_error,16,adam
100,0.0012278904614504427,0.0015421559839255007,100,100,1,mean_squared_error,32,adam
100,0.0012288118014112115,0.001542771051878245,100,100,1,mean_squared_error,64,adam
100,0.001229897083248943,0.0015576455720529932,100,100,1,mean_squared_error,128,adam
