round_epochs,val_loss,loss,batch_sizes,epochs,layers,losses,nodes,optimizers
100,0.007240796330734156,0.0032924201300386386,100,100,1,mean_squared_error,1,adam
100,0.00269383707200177,0.0014541263448163157,100,100,1,mean_squared_error,2,adam
100,0.003076219232752919,0.0015382691612408816,100,100,1,mean_squared_error,3,adam
100,0.002200563612859696,0.0014133579121759035,100,100,1,mean_squared_error,8,adam
100,0.002081177575746551,0.0014029468317737308,100,100,1,mean_squared_error,16,adam
100,0.0021049176139058545,0.0014075930993292097,100,100,1,mean_squared_error,32,adam
100,0.0020907364378217608,0.0014096268128550012,100,100,1,mean_squared_error,64,adam
100,0.0020846210536547005,0.0014120713944919174,100,100,1,mean_squared_error,128,adam
