round_epochs,val_loss,loss,batch_sizes,epochs,layers,losses,nodes,optimizers
100,0.0032899230427574366,0.0016397145099880728,100,100,1,mean_squared_error,1,adam
100,0.002535631094360724,0.0015021082277202286,100,100,1,mean_squared_error,2,adam
100,0.002459998184349388,0.0014951222545273584,100,100,1,mean_squared_error,3,adam
100,0.001931656945089344,0.00145347073012181,100,100,1,mean_squared_error,8,adam
100,0.0018140766587748658,0.001450914709845133,100,100,1,mean_squared_error,16,adam
100,0.0017683387304714415,0.0014512339279517754,100,100,1,mean_squared_error,32,adam
100,0.0017666460153122898,0.0014537033431796839,100,100,1,mean_squared_error,64,adam
100,0.0018265422695549205,0.0014581795531514107,100,100,1,mean_squared_error,128,adam
