round_epochs,val_loss,loss,batch_sizes,epochs,layers,losses,nodes,optimizers
100,0.005546914180740714,0.00387009211105731,100,100,1,mean_squared_error,1,adam
100,0.0026025130064226687,0.0015528836897498505,100,100,1,mean_squared_error,2,adam
100,0.002357176097575575,0.0013035854676570324,100,100,1,mean_squared_error,3,adam
100,0.002280975691974163,0.0012771347432235668,100,100,1,mean_squared_error,8,adam
100,0.0022879018797539175,0.0012727683700503253,100,100,1,mean_squared_error,16,adam
100,0.0022919309558346868,0.001272057565703771,100,100,1,mean_squared_error,32,adam
100,0.00230029335943982,0.0012814418815676226,100,100,1,mean_squared_error,64,adam
100,0.002299209125339985,0.0013071587961342157,100,100,1,mean_squared_error,128,adam
