round_epochs,val_loss,loss,batch_sizes,epochs,layers,losses,nodes,optimizers
100,0.0023148238542489707,0.0020435411100250137,100,100,1,mean_squared_error,1,adam
100,0.0028032936970703304,0.0026670178233057654,100,100,1,mean_squared_error,2,adam
100,0.002362513703701552,0.0012653280817786871,100,100,1,mean_squared_error,3,adam
100,0.002541096713684965,0.0012169271129251161,100,100,1,mean_squared_error,8,adam
100,0.002587981754913926,0.0012243360247145545,100,100,1,mean_squared_error,16,adam
100,0.002574760204879567,0.0012184171086903148,100,100,1,mean_squared_error,32,adam
100,0.0025792020314838737,0.001231931194672968,100,100,1,mean_squared_error,64,adam
100,0.002537640422815457,0.0012222605545591928,100,100,1,mean_squared_error,128,adam
