round_epochs,val_loss,loss,batch_sizes,epochs,layers,losses,nodes,optimizers
100,0.0018929995130747557,0.002190133229943744,100,100,1,mean_squared_error,1,adam
100,0.001691026205662638,0.0014740237231654603,100,100,1,mean_squared_error,2,adam
100,0.001760967483278364,0.0014817555217489012,100,100,1,mean_squared_error,3,adam
100,0.0016902399365790188,0.0014200539752388173,100,100,1,mean_squared_error,8,adam
100,0.0017270970856770873,0.0014175303209016338,100,100,1,mean_squared_error,16,adam
100,0.0017157589318230748,0.001417339265998336,100,100,1,mean_squared_error,32,adam
100,0.0016996045596897602,0.0014184415163174691,100,100,1,mean_squared_error,64,adam
100,0.001702340436168015,0.0014334852777463489,100,100,1,mean_squared_error,128,adam
