round_epochs,val_loss,loss,batch_sizes,epochs,layers,losses,nodes,optimizers
100,0.0006707707434543408,0.002139915782129065,100,100,1,mean_squared_error,1,adam
100,0.0003182463115081191,0.0017827486842993256,100,100,1,mean_squared_error,2,adam
100,0.0002856310675269924,0.0017763800452373464,100,100,1,mean_squared_error,3,adam
100,0.0003108681266894564,0.0017627697607372796,100,100,1,mean_squared_error,8,adam
100,0.00037680410605389625,0.0017580045968496048,100,100,1,mean_squared_error,16,adam
100,0.0004064577806275338,0.0017797641562549444,100,100,1,mean_squared_error,32,adam
100,0.00041133639751933515,0.0017810752276882045,100,100,1,mean_squared_error,64,adam
100,0.00039444127469323575,0.0017630402338667714,100,100,1,mean_squared_error,128,adam
