round_epochs,val_loss,loss,batch_sizes,epochs,layers,losses,nodes,optimizers
100,0.0007686811150051653,0.002080535481422486,100,100,1,mean_squared_error,1,adam
100,0.0008447214495390654,0.001637842363422914,100,100,1,mean_squared_error,2,adam
100,0.0008391276642214507,0.001654825259025155,100,100,1,mean_squared_error,3,adam
100,0.0008532076317351311,0.0016318930341876147,100,100,1,mean_squared_error,8,adam
100,0.0008448596054222435,0.001632425163809518,100,100,1,mean_squared_error,16,adam
100,0.0008519564871676266,0.0016398710287835467,100,100,1,mean_squared_error,32,adam
100,0.0008411840244662017,0.0016383422461465553,100,100,1,mean_squared_error,64,adam
100,0.000854981248266995,0.001642472937266648,100,100,1,mean_squared_error,128,adam
