round_epochs,val_loss,loss,batch_sizes,epochs,layers,losses,nodes,optimizers
100,0.0012317159562371671,0.00229139356104538,100,100,1,mean_squared_error,1,adam
100,0.002683221217012033,0.004188299321605682,100,100,1,mean_squared_error,2,adam
100,0.002256844163639471,0.0013014852004545859,100,100,1,mean_squared_error,3,adam
100,0.0021591797121800482,0.0013146336250360775,100,100,1,mean_squared_error,8,adam
100,0.003236140124499798,0.0012483037252169929,100,100,1,mean_squared_error,16,adam
100,0.003411018813494593,0.0012278237761865441,100,100,1,mean_squared_error,32,adam
100,0.0034706995938904583,0.0012359031879303412,100,100,1,mean_squared_error,64,adam
100,0.0033769617439247668,0.0012408773313255462,100,100,1,mean_squared_error,128,adam
