round_epochs,val_loss,loss,batch_sizes,epochs,layers,losses,nodes,optimizers
100,0.002935292708571069,0.0022967710662434777,100,100,1,mean_squared_error,1,adam
100,0.0022944367228774354,0.00193637633071232,100,100,1,mean_squared_error,2,adam
100,0.003034286681213416,0.0023623834100649937,100,100,1,mean_squared_error,3,adam
100,0.0011767369724111632,0.0016040121842517674,100,100,1,mean_squared_error,8,adam
100,0.001106716415961273,0.0016052810621697614,100,100,1,mean_squared_error,16,adam
100,0.0010983103275066242,0.0016116910557324455,100,100,1,mean_squared_error,32,adam
100,0.001111588833737187,0.0016040224336871976,100,100,1,mean_squared_error,64,adam
100,0.0011034801282221451,0.001605779251947656,100,100,1,mean_squared_error,128,adam
