round_epochs,val_loss,loss,batch_sizes,epochs,layers,losses,nodes,optimizers
100,0.0010815181012731045,0.0022652454140746642,100,100,1,mean_squared_error,1,adam
100,0.0005363648233469576,0.0050578792936887525,100,100,1,mean_squared_error,2,adam
100,0.0038826121017336845,0.0010129802731650049,100,100,1,mean_squared_error,3,adam
100,0.003840420860797167,0.0010358138732906234,100,100,1,mean_squared_error,8,adam
100,0.003814314492046833,0.0010511507683539797,100,100,1,mean_squared_error,16,adam
100,0.003811124712228775,0.0010524268922139832,100,100,1,mean_squared_error,32,adam
100,0.0037929763784632087,0.0010542515772882087,100,100,1,mean_squared_error,64,adam
100,0.003825732390396297,0.0010606955077407537,100,100,1,mean_squared_error,128,adam
