round_epochs,val_loss,loss,batch_sizes,epochs,layers,losses,nodes,optimizers
100,0.006878314074128866,0.0031643992362550945,100,100,1,mean_squared_error,1,adam
100,0.0023590627824887633,0.0016106050786122278,100,100,1,mean_squared_error,2,adam
100,0.0032435263856314123,0.0018836682122451648,100,100,1,mean_squared_error,3,adam
100,0.0019757302943617105,0.001519388477796488,100,100,1,mean_squared_error,8,adam
100,0.001615112145373132,0.001453171738010264,100,100,1,mean_squared_error,16,adam
100,0.0015962261677486822,0.0014597446537581867,100,100,1,mean_squared_error,32,adam
100,0.001596333306224551,0.0014595502976854483,100,100,1,mean_squared_error,64,adam
100,0.0016085142851807177,0.0014579107787665493,100,100,1,mean_squared_error,128,adam
