round_epochs,val_loss,loss,batch_sizes,epochs,layers,losses,nodes,optimizers
100,0.003974466992076486,0.0040842382501948505,100,100,1,mean_squared_error,1,adam
100,0.0010797790637298021,0.0016783106965473841,100,100,1,mean_squared_error,2,adam
100,0.0014693410048494115,0.0018479713734926744,100,100,1,mean_squared_error,3,adam
100,0.0008871272766555194,0.0016518737457022724,100,100,1,mean_squared_error,8,adam
100,0.0008702357445145026,0.001646573037124428,100,100,1,mean_squared_error,16,adam
100,0.0008771761640673503,0.0016517245285399725,100,100,1,mean_squared_error,32,adam
100,0.0008642712782602757,0.0016485875018217011,100,100,1,mean_squared_error,64,adam
100,0.0008547531833755784,0.0016507344119242604,100,100,1,mean_squared_error,128,adam
