round_epochs,val_loss,loss,batch_sizes,epochs,layers,losses,nodes,optimizers
100,0.0031287833699025214,0.001997368818157432,100,100,1,mean_squared_error,1,adam
100,0.0038292710669338703,0.0025213158270460845,100,100,1,mean_squared_error,2,adam
100,0.0027504682657308877,0.0016939386775463884,100,100,1,mean_squared_error,3,adam
100,0.0020103586721234024,0.0013577002936561026,100,100,1,mean_squared_error,8,adam
100,0.002000783628318459,0.0013589021294418008,100,100,1,mean_squared_error,16,adam
100,0.001995077880565077,0.0013617728461183486,100,100,1,mean_squared_error,32,adam
100,0.0020289489184506238,0.001360221040965569,100,100,1,mean_squared_error,64,adam
100,0.002014107070863247,0.0013595544508810651,100,100,1,mean_squared_error,128,adam
