round_epochs,val_loss,loss,batch_sizes,epochs,layers,losses,nodes,optimizers
100,0.008365325862541795,0.0030549119991357706,100,100,1,mean_squared_error,1,adam
100,0.0021754211047664285,0.0016250119445437594,100,100,1,mean_squared_error,2,adam
100,0.0019823843613266945,0.001595168648084,100,100,1,mean_squared_error,3,adam
100,0.0015357696684077382,0.0015784855188719022,100,100,1,mean_squared_error,8,adam
100,0.0014927765587344766,0.0015723721684717613,100,100,1,mean_squared_error,16,adam
100,0.001450725831091404,0.001580668795669456,100,100,1,mean_squared_error,32,adam
100,0.0014939905668143183,0.001571515732022343,100,100,1,mean_squared_error,64,adam
100,0.0014620488218497485,0.0015745988112896504,100,100,1,mean_squared_error,128,adam
