round_epochs,val_loss,loss,batch_sizes,epochs,layers,losses,nodes,optimizers
100,0.01138518936932087,0.003915496961503082,100,100,1,mean_squared_error,1,adam
100,0.005078551359474659,0.0021391140493560805,100,100,1,mean_squared_error,2,adam
100,0.0023160578566603363,0.0015717191499994045,100,100,1,mean_squared_error,3,adam
100,0.0017913083138410002,0.0015284960709026731,100,100,1,mean_squared_error,8,adam
100,0.0016141686355695128,0.0015202916670330382,100,100,1,mean_squared_error,16,adam
100,0.0016449812683276832,0.0015291070317141105,100,100,1,mean_squared_error,32,adam
100,0.0016118985367938876,0.001525860444355504,100,100,1,mean_squared_error,64,adam
100,0.0016042720235418528,0.0015164792462121369,100,100,1,mean_squared_error,128,adam
