round_epochs,val_loss,loss,batch_sizes,epochs,layers,losses,nodes,optimizers
100,0.0003364250296726823,0.0017932830996960775,100,100,1,mean_squared_error,1,adam
100,0.00038966016290942207,0.002565019237657164,100,100,1,mean_squared_error,2,adam
100,0.00034297726961085573,0.002347838712732464,100,100,1,mean_squared_error,3,adam
100,0.0003285676648374647,0.0017590815447070134,100,100,1,mean_squared_error,8,adam
100,0.00032881782681215554,0.0017639142003410466,100,100,1,mean_squared_error,16,adam
100,0.0003267278370913118,0.0017616830294704378,100,100,1,mean_squared_error,32,adam
100,0.00032772496342658997,0.0017889755729727102,100,100,1,mean_squared_error,64,adam
100,0.0003265575141995214,0.0017906125673713784,100,100,1,mean_squared_error,128,adam
