round_epochs,val_loss,loss,batch_sizes,epochs,layers,losses,nodes,optimizers
100,0.009242081549018621,0.0028625289408576427,100,100,1,mean_squared_error,1,adam
100,0.003671853104606271,0.0013076942869202984,100,100,1,mean_squared_error,2,adam
100,0.003584466641768813,0.0013519986913020706,100,100,1,mean_squared_error,3,adam
100,0.0026760606560856104,0.001213609950820026,100,100,1,mean_squared_error,8,adam
100,0.002625115914270282,0.0012203423010347584,100,100,1,mean_squared_error,16,adam
100,0.002601405110908672,0.0012223974547105581,100,100,1,mean_squared_error,32,adam
100,0.0026172599755227566,0.0012188192850409454,100,100,1,mean_squared_error,64,adam
100,0.0026236753328703344,0.0012255728409520845,100,100,1,mean_squared_error,128,adam
