round_epochs,val_loss,loss,batch_sizes,epochs,layers,losses,nodes,optimizers
100,0.006038737250491977,0.003553964237024293,100,100,1,mean_squared_error,1,adam
100,0.0027228163089603186,0.0016491751396330656,100,100,1,mean_squared_error,2,adam
100,0.002038800739683211,0.0014211211006628598,100,100,1,mean_squared_error,3,adam
100,0.005716269835829735,0.0033227370872178624,100,100,1,mean_squared_error,8,adam
100,0.0019579888321459293,0.0014041887352185878,100,100,1,mean_squared_error,16,adam
100,0.001930525351781398,0.0014023887271290285,100,100,1,mean_squared_error,32,adam
100,0.001950835867319256,0.0014023059981050586,100,100,1,mean_squared_error,64,adam
100,0.001934272178914398,0.0014071402001080283,100,100,1,mean_squared_error,128,adam
