round_epochs,val_loss,loss,batch_sizes,epochs,layers,losses,nodes,optimizers
100,0.0028425373893696815,0.0015764996631305553,100,100,1,mean_squared_error,1,adam
100,0.003640046459622681,0.0023545415220486894,100,100,1,mean_squared_error,2,adam
100,0.0029090428724884987,0.0016700556416914712,100,100,1,mean_squared_error,3,adam
100,0.0027885994350071996,0.001152732650901688,100,100,1,mean_squared_error,8,adam
100,0.0028205266571603715,0.0011529618040320084,100,100,1,mean_squared_error,16,adam
100,0.002817109227180481,0.0011503500711461086,100,100,1,mean_squared_error,32,adam
100,0.0028166909760329872,0.001163583845372795,100,100,1,mean_squared_error,64,adam
100,0.0028173984901513904,0.0011489818850502996,100,100,1,mean_squared_error,128,adam
