round_epochs,val_loss,loss,batch_sizes,epochs,layers,losses,nodes,optimizers
100,0.00327785755507648,0.0017500710487628314,100,100,1,mean_squared_error,1,adam
100,0.003119878761935979,0.0016984959354129313,100,100,1,mean_squared_error,2,adam
100,0.002318887156434357,0.0014512752160023815,100,100,1,mean_squared_error,3,adam
100,0.0019648116431199014,0.0014062939855584613,100,100,1,mean_squared_error,8,adam
100,0.0019263513968326151,0.001406058124870524,100,100,1,mean_squared_error,16,adam
100,0.0019299997366033494,0.0014080378100162787,100,100,1,mean_squared_error,32,adam
100,0.0019331785733811557,0.0014041643427803944,100,100,1,mean_squared_error,64,adam
100,0.0019241737318225205,0.001427048738572611,100,100,1,mean_squared_error,128,adam
