round_epochs,val_loss,loss,batch_sizes,epochs,layers,losses,nodes,optimizers
100,0.0008054394857026637,0.0019160220697466727,100,100,1,mean_squared_error,1,adam
100,0.0008865742420312017,0.0038221586940000137,100,100,1,mean_squared_error,2,adam
100,0.0008205751655623317,0.0016433826653826002,100,100,1,mean_squared_error,3,adam
100,0.0008142560254782438,0.0016440201524025376,100,100,1,mean_squared_error,8,adam
100,0.0008383691892959177,0.0016333120330913754,100,100,1,mean_squared_error,16,adam
100,0.0008303428767248988,0.0016397826384810176,100,100,1,mean_squared_error,32,adam
100,0.0008422393584623933,0.0016446474950234254,100,100,1,mean_squared_error,64,adam
100,0.0008413752657361329,0.001638137940247368,100,100,1,mean_squared_error,128,adam
