round_epochs,val_loss,loss,batch_sizes,epochs,layers,losses,nodes,optimizers
100,0.00024892859801184386,0.0027715098718969025,100,100,1,mean_squared_error,1,adam
100,0.00021115081472089514,0.0018774753595897252,100,100,1,mean_squared_error,2,adam
100,0.0002057809178950265,0.001810812636060911,100,100,1,mean_squared_error,3,adam
100,0.00020307367230998352,0.0017947194662194857,100,100,1,mean_squared_error,8,adam
100,0.00020839333592448384,0.001799520550798718,100,100,1,mean_squared_error,16,adam
100,0.0002049325848929584,0.0017949391986805956,100,100,1,mean_squared_error,32,adam
100,0.00020793212752323598,0.0017937476057290826,100,100,1,mean_squared_error,64,adam
100,0.00021701277000829577,0.0017977557653464367,100,100,1,mean_squared_error,128,adam
