round_epochs,val_loss,loss,batch_sizes,epochs,layers,losses,nodes,optimizers
100,0.0013362666359171271,0.0021488122074697913,100,100,1,mean_squared_error,1,adam
100,0.0010059567139251158,0.0016311400797262433,100,100,1,mean_squared_error,2,adam
100,0.001155487450887449,0.001680354702398461,100,100,1,mean_squared_error,3,adam
100,0.000984313985100016,0.0016072847023938916,100,100,1,mean_squared_error,8,adam
100,0.0009885354083962739,0.001598185402201722,100,100,1,mean_squared_error,16,adam
100,0.0009909254586091265,0.0015968993765840022,100,100,1,mean_squared_error,32,adam
100,0.0009924024780048057,0.0016042889310438,100,100,1,mean_squared_error,64,adam
100,0.000987545179668814,0.0016061954617787404,100,100,1,mean_squared_error,128,adam
