round_epochs,val_loss,loss,batch_sizes,epochs,layers,losses,nodes,optimizers
100,0.0035809705732390285,0.004195203208994765,100,100,1,mean_squared_error,1,adam
100,0.0015499298897339031,0.0015521546590018243,100,100,1,mean_squared_error,2,adam
100,0.0018093337130267173,0.00151273466642003,100,100,1,mean_squared_error,3,adam
100,0.0016196674987440929,0.0014550521660375555,100,100,1,mean_squared_error,8,adam
100,0.0016117686609504744,0.0014489021659641992,100,100,1,mean_squared_error,16,adam
100,0.0016160675877472386,0.0014531801576244138,100,100,1,mean_squared_error,32,adam
100,0.0016078561748145148,0.0014631319297261694,100,100,1,mean_squared_error,64,adam
100,0.0015958557196427137,0.0014563340655490663,100,100,1,mean_squared_error,128,adam
