round_epochs,val_loss,loss,batch_sizes,epochs,layers,losses,nodes,optimizers
100,0.0012529064842965454,0.0018316378248306947,100,100,1,mean_squared_error,1,adam
100,0.0012877070112153888,0.0022226480054779955,100,100,1,mean_squared_error,2,adam
100,0.001122765796026215,0.0016309134731446171,100,100,1,mean_squared_error,3,adam
100,0.0011328095861244947,0.0015663108056093705,100,100,1,mean_squared_error,8,adam
100,0.001125151407904923,0.0015984528236596479,100,100,1,mean_squared_error,16,adam
100,0.0011275942088104784,0.0015621155844406133,100,100,1,mean_squared_error,32,adam
100,0.001129402924561873,0.0015626815779375047,100,100,1,mean_squared_error,64,adam
100,0.0011277350422460586,0.0015771653548257664,100,100,1,mean_squared_error,128,adam
