round_epochs,val_loss,loss,batch_sizes,epochs,layers,losses,nodes,optimizers
100,0.0053951459703966975,0.002402717960539757,100,100,1,mean_squared_error,1,adam
100,0.0030054175877012312,0.001835757155609749,100,100,1,mean_squared_error,2,adam
100,0.004122959217056632,0.002098384728324938,100,100,1,mean_squared_error,3,adam
100,0.0017401212826371193,0.0015692792207447294,100,100,1,mean_squared_error,8,adam
100,0.0013938455958850682,0.0015467196808139417,100,100,1,mean_squared_error,16,adam
100,0.0013770664809271693,0.0015214890172911626,100,100,1,mean_squared_error,32,adam
100,0.001381041161948815,0.0015288254609074734,100,100,1,mean_squared_error,64,adam
100,0.0013711984793189913,0.0015253790642279562,100,100,1,mean_squared_error,128,adam
