round_epochs,val_loss,loss,batch_sizes,epochs,layers,losses,nodes,optimizers
100,0.003415104001760483,0.003818011952992727,100,100,1,mean_squared_error,1,adam
100,0.001867224695160985,0.001430053938177874,100,100,1,mean_squared_error,2,adam
100,0.0027441398706287146,0.002451493374534759,100,100,1,mean_squared_error,3,adam
100,0.0016732753138057888,0.0014480098839534125,100,100,1,mean_squared_error,8,adam
100,0.0016535187605768442,0.001440881662050911,100,100,1,mean_squared_error,16,adam
100,0.0016588463331572711,0.00144804939287738,100,100,1,mean_squared_error,32,adam
100,0.0016579595394432545,0.0014561703465097026,100,100,1,mean_squared_error,64,adam
100,0.0016475860029459,0.001450079941088077,100,100,1,mean_squared_error,128,adam
