round_epochs,val_loss,loss,batch_sizes,epochs,layers,losses,nodes,optimizers
100,0.005017587900510989,0.0037516790204669783,100,100,1,mean_squared_error,1,adam
100,0.0016340221627615392,0.0017360615557734213,100,100,1,mean_squared_error,2,adam
100,0.0030461940696113743,0.002445928340883958,100,100,1,mean_squared_error,3,adam
100,0.0010302009541192092,0.0016195117052467097,100,100,1,mean_squared_error,8,adam
100,0.0010157604483538307,0.0016196907368397578,100,100,1,mean_squared_error,16,adam
100,0.0010143060571863316,0.001625761796383626,100,100,1,mean_squared_error,32,adam
100,0.0010461224665050395,0.0016326784531694994,100,100,1,mean_squared_error,64,adam
100,0.0010443379505886696,0.001625162749177774,100,100,1,mean_squared_error,128,adam
