round_epochs,val_loss,loss,batch_sizes,epochs,layers,losses,nodes,optimizers
100,0.0009550820977892727,0.004911305678846142,100,100,1,mean_squared_error,1,adam
100,0.0009453302482143044,0.004773209859336374,100,100,1,mean_squared_error,2,adam
100,0.0009618971962481737,0.0036111752027622366,100,100,1,mean_squared_error,3,adam
100,0.0028410561208147556,0.0011727343342426866,100,100,1,mean_squared_error,8,adam
100,0.0029731271788477898,0.0011698812093728112,100,100,1,mean_squared_error,16,adam
100,0.0029450441943481565,0.0011835891363487572,100,100,1,mean_squared_error,32,adam
100,0.002949083282146603,0.0011760044827202993,100,100,1,mean_squared_error,64,adam
100,0.0029709576920140535,0.0011816274507915401,100,100,1,mean_squared_error,128,adam
