round_epochs,val_loss,loss,batch_sizes,epochs,layers,losses,nodes,optimizers
100,0.0020038511720485985,0.002185985509581621,100,100,1,mean_squared_error,1,adam
100,0.001630000479053706,0.0017854028651219463,100,100,1,mean_squared_error,2,adam
100,0.0014814388123340905,0.001567998186251578,100,100,1,mean_squared_error,3,adam
100,0.001484015490859747,0.0014781739259603196,100,100,1,mean_squared_error,8,adam
100,0.0014999749837443233,0.0014725705675248588,100,100,1,mean_squared_error,16,adam
100,0.0015314796473830938,0.0014694307194856396,100,100,1,mean_squared_error,32,adam
100,0.001553571957629174,0.001483526243069641,100,100,1,mean_squared_error,64,adam
100,0.0015185822849161923,0.001498074105936091,100,100,1,mean_squared_error,128,adam
