round_epochs,val_loss,loss,batch_sizes,epochs,layers,losses,nodes,optimizers
100,0.00202937560970895,0.003166440196707611,100,100,1,mean_squared_error,1,adam
100,0.0012542765762191266,0.0016732916477653326,100,100,1,mean_squared_error,2,adam
100,0.0016412819968536496,0.002070140324936792,100,100,1,mean_squared_error,3,adam
100,0.0011645183549262583,0.001553540075221741,100,100,1,mean_squared_error,8,adam
100,0.0011789726850111037,0.0015788404692610946,100,100,1,mean_squared_error,16,adam
100,0.001158919680165127,0.0015634497529727856,100,100,1,mean_squared_error,32,adam
100,0.0011583433952182531,0.001562735960742384,100,100,1,mean_squared_error,64,adam
100,0.00116823535063304,0.001575812724253214,100,100,1,mean_squared_error,128,adam
