round_epochs,val_loss,loss,batch_sizes,epochs,layers,losses,nodes,optimizers
100,0.003538022836437449,0.002001384984464665,100,100,1,mean_squared_error,1,adam
100,0.0055141331104096025,0.0035947998481619414,100,100,1,mean_squared_error,2,adam
100,0.002213899220805615,0.0013643170650470722,100,100,1,mean_squared_error,3,adam
100,0.002437594113871455,0.0013644140766481904,100,100,1,mean_squared_error,8,adam
100,0.002132598077878356,0.0013382589569759385,100,100,1,mean_squared_error,16,adam
100,0.0021597148734144866,0.0013355491318177422,100,100,1,mean_squared_error,32,adam
100,0.0021127968502696604,0.0013372931019770668,100,100,1,mean_squared_error,64,adam
100,0.0021238758345134556,0.0013584859474380629,100,100,1,mean_squared_error,128,adam
