round_epochs,val_loss,loss,batch_sizes,epochs,layers,losses,nodes,optimizers
100,0.0007858408716856502,0.002139382065363686,100,100,1,mean_squared_error,1,adam
100,0.0009392081046826206,0.0021877036248170363,100,100,1,mean_squared_error,2,adam
100,0.000307411297399085,0.0018165313503366515,100,100,1,mean_squared_error,3,adam
100,0.0002668259112397209,0.0017948738150654552,100,100,1,mean_squared_error,8,adam
100,0.00023090605827746913,0.001795660732384015,100,100,1,mean_squared_error,16,adam
100,0.00024089250655379146,0.0017891620291790279,100,100,1,mean_squared_error,32,adam
100,0.00022684438590658829,0.0017914442770897334,100,100,1,mean_squared_error,64,adam
100,0.0002354256430407986,0.0017926385161556762,100,100,1,mean_squared_error,128,adam
