round_epochs,val_loss,loss,batch_sizes,epochs,layers,losses,nodes,optimizers
100,0.00042656445293687284,0.0018809292021086136,100,100,1,mean_squared_error,1,adam
100,0.0004381620601634495,0.002304970176461886,100,100,1,mean_squared_error,2,adam
100,0.0004255008461768739,0.0018651418928097804,100,100,1,mean_squared_error,3,adam
100,0.0004359232298156712,0.0017328249728382988,100,100,1,mean_squared_error,8,adam
100,0.00043578683835221455,0.0017407170441736909,100,100,1,mean_squared_error,16,adam
100,0.00043589303459157236,0.0017336486032530829,100,100,1,mean_squared_error,32,adam
100,0.00043531873598112725,0.0017437730891919486,100,100,1,mean_squared_error,64,adam
100,0.00044054969839635305,0.0017445736017193702,100,100,1,mean_squared_error,128,adam
