round_epochs,val_loss,loss,batch_sizes,epochs,layers,losses,nodes,optimizers
100,0.013809938915073872,0.01776630447519229,100,100,1,mean_squared_error,1,adam
100,0.013378617353737354,0.017435720276769092,100,100,1,mean_squared_error,2,adam
100,0.013420053757727146,0.017446877859663545,100,100,1,mean_squared_error,3,adam
100,0.013394056353718042,0.017512527096054907,100,100,1,mean_squared_error,8,adam
100,0.01334505807608366,0.017546344291708225,100,100,1,mean_squared_error,16,adam
100,0.013399267569184303,0.017567752372650874,100,100,1,mean_squared_error,32,adam
100,0.013363843318074942,0.01753245123935149,100,100,1,mean_squared_error,64,adam
100,0.013451079837977886,0.01753551904859026,100,100,1,mean_squared_error,128,adam
