round_epochs,val_loss,loss,batch_sizes,epochs,layers,losses,nodes,optimizers
100,0.021837815642356873,0.02015818950759812,100,100,1,mean_squared_error,1,adam
100,0.017819322645664215,0.016507532830375777,100,100,1,mean_squared_error,2,adam
100,0.017681289929896593,0.016434661180415845,100,100,1,mean_squared_error,3,adam
100,0.021118280477821827,0.01945012845192338,100,100,1,mean_squared_error,8,adam
100,0.017756301444023848,0.01650887040099255,100,100,1,mean_squared_error,16,adam
100,0.017716658301651478,0.01647429162155566,100,100,1,mean_squared_error,32,adam
100,0.017720313277095556,0.016458567591351374,100,100,1,mean_squared_error,64,adam
100,0.01766054378822446,0.01642697980221277,100,100,1,mean_squared_error,128,adam
