round_epochs,val_loss,loss,batch_sizes,epochs,layers,losses,nodes,optimizers
100,0.016247634310275316,0.017133465722987528,100,100,1,mean_squared_error,1,adam
100,0.015997812151908875,0.016745650277176595,100,100,1,mean_squared_error,2,adam
100,0.01615023799240589,0.017120515353473507,100,100,1,mean_squared_error,3,adam
100,0.016017810441553593,0.016823751723538515,100,100,1,mean_squared_error,8,adam
100,0.016034511383622885,0.016891059724796088,100,100,1,mean_squared_error,16,adam
100,0.016026752535253763,0.016890902772433776,100,100,1,mean_squared_error,32,adam
100,0.016029318794608116,0.01681436331275113,100,100,1,mean_squared_error,64,adam
100,0.015992931090295315,0.016817526382984675,100,100,1,mean_squared_error,128,adam
