round_epochs,val_loss,loss,batch_sizes,epochs,layers,losses,nodes,optimizers
100,0.01822458766400814,0.016815028823258586,100,100,1,mean_squared_error,1,adam
100,0.0192178413271904,0.01769510421780566,100,100,1,mean_squared_error,2,adam
100,0.01849327702075243,0.017048610547057967,100,100,1,mean_squared_error,3,adam
100,0.017804937437176704,0.016592492678559813,100,100,1,mean_squared_error,8,adam
100,0.01769835874438286,0.01651281929740631,100,100,1,mean_squared_error,16,adam
100,0.017669816501438618,0.0164935655919905,100,100,1,mean_squared_error,32,adam
100,0.017772765830159187,0.016521382684770384,100,100,1,mean_squared_error,64,adam
100,0.017569159157574177,0.01642279063624547,100,100,1,mean_squared_error,128,adam
