round_epochs,val_loss,loss,batch_sizes,epochs,layers,losses,nodes,optimizers
100,0.013162813615053892,0.017544230903711235,100,100,1,mean_squared_error,1,adam
100,0.013131876941770315,0.01743390106766445,100,100,1,mean_squared_error,2,adam
100,0.013398042879998684,0.017660461058069888,100,100,1,mean_squared_error,3,adam
100,0.013343585189431906,0.017610765956248855,100,100,1,mean_squared_error,8,adam
100,0.013356373645365238,0.017656948102316015,100,100,1,mean_squared_error,16,adam
100,0.01333486195653677,0.017625408611239346,100,100,1,mean_squared_error,32,adam
100,0.013254842720925808,0.01757503622083138,100,100,1,mean_squared_error,64,adam
100,0.013283747714012861,0.01756449021576416,100,100,1,mean_squared_error,128,adam
