round_epochs,val_loss,loss,batch_sizes,epochs,layers,losses,nodes,optimizers
100,0.01880943961441517,0.016217320667285668,100,100,1,mean_squared_error,1,adam
100,0.02137785218656063,0.018018200136907865,100,100,1,mean_squared_error,2,adam
100,0.018564438447356224,0.016292023484158636,100,100,1,mean_squared_error,3,adam
100,0.01866527460515499,0.016450896583740274,100,100,1,mean_squared_error,8,adam
100,0.018489696085453033,0.016269119255674213,100,100,1,mean_squared_error,16,adam
100,0.018468710593879223,0.016266815961901108,100,100,1,mean_squared_error,32,adam
100,0.018433636985719204,0.016241519072356828,100,100,1,mean_squared_error,64,adam
100,0.01841928157955408,0.016206771273044564,100,100,1,mean_squared_error,128,adam
