round_epochs,val_loss,loss,batch_sizes,epochs,layers,losses,nodes,optimizers
100,0.013575858436524868,0.01781508405424449,100,100,1,mean_squared_error,1,adam
100,0.0146867660805583,0.019109783675474928,100,100,1,mean_squared_error,2,adam
100,0.01326319994404912,0.01771446857087893,100,100,1,mean_squared_error,3,adam
100,0.013222877401858568,0.017755260527656788,100,100,1,mean_squared_error,8,adam
100,0.013169033918529749,0.017709725499059772,100,100,1,mean_squared_error,16,adam
100,0.013148312456905842,0.017591638341172597,100,100,1,mean_squared_error,32,adam
100,0.013122519943863153,0.017569756413107377,100,100,1,mean_squared_error,64,adam
100,0.013101041782647371,0.0175424098016176,100,100,1,mean_squared_error,128,adam
