round_epochs,val_loss,loss,batch_sizes,epochs,layers,losses,nodes,optimizers
100,0.024575325660407543,0.019815698413080292,100,100,1,mean_squared_error,1,adam
100,0.018373931758105755,0.01655992899174081,100,100,1,mean_squared_error,2,adam
100,0.01784008974209428,0.016400468589406563,100,100,1,mean_squared_error,3,adam
100,0.018424767069518566,0.016593791138296735,100,100,1,mean_squared_error,8,adam
100,0.018119696527719498,0.016498510062899954,100,100,1,mean_squared_error,16,adam
100,0.01790761761367321,0.01643597586243822,100,100,1,mean_squared_error,32,adam
100,0.017887670546770096,0.01646443489556175,100,100,1,mean_squared_error,64,adam
100,0.01785595901310444,0.01642828564484018,100,100,1,mean_squared_error,128,adam
