round_epochs,val_loss,loss,batch_sizes,epochs,layers,losses,nodes,optimizers
100,0.018079452216625214,0.017013074568750567,100,100,1,mean_squared_error,1,adam
100,0.018725848756730556,0.017974169411344037,100,100,1,mean_squared_error,2,adam
100,0.018040109425783157,0.017044811126750364,100,100,1,mean_squared_error,3,adam
100,0.017789170145988464,0.016485995865125853,100,100,1,mean_squared_error,8,adam
100,0.017801213078200817,0.016497453492610975,100,100,1,mean_squared_error,16,adam
100,0.017781981267035007,0.01647437255558812,100,100,1,mean_squared_error,32,adam
100,0.017737028189003468,0.01643497184068338,100,100,1,mean_squared_error,64,adam
100,0.017722252756357193,0.016395727744358674,100,100,1,mean_squared_error,128,adam
