round_epochs,val_loss,loss,batch_sizes,epochs,layers,losses,nodes,optimizers
100,0.0172747690230608,0.0198091495931522,100,100,1,mean_squared_error,1,adam
100,0.015168110374361277,0.017527149425338683,100,100,1,mean_squared_error,2,adam
100,0.015239595901221037,0.017548121259848875,100,100,1,mean_squared_error,3,adam
100,0.014893172308802605,0.017207505300473002,100,100,1,mean_squared_error,8,adam
100,0.014874739106744528,0.01722711260269459,100,100,1,mean_squared_error,16,adam
100,0.014841292519122362,0.017195928078564935,100,100,1,mean_squared_error,32,adam
100,0.014818412717431784,0.01717308917570682,100,100,1,mean_squared_error,64,adam
100,0.014785969164222479,0.017142175661778093,100,100,1,mean_squared_error,128,adam
