round_epochs,val_loss,loss,batch_sizes,epochs,layers,losses,nodes,optimizers
100,0.017531612422317266,0.01940104069379637,100,100,1,mean_squared_error,1,adam
100,0.015694246627390385,0.01707374129005542,100,100,1,mean_squared_error,2,adam
100,0.01590815559029579,0.01733707322185873,100,100,1,mean_squared_error,3,adam
100,0.016021432355046272,0.017099189387639064,100,100,1,mean_squared_error,8,adam
100,0.015985170379281044,0.016988514640128103,100,100,1,mean_squared_error,16,adam
100,0.016023592092096806,0.016990645688241886,100,100,1,mean_squared_error,32,adam
100,0.015908900182694197,0.016949342176280822,100,100,1,mean_squared_error,64,adam
100,0.015843579545617104,0.016917337733495953,100,100,1,mean_squared_error,128,adam
