round_epochs,val_loss,loss,batch_sizes,epochs,layers,losses,nodes,optimizers
100,0.0155655387789011,0.01752418488320103,100,100,1,mean_squared_error,1,adam
100,0.01603281870484352,0.017734389472052567,100,100,1,mean_squared_error,2,adam
100,0.015090409200638533,0.016953673703890098,100,100,1,mean_squared_error,3,adam
100,0.015131940133869648,0.01716421718912241,100,100,1,mean_squared_error,8,adam
100,0.015086130239069462,0.017134356310119604,100,100,1,mean_squared_error,16,adam
100,0.015062988270074129,0.01714189367410832,100,100,1,mean_squared_error,32,adam
100,0.01502626296132803,0.0170894577016209,100,100,1,mean_squared_error,64,adam
100,0.01501888269558549,0.017065583744592834,100,100,1,mean_squared_error,128,adam
