round_epochs,val_loss,loss,batch_sizes,epochs,layers,losses,nodes,optimizers
100,0.02503091748803854,0.024020722518700705,100,100,1,mean_squared_error,1,adam
100,0.01862657256424427,0.01834491739063559,100,100,1,mean_squared_error,2,adam
100,0.016492625698447227,0.017069089695587195,100,100,1,mean_squared_error,3,adam
100,0.016265212558209896,0.017040892681550412,100,100,1,mean_squared_error,8,adam
100,0.01610129000619054,0.016958824571287424,100,100,1,mean_squared_error,16,adam
100,0.01603727787733078,0.01691642070987395,100,100,1,mean_squared_error,32,adam
100,0.015970291569828987,0.016893519336044938,100,100,1,mean_squared_error,64,adam
100,0.015952137764543295,0.016832159605708188,100,100,1,mean_squared_error,128,adam
