round_epochs,val_loss,loss,batch_sizes,epochs,layers,losses,nodes,optimizers
100,0.019121078774333,0.017391902228868696,100,100,1,mean_squared_error,1,adam
100,0.01726289466023445,0.016495834989356518,100,100,1,mean_squared_error,2,adam
100,0.017851092852652073,0.016727883602144725,100,100,1,mean_squared_error,3,adam
100,0.017588392831385136,0.0167188536408439,100,100,1,mean_squared_error,8,adam
100,0.01726067252457142,0.016631896201437128,100,100,1,mean_squared_error,16,adam
100,0.017211975995451212,0.016611860957659576,100,100,1,mean_squared_error,32,adam
100,0.01722612790763378,0.016613564157583062,100,100,1,mean_squared_error,64,adam
100,0.017133574932813644,0.016606119267623825,100,100,1,mean_squared_error,128,adam
