round_epochs,val_loss,loss,batch_sizes,epochs,layers,losses,nodes,optimizers
100,0.016109070274978876,0.020245155235542392,100,100,1,mean_squared_error,1,adam
100,0.01501353271305561,0.01738531271784676,100,100,1,mean_squared_error,2,adam
100,0.015143339522182941,0.01825575956743313,100,100,1,mean_squared_error,3,adam
100,0.014965711627155542,0.017233220521911494,100,100,1,mean_squared_error,8,adam
100,0.0150192198343575,0.017153277962858367,100,100,1,mean_squared_error,16,adam
100,0.014978616032749414,0.01717217931323183,100,100,1,mean_squared_error,32,adam
100,0.014981437474489212,0.01709468447530927,100,100,1,mean_squared_error,64,adam
100,0.01499389810487628,0.017097325507728828,100,100,1,mean_squared_error,128,adam
