round_epochs,val_loss,loss,batch_sizes,epochs,layers,losses,nodes,optimizers
100,0.015900757163763046,0.018208577440010577,100,100,1,mean_squared_error,1,adam
100,0.01474015973508358,0.01700546952632062,100,100,1,mean_squared_error,2,adam
100,0.014998129568994045,0.017060858533626662,100,100,1,mean_squared_error,3,adam
100,0.015350479166954756,0.0171696648893313,100,100,1,mean_squared_error,8,adam
100,0.015256634447723627,0.017121377625131516,100,100,1,mean_squared_error,16,adam
100,0.015285981819033623,0.017133713062656552,100,100,1,mean_squared_error,32,adam
100,0.015114438254386187,0.01712158331670857,100,100,1,mean_squared_error,64,adam
100,0.015141609590500593,0.017069487293299875,100,100,1,mean_squared_error,128,adam
