round_epochs,val_loss,loss,batch_sizes,epochs,layers,losses,nodes,optimizers
100,0.015618452802300453,0.016917934491856954,100,100,1,mean_squared_error,1,adam
100,0.016430595889687538,0.017775311860673708,100,100,1,mean_squared_error,2,adam
100,0.015820286702364683,0.017090068317781714,100,100,1,mean_squared_error,3,adam
100,0.01566733792424202,0.01696484739469705,100,100,1,mean_squared_error,8,adam
100,0.015778052620589733,0.017076928434627398,100,100,1,mean_squared_error,16,adam
100,0.01566342217847705,0.01697902190487337,100,100,1,mean_squared_error,32,adam
100,0.01564830495044589,0.01697302830958725,100,100,1,mean_squared_error,64,adam
100,0.01562780886888504,0.016942254601415237,100,100,1,mean_squared_error,128,adam
