round_epochs,val_loss,loss,batch_sizes,epochs,layers,losses,nodes,optimizers
100,0.01683848164975643,0.016903068973008254,100,100,1,mean_squared_error,1,adam
100,0.017195509281009436,0.01764494138664769,100,100,1,mean_squared_error,2,adam
100,0.016505989246070385,0.017161837403188673,100,100,1,mean_squared_error,3,adam
100,0.016696816310286522,0.016813316914652075,100,100,1,mean_squared_error,8,adam
100,0.016721418127417564,0.016810480232133454,100,100,1,mean_squared_error,16,adam
100,0.01664735935628414,0.016772583719893805,100,100,1,mean_squared_error,32,adam
100,0.016607807017862797,0.016744170468627362,100,100,1,mean_squared_error,64,adam
100,0.01652666972950101,0.016709766553756885,100,100,1,mean_squared_error,128,adam
