round_epochs,val_loss,loss,batch_sizes,epochs,layers,losses,nodes,optimizers
100,0.019078717567026615,0.0212479933284055,100,100,1,mean_squared_error,1,adam
100,0.018952338956296444,0.02109157442953204,100,100,1,mean_squared_error,2,adam
100,0.017143135890364647,0.018764829463827282,100,100,1,mean_squared_error,3,adam
100,0.015834498684853315,0.017058435407348145,100,100,1,mean_squared_error,8,adam
100,0.015806310810148716,0.01701687084963746,100,100,1,mean_squared_error,16,adam
100,0.015796469524502754,0.017007139348016495,100,100,1,mean_squared_error,32,adam
100,0.015743043273687363,0.01694569603206221,100,100,1,mean_squared_error,64,adam
100,0.01571819605305791,0.016915546657802316,100,100,1,mean_squared_error,128,adam
