round_epochs,val_loss,loss,batch_sizes,epochs,layers,losses,nodes,optimizers
100,0.023344616405665874,0.019894943392851895,100,100,1,mean_squared_error,1,adam
100,0.018407796509563923,0.017425255415807094,100,100,1,mean_squared_error,2,adam
100,0.016838477924466133,0.016876007782710825,100,100,1,mean_squared_error,3,adam
100,0.016663432121276855,0.01697471478305066,100,100,1,mean_squared_error,8,adam
100,0.016475335229188204,0.016930624198420605,100,100,1,mean_squared_error,16,adam
100,0.016432947479188442,0.016834668717102,100,100,1,mean_squared_error,32,adam
100,0.01632984122261405,0.016842676086215896,100,100,1,mean_squared_error,64,adam
100,0.016255713999271393,0.01685107553746542,100,100,1,mean_squared_error,128,adam
