round_epochs,val_loss,loss,batch_sizes,epochs,layers,losses,nodes,optimizers
100,0.016294040717184544,0.017300255853393322,100,100,1,mean_squared_error,1,adam
100,0.016159329097718,0.017016916183339323,100,100,1,mean_squared_error,2,adam
100,0.01631194818764925,0.016855236324936823,100,100,1,mean_squared_error,3,adam
100,0.016485693398863077,0.016873812151227827,100,100,1,mean_squared_error,8,adam
100,0.01644199900329113,0.016780810383963108,100,100,1,mean_squared_error,16,adam
100,0.0164616615511477,0.016806525208597493,100,100,1,mean_squared_error,32,adam
100,0.016440253239125013,0.016775875020874922,100,100,1,mean_squared_error,64,adam
100,0.01642983639612794,0.016747261362528444,100,100,1,mean_squared_error,128,adam
