round_epochs,val_loss,loss,batch_sizes,epochs,layers,losses,nodes,optimizers
100,0.023487139493227005,0.015357769782979386,100,100,1,mean_squared_error,1,adam
100,0.024096506647765636,0.01489665306040219,100,100,1,mean_squared_error,2,adam
100,0.024433551356196404,0.014641616796901949,100,100,1,mean_squared_error,3,adam
100,0.024739219807088375,0.014793859708372662,100,100,1,mean_squared_error,8,adam
100,0.02483643963932991,0.014787996101442883,100,100,1,mean_squared_error,16,adam
100,0.024886813014745712,0.014771938753456698,100,100,1,mean_squared_error,32,adam
100,0.024765970185399055,0.014735780138158261,100,100,1,mean_squared_error,64,adam
100,0.024740460328757763,0.014704877286589235,100,100,1,mean_squared_error,128,adam
