round_epochs,val_loss,loss,batch_sizes,epochs,layers,losses,nodes,optimizers
100,0.020229307003319263,0.018988370521923054,100,100,1,mean_squared_error,1,adam
100,0.017466092482209206,0.016537130962039594,100,100,1,mean_squared_error,2,adam
100,0.018662013113498688,0.017549035090364908,100,100,1,mean_squared_error,3,adam
100,0.01778803952038288,0.016557085768956887,100,100,1,mean_squared_error,8,adam
100,0.017718365415930748,0.016554823948215124,100,100,1,mean_squared_error,16,adam
100,0.01761794090270996,0.01652641439889756,100,100,1,mean_squared_error,32,adam
100,0.017612147144973278,0.016499991923159825,100,100,1,mean_squared_error,64,adam
100,0.01765093021094799,0.016527957387996794,100,100,1,mean_squared_error,128,adam
