round_epochs,val_loss,loss,batch_sizes,epochs,layers,losses,nodes,optimizers
100,0.020767043344676495,0.02178569727654296,100,100,1,mean_squared_error,1,adam
100,0.017350684385746717,0.017089955688437873,100,100,1,mean_squared_error,2,adam
100,0.017455230932682753,0.01724771015290031,100,100,1,mean_squared_error,3,adam
100,0.017610209994018078,0.016527839196393064,100,100,1,mean_squared_error,8,adam
100,0.017780703958123922,0.016531140968334256,100,100,1,mean_squared_error,16,adam
100,0.017792702186852694,0.016527227291785983,100,100,1,mean_squared_error,32,adam
100,0.017705984879285097,0.01649178839043567,100,100,1,mean_squared_error,64,adam
100,0.01763774873688817,0.01645879678773626,100,100,1,mean_squared_error,128,adam
