round_epochs,val_loss,loss,batch_sizes,epochs,layers,losses,nodes,optimizers
100,0.020767890848219395,0.022808266056696874,100,100,1,mean_squared_error,1,adam
100,0.014187123160809278,0.01758062002017982,100,100,1,mean_squared_error,2,adam
100,0.013776494190096855,0.017394705880946833,100,100,1,mean_squared_error,3,adam
100,0.013960747979581356,0.017622488464478562,100,100,1,mean_squared_error,8,adam
100,0.013721636030822992,0.017557156564000257,100,100,1,mean_squared_error,16,adam
100,0.013625575695186853,0.017490053178280368,100,100,1,mean_squared_error,32,adam
100,0.013607459142804146,0.017466763494288863,100,100,1,mean_squared_error,64,adam
100,0.013587485533207655,0.01745780951397162,100,100,1,mean_squared_error,128,adam
