round_epochs,val_loss,loss,batch_sizes,epochs,layers,losses,nodes,optimizers
100,0.016149436123669147,0.017503390606856885,100,100,1,mean_squared_error,1,adam
100,0.015592606738209724,0.016844447842217926,100,100,1,mean_squared_error,2,adam
100,0.015905792824923992,0.017091693825795687,100,100,1,mean_squared_error,3,adam
100,0.01577280554920435,0.016934897204426893,100,100,1,mean_squared_error,8,adam
100,0.015830710530281067,0.016943304552078098,100,100,1,mean_squared_error,16,adam
100,0.015843689441680908,0.016950409738043497,100,100,1,mean_squared_error,32,adam
100,0.015786293894052505,0.016958585167700487,100,100,1,mean_squared_error,64,adam
100,0.015777388587594032,0.01691578008365213,100,100,1,mean_squared_error,128,adam
