round_epochs,val_loss,loss,batch_sizes,epochs,layers,losses,nodes,optimizers
100,0.015068456996232271,0.01770382616808988,100,100,1,mean_squared_error,1,adam
100,0.014912919607013464,0.01746662257514651,100,100,1,mean_squared_error,2,adam
100,0.014763621147722006,0.017353588948609836,100,100,1,mean_squared_error,3,adam
100,0.014735506381839514,0.017350080752171072,100,100,1,mean_squared_error,8,adam
100,0.014688520692288876,0.017284388103076538,100,100,1,mean_squared_error,16,adam
100,0.014660352375358343,0.017252607590852675,100,100,1,mean_squared_error,32,adam
100,0.014635424129664898,0.01719869758214867,100,100,1,mean_squared_error,64,adam
100,0.014636370353400707,0.01717485311466799,100,100,1,mean_squared_error,128,adam
