round_epochs,val_loss,loss,batch_sizes,epochs,layers,losses,nodes,optimizers
100,0.022121124900877476,0.02117815891042688,100,100,1,mean_squared_error,1,adam
100,0.01622727792710066,0.016507298160428393,100,100,1,mean_squared_error,2,adam
100,0.01660678256303072,0.016916413798480107,100,100,1,mean_squared_error,3,adam
100,0.016463996842503548,0.016815245025476117,100,100,1,mean_squared_error,8,adam
100,0.01641399133950472,0.016770588420798305,100,100,1,mean_squared_error,16,adam
100,0.01639875117689371,0.016778265767938512,100,100,1,mean_squared_error,32,adam
100,0.01634861808270216,0.01678113041580993,100,100,1,mean_squared_error,64,adam
100,0.016329321078956127,0.016741273546577395,100,100,1,mean_squared_error,128,adam
