round_epochs,val_loss,loss,batch_sizes,epochs,layers,losses,nodes,optimizers
100,0.014505046419799328,0.018168890276891097,100,100,1,mean_squared_error,1,adam
100,0.013558113016188145,0.01768878737655947,100,100,1,mean_squared_error,2,adam
100,0.013206668198108673,0.017495233838663513,100,100,1,mean_squared_error,3,adam
100,0.013262348715215921,0.017674368869205166,100,100,1,mean_squared_error,8,adam
100,0.013214150443673134,0.017714899472126684,100,100,1,mean_squared_error,16,adam
100,0.013138903304934502,0.017638324407445158,100,100,1,mean_squared_error,32,adam
100,0.013045803178101778,0.017626912608499964,100,100,1,mean_squared_error,64,adam
100,0.013054130598902702,0.017613350012267295,100,100,1,mean_squared_error,128,adam
