round_epochs,val_loss,loss,batch_sizes,epochs,layers,losses,nodes,optimizers
100,0.022257918491959572,0.02187333304089562,100,100,1,mean_squared_error,1,adam
100,0.01680211490020156,0.01696366334992244,100,100,1,mean_squared_error,2,adam
100,0.0172421857714653,0.01727636971681339,100,100,1,mean_squared_error,3,adam
100,0.016575894318521023,0.01683901965543441,100,100,1,mean_squared_error,8,adam
100,0.01657524798065424,0.016850028159026812,100,100,1,mean_squared_error,16,adam
100,0.01647171564400196,0.01678189257145824,100,100,1,mean_squared_error,32,adam
100,0.016471799928694963,0.01678523545930708,100,100,1,mean_squared_error,64,adam
100,0.016413649544119835,0.016749855887172815,100,100,1,mean_squared_error,128,adam
