round_epochs,val_loss,loss,batch_sizes,epochs,layers,losses,nodes,optimizers
100,0.015977288596332073,0.018593202291387962,100,100,1,mean_squared_error,1,adam
100,0.02061590738594532,0.0219279689046748,100,100,1,mean_squared_error,2,adam
100,0.013570424634963274,0.017242114211346273,100,100,1,mean_squared_error,3,adam
100,0.013710279017686844,0.017479320091748594,100,100,1,mean_squared_error,8,adam
100,0.013689449522644281,0.01750864318214861,100,100,1,mean_squared_error,16,adam
100,0.013642153702676296,0.017448570313198224,100,100,1,mean_squared_error,32,adam
100,0.013603990897536278,0.017438877462631182,100,100,1,mean_squared_error,64,adam
100,0.01358865387737751,0.017422322622666082,100,100,1,mean_squared_error,128,adam
