round_epochs,val_loss,loss,batch_sizes,epochs,layers,losses,nodes,optimizers
100,0.020085345022380352,0.016645903164581546,100,100,1,mean_squared_error,1,adam
100,0.021559713408350945,0.019222942127246307,100,100,1,mean_squared_error,2,adam
100,0.020823479630053043,0.015998609779509985,100,100,1,mean_squared_error,3,adam
100,0.02084186626598239,0.01586878061397258,100,100,1,mean_squared_error,8,adam
100,0.020737607032060623,0.01576578658176843,100,100,1,mean_squared_error,16,adam
100,0.020869602914899588,0.015823053737593473,100,100,1,mean_squared_error,32,adam
100,0.02075781114399433,0.015750644483456488,100,100,1,mean_squared_error,64,adam
100,0.020689276978373528,0.015733624301981507,100,100,1,mean_squared_error,128,adam
