round_epochs,val_loss,loss,batch_sizes,epochs,layers,losses,nodes,optimizers
100,0.016379250679165125,0.01921037349728564,100,100,1,mean_squared_error,1,adam
100,0.014194792602211237,0.01744732317190272,100,100,1,mean_squared_error,2,adam
100,0.015196328982710838,0.018188115447423513,100,100,1,mean_squared_error,3,adam
100,0.014053087681531906,0.017436352658802105,100,100,1,mean_squared_error,8,adam
100,0.014075708575546741,0.017469994224290502,100,100,1,mean_squared_error,16,adam
100,0.013911247253417969,0.01742641514816081,100,100,1,mean_squared_error,32,adam
100,0.013997295405715704,0.017413697077106115,100,100,1,mean_squared_error,64,adam
100,0.013913561124354601,0.017375079345396886,100,100,1,mean_squared_error,128,adam
