round_epochs,val_loss,loss,batch_sizes,epochs,layers,losses,nodes,optimizers
100,0.0246651042252779,0.0198164089048342,100,100,1,mean_squared_error,1,adam
100,0.020369128324091434,0.015948374300522913,100,100,1,mean_squared_error,2,adam
100,0.020387628115713596,0.015953267800778076,100,100,1,mean_squared_error,3,adam
100,0.020292979665100574,0.01589931290886157,100,100,1,mean_squared_error,8,adam
100,0.02017816435545683,0.01585626683400986,100,100,1,mean_squared_error,16,adam
100,0.02024691551923752,0.015857289153102198,100,100,1,mean_squared_error,32,adam
100,0.020276169292628765,0.01579023778139798,100,100,1,mean_squared_error,64,adam
100,0.020212172530591488,0.015767878425636685,100,100,1,mean_squared_error,128,adam
