round_epochs,val_loss,loss,batch_sizes,epochs,layers,losses,nodes,optimizers
100,0.018174953758716583,0.017176981249772814,100,100,1,mean_squared_error,1,adam
100,0.02281969226896763,0.02148966997264322,100,100,1,mean_squared_error,2,adam
100,0.01724646845832467,0.016493641727027438,100,100,1,mean_squared_error,3,adam
100,0.017632277216762304,0.01691530873872956,100,100,1,mean_squared_error,8,adam
100,0.017278109211474657,0.016583784273300404,100,100,1,mean_squared_error,16,adam
100,0.017273699399083853,0.016635056106574404,100,100,1,mean_squared_error,32,adam
100,0.017242864705622196,0.01652688597956845,100,100,1,mean_squared_error,64,adam
100,0.01724614528939128,0.01650702274103362,100,100,1,mean_squared_error,128,adam
