round_epochs,val_loss,loss,batch_sizes,epochs,layers,losses,nodes,optimizers
100,0.01864207535982132,0.018858124112201512,100,100,1,mean_squared_error,1,adam
100,0.01685255765914917,0.017449797572273957,100,100,1,mean_squared_error,2,adam
100,0.017473649233579636,0.017927545022434162,100,100,1,mean_squared_error,3,adam
100,0.016334664542227983,0.01712351340455071,100,100,1,mean_squared_error,8,adam
100,0.016141058411449194,0.016969408737238786,100,100,1,mean_squared_error,16,adam
100,0.016066245269030333,0.016881511945809637,100,100,1,mean_squared_error,32,adam
100,0.015970755834132433,0.01687209578907878,100,100,1,mean_squared_error,64,adam
100,0.015974240377545357,0.016845766333559702,100,100,1,mean_squared_error,128,adam
