round_epochs,val_loss,loss,batch_sizes,epochs,layers,losses,nodes,optimizers
100,0.020084509626030922,0.021077246528893784,100,100,1,mean_squared_error,1,adam
100,0.01405919948592782,0.01757118623367602,100,100,1,mean_squared_error,2,adam
100,0.014019579160958529,0.017695090047230844,100,100,1,mean_squared_error,3,adam
100,0.013427556492388248,0.01753734659524938,100,100,1,mean_squared_error,8,adam
100,0.013516454957425594,0.01760141517416128,100,100,1,mean_squared_error,16,adam
100,0.013571979012340307,0.01763001871867138,100,100,1,mean_squared_error,32,adam
100,0.013362333178520203,0.017556397482416684,100,100,1,mean_squared_error,64,adam
100,0.013269969262182713,0.017558561974114047,100,100,1,mean_squared_error,128,adam
