round_epochs,val_loss,loss,batch_sizes,epochs,layers,losses,nodes,optimizers
100,0.021273036487400532,0.015920180008095457,100,100,1,mean_squared_error,1,adam
100,0.020925546064972878,0.015607998125199089,100,100,1,mean_squared_error,2,adam
100,0.021292789839208126,0.015887244009321795,100,100,1,mean_squared_error,3,adam
100,0.020875015296041965,0.01574633650500374,100,100,1,mean_squared_error,8,adam
100,0.020805303007364273,0.01572719085401386,100,100,1,mean_squared_error,16,adam
100,0.020770566537976265,0.01572657514008738,100,100,1,mean_squared_error,32,adam
100,0.02071848139166832,0.015694967312341494,100,100,1,mean_squared_error,64,adam
100,0.02075850125402212,0.015749699727895864,100,100,1,mean_squared_error,128,adam
