round_epochs,val_loss,loss,batch_sizes,epochs,layers,losses,nodes,optimizers
100,0.016556136310100555,0.01797960521676636,100,100,1,mean_squared_error,1,adam
100,0.015750846825540066,0.017176370106095958,100,100,1,mean_squared_error,2,adam
100,0.016757342964410782,0.018179819487352717,100,100,1,mean_squared_error,3,adam
100,0.01592463906854391,0.0169692935193317,100,100,1,mean_squared_error,8,adam
100,0.01594340242445469,0.01691769960250024,100,100,1,mean_squared_error,16,adam
100,0.016036410816013813,0.016945463208420983,100,100,1,mean_squared_error,32,adam
100,0.015902208629995584,0.016922333084028168,100,100,1,mean_squared_error,64,adam
100,0.015910159330815077,0.016906964940422757,100,100,1,mean_squared_error,128,adam
