round_epochs,val_loss,loss,batch_sizes,epochs,layers,losses,nodes,optimizers
100,0.0166226327419281,0.017137829522441205,100,100,1,mean_squared_error,1,adam
100,0.01619477802887559,0.016726794255836716,100,100,1,mean_squared_error,2,adam
100,0.016185568645596504,0.016743017850737823,100,100,1,mean_squared_error,3,adam
100,0.016358602792024612,0.01674871477193402,100,100,1,mean_squared_error,8,adam
100,0.016627633944153786,0.01683314410703523,100,100,1,mean_squared_error,16,adam
100,0.016600423492491245,0.016815538058304845,100,100,1,mean_squared_error,32,adam
100,0.01645714044570923,0.01677678149417603,100,100,1,mean_squared_error,64,adam
100,0.016434921883046627,0.016778155400378063,100,100,1,mean_squared_error,128,adam
