round_epochs,val_loss,loss,batch_sizes,epochs,layers,losses,nodes,optimizers
1,0.00278201271827669,0.004420128360737032,1,1,1,mean_squared_error,64,adam
1,0.0026829284540603126,0.004374984564618525,1,1,1,mean_squared_error,128,adam
1,0.0030397342486713796,0.00440967422958682,1,1,2,mean_squared_error,64,adam
1,0.003336366107023423,0.004544048200343872,1,1,2,mean_squared_error,128,adam
100,0.003198830525893559,0.004154021309521985,1,100,1,mean_squared_error,64,adam
100,0.003201320479807568,0.004154346362650388,1,100,1,mean_squared_error,128,adam
100,0.0032851598922612,0.004144480632993957,1,100,2,mean_squared_error,64,adam
