round_epochs,val_loss,loss,batch_sizes,epochs,layers,losses,nodes,optimizers
100,0.0029087888542562723,0.003827952695110698,100,100,1,mean_squared_error,128,adam
250,0.0030217733583413064,0.003722465612284063,100,250,1,mean_squared_error,128,adam
500,0.0030556046403944492,0.0037344103092456253,100,500,1,mean_squared_error,128,adam
750,0.0031207010033540428,0.0037154951740472277,100,750,1,mean_squared_error,128,adam
1000,0.0031728478497825563,0.003718569270922911,100,1000,1,mean_squared_error,128,adam
