round_epochs,val_loss,loss,batch_sizes,epochs,layers,losses,nodes,optimizers
100,0.0029628417687490582,0.0037610182039664037,100,100,1,mean_squared_error,128,adam
250,0.0028534744633361697,0.0036709616209030936,100,250,1,mean_squared_error,128,adam
500,0.002827761578373611,0.0036689175881207026,100,500,1,mean_squared_error,128,adam
750,0.0028229369199834764,0.0036729203094231664,100,750,1,mean_squared_error,128,adam
1000,0.0028120243223384023,0.0036588790385377414,100,1000,1,mean_squared_error,128,adam
