round_epochs,val_loss,loss,batch_sizes,epochs,layers,losses,nodes,optimizers
100,0.003886371268890798,0.003595380761357985,100,100,1,mean_squared_error,128,adam
250,0.0038092543836683035,0.0036017649656294877,100,250,1,mean_squared_error,128,adam
500,0.003879180527292192,0.0036078276027372595,100,500,1,mean_squared_error,128,adam
750,0.003707634750753641,0.0035860137508567447,100,750,1,mean_squared_error,128,adam
1000,0.0036489824997261167,0.003578136194499684,100,1000,1,mean_squared_error,128,adam
