round_epochs,val_loss,loss,batch_sizes,epochs,layers,losses,nodes,optimizers
100,0.006643723347224295,0.002807369861761143,100,100,1,mean_squared_error,128,adam
250,0.0067027288023382425,0.0026949853128011582,100,250,1,mean_squared_error,128,adam
500,0.006775085290428251,0.0026498344257109363,100,500,1,mean_squared_error,128,adam
750,0.00676969502819702,0.0026550606169785784,100,750,1,mean_squared_error,128,adam
1000,0.006802612217143178,0.002656976279009185,100,1000,1,mean_squared_error,128,adam
