round_epochs,val_loss,loss,batch_sizes,epochs,layers,losses,nodes,optimizers
100,0.0034218316432088614,0.0036810504732983024,100,100,1,mean_squared_error,128,adam
250,0.003461449174210429,0.0035875045917601028,100,250,1,mean_squared_error,128,adam
500,0.0036714239977300167,0.0035718239183184764,100,500,1,mean_squared_error,128,adam
750,0.003940196125768125,0.0035794861578187405,100,750,1,mean_squared_error,128,adam
1000,0.004032739321701229,0.0035660311709995963,100,1000,1,mean_squared_error,128,adam
