round_epochs,val_loss,loss,batch_sizes,epochs,layers,losses,nodes,optimizers
100,0.006594482227228582,0.0028261039172354126,100,100,1,mean_squared_error,128,adam
250,0.006678747362457216,0.002701056564642745,100,250,1,mean_squared_error,128,adam
500,0.0066703492775559425,0.0027039293731461133,100,500,1,mean_squared_error,128,adam
750,0.006639482453465462,0.002696213514603665,100,750,1,mean_squared_error,128,adam
1000,0.006655573146417737,0.002693704317161437,100,1000,1,mean_squared_error,128,adam
