round_epochs,val_loss,loss,batch_sizes,epochs,layers,losses,nodes,optimizers
100,0.008286252152174711,0.0024125796986376887,100,100,1,mean_squared_error,128,adam
250,0.008231738931499422,0.0023055719363607157,100,250,1,mean_squared_error,128,adam
500,0.008208773098886013,0.0022944757017252064,100,500,1,mean_squared_error,128,adam
750,0.008232971769757569,0.002292101561539389,100,750,1,mean_squared_error,128,adam
1000,0.00821385346353054,0.0022852702307020554,100,1000,1,mean_squared_error,128,adam
