round_epochs,val_loss,loss,batch_sizes,epochs,layers,losses,nodes,optimizers
100,0.003583221579901874,0.003591511789867082,100,100,1,mean_squared_error,128,adam
250,0.0036054770462214947,0.003463653078971143,100,250,1,mean_squared_error,128,adam
500,0.003715511178597808,0.0034444014694590772,100,500,1,mean_squared_error,128,adam
750,0.0037306551821529865,0.0034420533462718524,100,750,1,mean_squared_error,128,adam
1000,0.0037280794931575656,0.0034461160005774894,100,1000,1,mean_squared_error,128,adam
