round_epochs,val_loss,loss,batch_sizes,epochs,layers,losses,nodes,optimizers
100,0.002899752464145422,0.0037540066309525648,100,100,1,mean_squared_error,128,adam
250,0.002910566283389926,0.0036352356726951063,100,250,1,mean_squared_error,128,adam
500,0.0029164926381781697,0.003641409706265912,100,500,1,mean_squared_error,128,adam
750,0.0029307574732229114,0.003608200437631201,100,750,1,mean_squared_error,128,adam
1000,0.002923895954154432,0.0036145840611406972,100,1000,1,mean_squared_error,128,adam
