round_epochs,val_loss,loss,batch_sizes,epochs,layers,losses,nodes,optimizers
100,0.002049683593213558,0.003972910341095072,100,100,1,mean_squared_error,128,adam
250,0.002005209040362388,0.003867264267365674,100,250,1,mean_squared_error,128,adam
500,0.002058338199276477,0.003844624567529189,100,500,1,mean_squared_error,128,adam
750,0.002052274707239121,0.0038365561724260657,100,750,1,mean_squared_error,128,adam
1000,0.002068147121462971,0.0038377073414651783,100,1000,1,mean_squared_error,128,adam
