round_epochs,val_loss,loss,batch_sizes,epochs,layers,losses,nodes,optimizers
100,0.0036384020932018757,0.003589416173703903,100,100,1,mean_squared_error,128,adam
250,0.0035356658045202494,0.0035097580854436252,100,250,1,mean_squared_error,128,adam
500,0.003575775772333145,0.0034779646116048285,100,500,1,mean_squared_error,128,adam
750,0.003497203637380153,0.0034712246088065683,100,750,1,mean_squared_error,128,adam
1000,0.0035168639151379466,0.0034710143452073208,100,1000,1,mean_squared_error,128,adam
