round_epochs,val_loss,loss,batch_sizes,epochs,layers,losses,nodes,optimizers
100,0.0017412606975995004,0.004060827683799969,100,100,1,mean_squared_error,128,adam
250,0.0018034251406788826,0.003931940021694473,100,250,1,mean_squared_error,128,adam
500,0.0018249087734147906,0.0038965397480515344,100,500,1,mean_squared_error,128,adam
750,0.0018332142499275506,0.0039018398288688813,100,750,1,mean_squared_error,128,adam
1000,0.0018212038557976484,0.003893260831782218,100,1000,1,mean_squared_error,128,adam
