round_epochs,val_loss,loss,batch_sizes,epochs,layers,losses,nodes,optimizers
100,0.0018035205430351198,0.004041492480053152,100,100,1,mean_squared_error,128,adam
250,0.00201417098287493,0.0038829817605488836,100,250,1,mean_squared_error,128,adam
500,0.0020544164581224322,0.0038617998469677034,100,500,1,mean_squared_error,128,adam
750,0.0020328721730038524,0.0038524139196339673,100,750,1,mean_squared_error,128,adam
1000,0.0020333397551439703,0.0038501976324897377,100,1000,1,mean_squared_error,128,adam
