round_epochs,val_loss,loss,batch_sizes,epochs,layers,losses,nodes,optimizers
100,0.0014973931247368455,0.004107218495730212,100,100,1,mean_squared_error,128,adam
250,0.0015519567532464862,0.003978631039088127,100,250,1,mean_squared_error,128,adam
500,0.0016438826569356024,0.003944164767471075,100,500,1,mean_squared_error,128,adam
750,0.001652016449952498,0.0039411041508177515,100,750,1,mean_squared_error,128,adam
1000,0.001630047569051385,0.003956458575724434,100,1000,1,mean_squared_error,128,adam
