round_epochs,val_loss,loss,batch_sizes,epochs,layers,losses,nodes,optimizers
100,0.002264387032482773,0.003976767741311973,100,100,1,mean_squared_error,128,adam
250,0.0022409247467294335,0.003912008095502273,100,250,1,mean_squared_error,128,adam
500,0.002363221370615065,0.00387404036504851,100,500,1,mean_squared_error,128,adam
750,0.0024767836439423263,0.0038761103223691434,100,750,1,mean_squared_error,128,adam
1000,0.002523391507565975,0.003879606404775284,100,1000,1,mean_squared_error,128,adam
