round_epochs,val_loss,loss,batch_sizes,epochs,layers,losses,nodes,optimizers
100,0.003073881845921278,0.0038233274749364505,100,100,1,mean_squared_error,128,adam
250,0.002976263524033129,0.0038297286989235108,100,250,1,mean_squared_error,128,adam
500,0.002961870050057769,0.003820172389513501,100,500,1,mean_squared_error,128,adam
750,0.0029629532946273685,0.0038180784367602156,100,750,1,mean_squared_error,128,adam
1000,0.0030644682701677084,0.0038083604889848225,100,1000,1,mean_squared_error,128,adam
