round_epochs,val_loss,loss,batch_sizes,epochs,layers,losses,nodes,optimizers
100,0.0027367532602511346,0.0037899104733115888,100,100,1,mean_squared_error,128,adam
250,0.002809068828355521,0.0036738945279034367,100,250,1,mean_squared_error,128,adam
500,0.0027653832803480327,0.003659497383851067,100,500,1,mean_squared_error,128,adam
750,0.0027592068072408438,0.003669737401176501,100,750,1,mean_squared_error,128,adam
1000,0.0027613508282229304,0.00364847622935659,100,1000,1,mean_squared_error,128,adam
