round_epochs,val_loss,loss,batch_sizes,epochs,layers,losses,nodes,optimizers
100,0.0030571710085496306,0.0037144515626868664,100,100,1,mean_squared_error,128,adam
250,0.003136509156320244,0.0036046021278197393,100,250,1,mean_squared_error,128,adam
500,0.003078318201005459,0.0035826984101759184,100,500,1,mean_squared_error,128,adam
750,0.003090608457569033,0.0035801156572389933,100,750,1,mean_squared_error,128,adam
1000,0.003058336616959423,0.00357801757210695,100,1000,1,mean_squared_error,128,adam
