round_epochs,val_loss,loss,batch_sizes,epochs,layers,losses,nodes,optimizers
100,0.002924470230937004,0.003756931397498327,100,100,1,mean_squared_error,128,adam
250,0.002787928795441985,0.003678544300025238,100,250,1,mean_squared_error,128,adam
500,0.002809826284646988,0.0036507192115419764,100,500,1,mean_squared_error,128,adam
750,0.002828040858730674,0.0036477129247654205,100,750,1,mean_squared_error,128,adam
1000,0.002815636689774692,0.0036462256252541296,100,1000,1,mean_squared_error,128,adam
