round_epochs,val_loss,loss,batch_sizes,epochs,layers,losses,nodes,optimizers
100,0.002591910888440907,0.003890485422734821,100,100,1,mean_squared_error,128,adam
250,0.0025964531814679503,0.0038179682595176224,100,250,1,mean_squared_error,128,adam
500,0.0026835817843675613,0.0038041216265784117,100,500,1,mean_squared_error,128,adam
750,0.0027785865822806954,0.00380554200247061,100,750,1,mean_squared_error,128,adam
1000,0.002756004803813994,0.003779427085300835,100,1000,1,mean_squared_error,128,adam
