round_epochs,val_loss,loss,batch_sizes,epochs,layers,losses,nodes,optimizers
100,0.003292722045443952,0.0036615286755096285,100,100,1,mean_squared_error,128,adam
250,0.0032567306188866496,0.0035587615810259896,100,250,1,mean_squared_error,128,adam
500,0.0032371149864047766,0.0035404039084107396,100,500,1,mean_squared_error,128,adam
750,0.003236879245378077,0.0035428637796440345,100,750,1,mean_squared_error,128,adam
1000,0.0032468278659507632,0.0035335001897375323,100,1000,1,mean_squared_error,128,adam
