round_epochs,val_loss,loss,batch_sizes,epochs,layers,losses,nodes,optimizers
100,0.0077235501958057284,0.0025779908806917583,100,100,1,mean_squared_error,128,adam
250,0.007752743316814303,0.0025789654630246845,100,250,1,mean_squared_error,128,adam
500,0.0077168934512883425,0.002582301012207631,100,500,1,mean_squared_error,128,adam
750,0.007760024047456682,0.002569684484176609,100,750,1,mean_squared_error,128,adam
1000,0.0077731896890327334,0.002590533090904916,100,1000,1,mean_squared_error,128,adam
