round_epochs,val_loss,loss,batch_sizes,epochs,layers,losses,nodes,optimizers
100,0.004770562751218677,0.0033311006251414083,100,100,1,mean_squared_error,128,adam
250,0.004701100522652268,0.0033236701611705226,100,250,1,mean_squared_error,128,adam
500,0.004428527317941189,0.0033146141726790065,100,500,1,mean_squared_error,128,adam
750,0.004294315353035927,0.0033103597829225876,100,750,1,mean_squared_error,128,adam
1000,0.004277372499927878,0.003310095655253926,100,1000,1,mean_squared_error,128,adam
