round_epochs,val_loss,loss,batch_sizes,epochs,layers,losses,nodes,optimizers
100,0.008442918304353952,0.0023758450725759697,100,100,1,mean_squared_error,128,adam
250,0.008559918496757746,0.0023151950886148207,100,250,1,mean_squared_error,128,adam
500,0.008647814625874162,0.002272502533797002,100,500,1,mean_squared_error,128,adam
750,0.008761347969993949,0.0022707907021410267,100,750,1,mean_squared_error,128,adam
1000,0.008882029680535197,0.002271887679190528,100,1000,1,mean_squared_error,128,adam
