round_epochs,val_loss,loss,batch_sizes,epochs,layers,losses,nodes,optimizers
100,0.0028485931688919663,0.003774157249680726,100,100,1,mean_squared_error,128,adam
250,0.002768163336440921,0.0036863395859518906,100,250,1,mean_squared_error,128,adam
500,0.0028538297628983855,0.0036565364496794106,100,500,1,mean_squared_error,128,adam
750,0.002850807271897793,0.003648562555772765,100,750,1,mean_squared_error,128,adam
1000,0.0028472946723923087,0.003656833699625102,100,1000,1,mean_squared_error,128,adam
