round_epochs,val_loss,loss,batch_sizes,epochs,layers,losses,nodes,optimizers
100,0.00892661977559328,0.0022675071926518734,100,100,1,mean_squared_error,128,adam
250,0.009117897832766175,0.0021549279905547164,100,250,1,mean_squared_error,128,adam
500,0.009233401156961918,0.0021579263558309794,100,500,1,mean_squared_error,128,adam
750,0.009503090986981988,0.0021553563635908486,100,750,1,mean_squared_error,128,adam
1000,0.009719548048451543,0.00216374257252256,100,1000,1,mean_squared_error,128,adam
