round_epochs,val_loss,loss,batch_sizes,epochs,layers,losses,nodes,optimizers
100,0.008883076487109065,0.0022836960570237026,100,100,1,mean_squared_error,128,adam
250,0.00902997748926282,0.0021884088879778347,100,250,1,mean_squared_error,128,adam
500,0.009236342273652554,0.0021930132242366017,100,500,1,mean_squared_error,128,adam
750,0.00938236154615879,0.00217525471133908,100,750,1,mean_squared_error,128,adam
1000,0.0094631421379745,0.002173442860663292,100,1000,1,mean_squared_error,128,adam
