round_epochs,val_loss,loss,batch_sizes,epochs,layers,losses,nodes,optimizers
100,0.009719302412122488,0.008063679318268197,100,100,1,mean_squared_error,128,adam
250,0.009739815257489681,0.008077681920068679,100,250,1,mean_squared_error,128,adam
500,0.009809177601709962,0.007986035046254034,100,500,1,mean_squared_error,128,adam
750,0.009867055108770728,0.007964981982442445,100,750,1,mean_squared_error,128,adam
1000,0.009899556869640946,0.007972165651591425,100,1000,1,mean_squared_error,128,adam
