round_epochs,val_loss,loss,batch_sizes,epochs,layers,losses,nodes,optimizers
100,0.008958756225183606,0.008340640714798207,100,100,1,mean_squared_error,128,adam
250,0.00899060838855803,0.008281366477129902,100,250,1,mean_squared_error,128,adam
500,0.008924459340050817,0.008308759542709604,100,500,1,mean_squared_error,128,adam
750,0.008966940687969327,0.008265258412910882,100,750,1,mean_squared_error,128,adam
1000,0.008997445926070213,0.008266263057881579,100,1000,1,mean_squared_error,128,adam
