round_epochs,val_loss,loss,batch_sizes,epochs,layers,losses,nodes,optimizers
100,0.009543417487293482,0.008134321991195506,100,100,1,mean_squared_error,128,adam
250,0.009583416394889355,0.00811128713363282,100,250,1,mean_squared_error,128,adam
500,0.00954890507273376,0.008087696180793276,100,500,1,mean_squared_error,128,adam
750,0.009691314306110144,0.008062792505443395,100,750,1,mean_squared_error,128,adam
1000,0.009783038636669517,0.008118129974898688,100,1000,1,mean_squared_error,128,adam
