round_epochs,val_loss,loss,batch_sizes,epochs,layers,losses,nodes,optimizers
100,0.007361309370025992,0.00867463040508722,100,100,1,mean_squared_error,128,adam
250,0.007405757904052734,0.00868423918920352,100,250,1,mean_squared_error,128,adam
500,0.007297316333279014,0.008702923200632396,100,500,1,mean_squared_error,128,adam
750,0.007278829114511609,0.008661714016009393,100,750,1,mean_squared_error,128,adam
1000,0.007257390767335892,0.008657917813316249,100,1000,1,mean_squared_error,128,adam
