round_epochs,val_loss,loss,batch_sizes,epochs,layers,losses,nodes,optimizers
100,0.006866848794743419,0.008818743577726502,100,100,1,mean_squared_error,128,adam
250,0.006792580476030707,0.008819755367505221,100,250,1,mean_squared_error,128,adam
500,0.006755358772352338,0.008809686661756277,100,500,1,mean_squared_error,128,adam
750,0.006729839602485299,0.008806725903262471,100,750,1,mean_squared_error,128,adam
1000,0.006625988986343145,0.008795821354175944,100,1000,1,mean_squared_error,128,adam
