round_epochs,val_loss,loss,batch_sizes,epochs,layers,losses,nodes,optimizers
100,0.007005562772974372,0.0087543742096327,100,100,1,mean_squared_error,128,adam
250,0.006953163538128138,0.008754558767889975,100,250,1,mean_squared_error,128,adam
500,0.006911536445841193,0.008747192736911146,100,500,1,mean_squared_error,128,adam
750,0.006852059857919812,0.008753197631777678,100,750,1,mean_squared_error,128,adam
1000,0.006857530679553747,0.008727053831562512,100,1000,1,mean_squared_error,128,adam
