round_epochs,val_loss,loss,batch_sizes,epochs,layers,losses,nodes,optimizers
100,0.007573714014142752,0.008688336258105243,100,100,1,mean_squared_error,128,adam
250,0.007516460493206978,0.00860743547666043,100,250,1,mean_squared_error,128,adam
500,0.007481419714167714,0.00861219492015011,100,500,1,mean_squared_error,128,adam
750,0.00744931329973042,0.008610468445331754,100,750,1,mean_squared_error,128,adam
1000,0.007446568924933672,0.008608510692074037,100,1000,1,mean_squared_error,128,adam
