round_epochs,val_loss,loss,batch_sizes,epochs,layers,losses,nodes,optimizers
100,0.01018527988344431,0.007983008278230378,100,100,1,mean_squared_error,128,adam
250,0.010138965677469969,0.007939718675363184,100,250,1,mean_squared_error,128,adam
500,0.010252288542687893,0.007891865918660224,100,500,1,mean_squared_error,128,adam
750,0.010321823414415121,0.007878584739399659,100,750,1,mean_squared_error,128,adam
1000,0.010478845797479153,0.00788832193399245,100,1000,1,mean_squared_error,128,adam
