round_epochs,val_loss,loss,batch_sizes,epochs,layers,losses,nodes,optimizers
100,0.007753747748211026,0.00856247476131695,100,100,1,mean_squared_error,128,adam
250,0.007766830734908581,0.008555531862394926,100,250,1,mean_squared_error,128,adam
500,0.007702631875872612,0.008531078488512296,100,500,1,mean_squared_error,128,adam
750,0.00769507372751832,0.008515523926338605,100,750,1,mean_squared_error,128,adam
1000,0.007746318122372031,0.008490008379059626,100,1000,1,mean_squared_error,128,adam
