round_epochs,val_loss,loss,batch_sizes,epochs,layers,losses,nodes,optimizers
100,0.007590837078168988,0.00867772678422151,100,100,1,mean_squared_error,128,adam
250,0.007572956383228302,0.00867201909562923,100,250,1,mean_squared_error,128,adam
500,0.0075944175478070974,0.008655909815322337,100,500,1,mean_squared_error,128,adam
750,0.007532283663749695,0.008662374937594086,100,750,1,mean_squared_error,128,adam
1000,0.007606332655996084,0.008741181320452452,100,1000,1,mean_squared_error,128,adam
