round_epochs,val_loss,loss,batch_sizes,epochs,layers,losses,nodes,optimizers
100,0.011225182563066483,0.007683306591664639,100,100,1,mean_squared_error,128,adam
250,0.011231400538235903,0.007700291866049133,100,250,1,mean_squared_error,128,adam
500,0.011135875713080168,0.007719926701807289,100,500,1,mean_squared_error,128,adam
750,0.011128492653369904,0.007687658279256564,100,750,1,mean_squared_error,128,adam
1000,0.011132578831166029,0.007663934594277003,100,1000,1,mean_squared_error,128,adam
