round_epochs,val_loss,loss,batch_sizes,epochs,layers,losses,nodes,optimizers
100,0.008485785685479641,0.008511546361995371,100,100,1,mean_squared_error,128,adam
250,0.008511038962751627,0.008405541791055435,100,250,1,mean_squared_error,128,adam
500,0.01118514221161604,0.008133480689467345,100,500,1,mean_squared_error,128,adam
750,0.011379169300198555,0.008130988026770732,100,750,1,mean_squared_error,128,adam
1000,0.01128730969503522,0.008140175769054202,100,1000,1,mean_squared_error,128,adam
