round_epochs,val_loss,loss,batch_sizes,epochs,layers,losses,nodes,optimizers
100,0.008807499427348375,0.008304696209159187,100,100,1,mean_squared_error,128,adam
250,0.008882628055289388,0.008267628810926337,100,250,1,mean_squared_error,128,adam
500,0.009218661580234766,0.008180521631655389,100,500,1,mean_squared_error,128,adam
750,0.00984347821213305,0.008131104199341814,100,750,1,mean_squared_error,128,adam
1000,0.009831386152654886,0.00813079601559872,100,1000,1,mean_squared_error,128,adam
