round_epochs,val_loss,loss,batch_sizes,epochs,layers,losses,nodes,optimizers
100,0.010872669983655214,0.00784772732773595,100,100,1,mean_squared_error,128,adam
250,0.010849428363144398,0.007758568737767917,100,250,1,mean_squared_error,128,adam
500,0.011209575459361076,0.0076415828151399625,100,500,1,mean_squared_error,128,adam
750,0.01171591505408287,0.007634624869172883,100,750,1,mean_squared_error,128,adam
1000,0.011788974981755018,0.007649598689866544,100,1000,1,mean_squared_error,128,adam
