round_epochs,val_loss,loss,batch_sizes,epochs,layers,losses,nodes,optimizers
100,0.007316220318898559,0.008703058800265603,100,100,1,mean_squared_error,128,adam
250,0.007352464832365513,0.008675109581055497,100,250,1,mean_squared_error,128,adam
500,0.007287981687113643,0.00863930710444325,100,500,1,mean_squared_error,128,adam
750,0.007308073109015822,0.008628015072647491,100,750,1,mean_squared_error,128,adam
1000,0.007263341220095754,0.008605010956899266,100,1000,1,mean_squared_error,128,adam
