round_epochs,val_loss,loss,batch_sizes,epochs,layers,losses,nodes,optimizers
100,0.008898579515516758,0.008281342157706581,100,100,1,mean_squared_error,128,adam
250,0.008899520616978407,0.008337302763659255,100,250,1,mean_squared_error,128,adam
500,0.008863670751452446,0.008284622523233406,100,500,1,mean_squared_error,128,adam
750,0.008846733719110489,0.008330592404780233,100,750,1,mean_squared_error,128,adam
1000,0.008815229870378971,0.008284949481645995,100,1000,1,mean_squared_error,128,adam
