round_epochs,val_loss,loss,batch_sizes,epochs,layers,losses,nodes,optimizers
100,0.008293004473671317,0.008428997434862424,100,100,1,mean_squared_error,128,adam
250,0.008328640833497047,0.008416691804328061,100,250,1,mean_squared_error,128,adam
500,0.008362770546227694,0.008346815032179569,100,500,1,mean_squared_error,128,adam
750,0.008368634153157473,0.00835010477745518,100,750,1,mean_squared_error,128,adam
1000,0.008386698318645358,0.00841973616944668,100,1000,1,mean_squared_error,128,adam
