round_epochs,val_loss,loss,batch_sizes,epochs,layers,losses,nodes,optimizers
100,0.008955747820436954,0.008298717372651612,100,100,1,mean_squared_error,128,adam
250,0.008960063103586435,0.008280467135799035,100,250,1,mean_squared_error,128,adam
500,0.008904099930077791,0.008261434821397962,100,500,1,mean_squared_error,128,adam
750,0.008838382549583912,0.008338541165927896,100,750,1,mean_squared_error,128,adam
1000,0.008883787784725428,0.008215378220648245,100,1000,1,mean_squared_error,128,adam
