round_epochs,val_loss,loss,batch_sizes,epochs,layers,losses,nodes,optimizers
100,0.01190064987167716,0.007532330236880851,100,100,1,mean_squared_error,128,adam
250,0.011988904094323516,0.007495894432908162,100,250,1,mean_squared_error,128,adam
500,0.012512900168076158,0.007359930293116355,100,500,1,mean_squared_error,128,adam
750,0.013049108907580376,0.007334014274796149,100,750,1,mean_squared_error,128,adam
1000,0.01309838704764843,0.007329046447296862,100,1000,1,mean_squared_error,128,adam
