round_epochs,val_loss,loss,batch_sizes,epochs,layers,losses,nodes,optimizers
100,0.0082641348708421,0.008429297003288167,100,100,1,mean_squared_error,128,adam
250,0.008302953094244003,0.00840690844858014,100,250,1,mean_squared_error,128,adam
500,0.008370665367692709,0.00841320564919023,100,500,1,mean_squared_error,128,adam
750,0.008398644858971238,0.008388366753277475,100,750,1,mean_squared_error,128,adam
1000,0.008269233163446188,0.008352165173431089,100,1000,1,mean_squared_error,128,adam
