round_epochs,val_loss,loss,batch_sizes,epochs,layers,losses,nodes,optimizers
100,0.006656915182247758,0.008842185510784611,100,100,1,mean_squared_error,128,adam
250,0.006613875739276409,0.008838066812557983,100,250,1,mean_squared_error,128,adam
500,0.006609930424019694,0.008809469276128854,100,500,1,mean_squared_error,128,adam
750,0.0065986220724880695,0.00880881374757877,100,750,1,mean_squared_error,128,adam
1000,0.006539431866258383,0.0088015214649769,100,1000,1,mean_squared_error,128,adam
