round_epochs,val_loss,loss,batch_sizes,epochs,layers,losses,nodes,optimizers
100,0.010995405454694027,0.00716284938605886,100,100,1,mean_squared_error,128,adam
250,0.010897590703887856,0.007076740257872559,100,250,1,mean_squared_error,128,adam
500,0.010848913355800674,0.007024668304521085,100,500,1,mean_squared_error,128,adam
750,0.010725042249202428,0.006990508335506796,100,750,1,mean_squared_error,128,adam
1000,0.010996479948224435,0.00693446572813856,100,1000,1,mean_squared_error,128,adam
