round_epochs,val_loss,loss,batch_sizes,epochs,layers,losses,nodes,optimizers
100,0.00955754499320858,0.007577398686608927,100,100,1,mean_squared_error,128,adam
250,0.00934815853740552,0.007451515441208179,100,250,1,mean_squared_error,128,adam
500,0.009251725354498655,0.007312765141396816,100,500,1,mean_squared_error,128,adam
750,0.009754045215908008,0.007049449106406926,100,750,1,mean_squared_error,128,adam
1000,0.011048508311935405,0.0067807225154797035,100,1000,1,mean_squared_error,128,adam
