round_epochs,val_loss,loss,batch_sizes,epochs,layers,losses,nodes,optimizers
100,0.00718457997079246,0.008039049556169978,100,100,1,mean_squared_error,128,adam
250,0.00781380236804036,0.007860285145740713,100,250,1,mean_squared_error,128,adam
500,0.008575549082428068,0.007788509462758824,100,500,1,mean_squared_error,128,adam
750,0.007879684566889875,0.007730980693882135,100,750,1,mean_squared_error,128,adam
1000,0.00818792587127443,0.007581819681890646,100,1000,1,mean_squared_error,128,adam
