round_epochs,val_loss,loss,batch_sizes,epochs,layers,losses,nodes,optimizers
100,0.006649692900871961,0.008232223527534074,100,100,1,mean_squared_error,128,adam
250,0.0067903412501304295,0.008128137905712254,100,250,1,mean_squared_error,128,adam
500,0.006833931962355747,0.007865943690883604,100,500,1,mean_squared_error,128,adam
750,0.007115267090798922,0.007509685996639069,100,750,1,mean_squared_error,128,adam
1000,0.007624092392492384,0.007498454536550009,100,1000,1,mean_squared_error,128,adam
