round_epochs,val_loss,loss,batch_sizes,epochs,layers,losses,nodes,optimizers
100,0.01229383716893256,0.006894072105911509,100,100,1,mean_squared_error,128,adam
250,0.0121846214760488,0.006768096369415073,100,250,1,mean_squared_error,128,adam
500,0.012503078787695224,0.006433680225350898,100,500,1,mean_squared_error,128,adam
750,0.013102776834263873,0.006043636464705719,100,750,1,mean_squared_error,128,adam
1000,0.013472395022423124,0.0059086165493869,100,1000,1,mean_squared_error,128,adam
