round_epochs,val_loss,loss,batch_sizes,epochs,layers,losses,nodes,optimizers
100,0.007583519605330037,0.00800553216229207,100,100,1,mean_squared_error,128,adam
250,0.007487125690071726,0.007886355824712383,100,250,1,mean_squared_error,128,adam
500,0.00754220453535567,0.0077296630362395065,100,500,1,mean_squared_error,128,adam
750,0.008094785355930053,0.007317467129335332,100,750,1,mean_squared_error,128,adam
1000,0.008104749328115179,0.007205694682203495,100,1000,1,mean_squared_error,128,adam
