round_epochs,val_loss,loss,batch_sizes,epochs,layers,losses,nodes,optimizers
100,0.007348684425554683,0.00805215338881516,100,100,1,mean_squared_error,128,adam
250,0.00753391094168826,0.007834650896695541,100,250,1,mean_squared_error,128,adam
500,0.008004465035102026,0.007573328469996926,100,500,1,mean_squared_error,128,adam
750,0.007923264337244945,0.007248902499170309,100,750,1,mean_squared_error,128,adam
1000,0.007947324414798363,0.007168538487006222,100,1000,1,mean_squared_error,128,adam
