round_epochs,val_loss,loss,batch_sizes,epochs,layers,losses,nodes,optimizers
100,0.008470621933439868,0.007757235374582473,100,100,1,mean_squared_error,128,adam
250,0.008565294397199275,0.007559833633970825,100,250,1,mean_squared_error,128,adam
500,0.01039342474585502,0.007187647005571193,100,500,1,mean_squared_error,128,adam
750,0.010059065976409457,0.007128853772078926,100,750,1,mean_squared_error,128,adam
1000,0.009705693620121358,0.0069978665466883675,100,1000,1,mean_squared_error,128,adam
