round_epochs,val_loss,loss,batch_sizes,epochs,layers,losses,nodes,optimizers
100,0.011228908653647156,0.007134378113170814,100,100,1,mean_squared_error,128,adam
250,0.011522500045672433,0.006874091733696323,100,250,1,mean_squared_error,128,adam
500,0.012503624257243159,0.0066174317137268025,100,500,1,mean_squared_error,128,adam
750,0.012884608942584776,0.006609858792911672,100,750,1,mean_squared_error,128,adam
1000,0.013272454101011981,0.006479436576123064,100,1000,1,mean_squared_error,128,adam
