round_epochs,val_loss,loss,batch_sizes,epochs,layers,losses,nodes,optimizers
100,0.006280157771242324,0.008342969636128626,100,100,1,mean_squared_error,128,adam
250,0.00624554800033457,0.00812324577352809,100,250,1,mean_squared_error,128,adam
500,0.007122572158093578,0.007982848740964379,100,500,1,mean_squared_error,128,adam
750,0.007356532123969428,0.007887091328525664,100,750,1,mean_squared_error,128,adam
1000,0.007939419964206728,0.007711159460826885,100,1000,1,mean_squared_error,128,adam
