round_epochs,val_loss,loss,batch_sizes,epochs,layers,losses,nodes,optimizers
100,0.006430258452611502,0.008274685865240031,100,100,1,mean_squared_error,128,adam
250,0.006436415524432557,0.008280596361219434,100,250,1,mean_squared_error,128,adam
500,0.006677139765728059,0.007799958604289658,100,500,1,mean_squared_error,128,adam
750,0.0076364330016076565,0.0074510618063841185,100,750,1,mean_squared_error,128,adam
1000,0.008107050595776969,0.007383124611513624,100,1000,1,mean_squared_error,128,adam
