round_epochs,val_loss,loss,batch_sizes,epochs,layers,losses,nodes,optimizers
100,0.005565926079268581,0.008491840372657655,100,100,1,mean_squared_error,128,adam
250,0.00571661165695469,0.008302165965208008,100,250,1,mean_squared_error,128,adam
500,0.0056433674186730206,0.00817168859212692,100,500,1,mean_squared_error,128,adam
750,0.005805249213610762,0.008064758126160608,100,750,1,mean_squared_error,128,adam
1000,0.007056892280883376,0.007655444325663936,100,1000,1,mean_squared_error,128,adam
