round_epochs,val_loss,loss,batch_sizes,epochs,layers,losses,nodes,optimizers
100,0.00902638426892946,0.007664912047997192,100,100,1,mean_squared_error,128,adam
250,0.009300362466174604,0.007474777932236692,100,250,1,mean_squared_error,128,adam
500,0.009781142231076956,0.007366113609227179,100,500,1,mean_squared_error,128,adam
750,0.009389349198595963,0.007285286363532495,100,750,1,mean_squared_error,128,adam
1000,0.009725599034909327,0.007191235056830261,100,1000,1,mean_squared_error,128,adam
