round_epochs,val_loss,loss,batch_sizes,epochs,layers,losses,nodes,optimizers
100,0.009445984627883038,0.007502027671437842,100,100,1,mean_squared_error,128,adam
250,0.01012226488516109,0.007305363871756211,100,250,1,mean_squared_error,128,adam
500,0.011310557282562531,0.0070635440874021104,100,500,1,mean_squared_error,128,adam
750,0.01111213084609814,0.007010195308350888,100,750,1,mean_squared_error,128,adam
1000,0.011182210913592547,0.006862373938362802,100,1000,1,mean_squared_error,128,adam
