round_epochs,val_loss,loss,batch_sizes,epochs,layers,losses,nodes,optimizers
100,0.006024321021708711,0.008393566107761171,100,100,1,mean_squared_error,128,adam
250,0.005922084091577548,0.008242564109720327,100,250,1,mean_squared_error,128,adam
500,0.005886036785665768,0.008170769716046713,100,500,1,mean_squared_error,128,adam
750,0.00614290092439957,0.007733799458654532,100,750,1,mean_squared_error,128,adam
1000,0.006008933663330785,0.007592700129309342,100,1000,1,mean_squared_error,128,adam
