round_epochs,val_loss,loss,batch_sizes,epochs,layers,losses,nodes,optimizers
100,0.008610590464018996,0.007700761504022021,100,100,1,mean_squared_error,128,adam
250,0.008624206907841278,0.007596632065579071,100,250,1,mean_squared_error,128,adam
500,0.008665684240884217,0.007447058838048023,100,500,1,mean_squared_error,128,adam
750,0.017803453917535555,0.007113594140614098,100,750,1,mean_squared_error,128,adam
1000,0.027444209131276487,0.007028156488984074,100,1000,1,mean_squared_error,128,adam
