round_epochs,val_loss,loss,batch_sizes,epochs,layers,losses,nodes,optimizers
100,0.007722889377393914,0.008087139993194659,100,100,1,mean_squared_error,128,adam
250,0.007581163469196564,0.007960032389719207,100,250,1,mean_squared_error,128,adam
500,0.007899957807294687,0.007870772259132047,100,500,1,mean_squared_error,128,adam
750,0.007743943871078479,0.007717905413995885,100,750,1,mean_squared_error,128,adam
1000,0.007989882393248717,0.007344006373542338,100,1000,1,mean_squared_error,128,adam
