round_epochs,val_loss,loss,batch_sizes,epochs,layers,losses,nodes,optimizers
100,0.008027744395237173,0.007987428894126085,100,100,1,mean_squared_error,128,adam
250,0.008584863286296925,0.007723858226652271,100,250,1,mean_squared_error,128,adam
500,0.011849177608163513,0.0074501362133153415,100,500,1,mean_squared_error,128,adam
750,0.03381605467398712,0.0071538125712368355,100,750,1,mean_squared_error,128,adam
1000,0.03445565554514602,0.007090734191538401,100,1000,1,mean_squared_error,128,adam
