round_epochs,val_loss,loss,batch_sizes,epochs,layers,losses,nodes,optimizers
100,0.010390548887264789,0.007342562058369568,100,100,1,mean_squared_error,128,adam
250,0.010704802901451312,0.007154853466954363,100,250,1,mean_squared_error,128,adam
500,0.011935970095458942,0.006746659382953117,100,500,1,mean_squared_error,128,adam
750,0.012383901949354152,0.006534752183261529,100,750,1,mean_squared_error,128,adam
1000,0.012501668465796428,0.0063853400312457705,100,1000,1,mean_squared_error,128,adam
