round_epochs,val_loss,loss,batch_sizes,epochs,layers,losses,nodes,optimizers
100,0.010222106254729793,0.007358579912770483,100,100,1,mean_squared_error,128,adam
250,0.009979846894310498,0.007293810489957207,100,250,1,mean_squared_error,128,adam
500,0.009944826645317989,0.007040807872018473,100,500,1,mean_squared_error,128,adam
750,0.009966271835842623,0.006981764370154346,100,750,1,mean_squared_error,128,adam
1000,0.009964317085698771,0.006820187728440193,100,1000,1,mean_squared_error,128,adam
