round_epochs,val_loss,loss,batch_sizes,epochs,layers,losses,nodes,optimizers
100,0.006571966113438408,0.008349828443129608,100,100,1,mean_squared_error,128,adam
250,0.006593681766590731,0.008162836445935408,100,250,1,mean_squared_error,128,adam
500,0.006432320927293157,0.008059096042927935,100,500,1,mean_squared_error,128,adam
750,0.006398289698414767,0.007987552240547074,100,750,1,mean_squared_error,128,adam
1000,0.006692007630969861,0.007615981660970491,100,1000,1,mean_squared_error,128,adam
