round_epochs,val_loss,loss,batch_sizes,epochs,layers,losses,nodes,optimizers
100,0.007683808564316088,0.007980003176097894,100,100,1,mean_squared_error,128,adam
250,0.008427960475223447,0.007733652272247639,100,250,1,mean_squared_error,128,adam
500,0.010787816194059262,0.007556063174527494,100,500,1,mean_squared_error,128,adam
750,0.010602970172337552,0.007475500668974677,100,750,1,mean_squared_error,128,adam
1000,0.010306536505494885,0.007435921769139904,100,1000,1,mean_squared_error,128,adam
