round_epochs,val_loss,loss,batch_sizes,epochs,layers,losses,nodes,optimizers
100,0.01046466922864842,0.00726176503736844,100,100,1,mean_squared_error,128,adam
250,0.010539082213581057,0.007113841238277192,100,250,1,mean_squared_error,128,adam
500,0.010624139766260308,0.007070390046597576,100,500,1,mean_squared_error,128,adam
750,0.01054108788460568,0.006870011082995477,100,750,1,mean_squared_error,128,adam
1000,0.011804764704245269,0.00657502464697364,100,1000,1,mean_squared_error,128,adam
