round_epochs,val_loss,loss,batch_sizes,epochs,layers,losses,nodes,optimizers
100,0.0068339593193713745,0.008185368876005687,100,100,1,mean_squared_error,128,adam
250,0.006956979861698258,0.008063092193655183,100,250,1,mean_squared_error,128,adam
500,0.007115753025902276,0.00783453021554192,100,500,1,mean_squared_error,128,adam
750,0.00801982367458056,0.007487580388428727,100,750,1,mean_squared_error,128,adam
1000,0.008257780659326057,0.0073627082762032295,100,1000,1,mean_squared_error,128,adam
