round_epochs,val_loss,loss,batch_sizes,epochs,layers,losses,nodes,optimizers
100,0.005884648920809054,0.008522747344239124,100,100,1,mean_squared_error,128,adam
250,0.005754421780999731,0.008301522037547887,100,250,1,mean_squared_error,128,adam
500,0.0058991698988118966,0.00825755186402356,100,500,1,mean_squared_error,128,adam
750,0.006257687889544958,0.007817333746682758,100,750,1,mean_squared_error,128,adam
1000,0.00751351135965418,0.007723437823430078,100,1000,1,mean_squared_error,128,adam
