round_epochs,val_loss,loss,batch_sizes,epochs,layers,losses,nodes,optimizers
100,0.0073479442815085755,0.008119373781204075,100,100,1,mean_squared_error,128,adam
250,0.0074310004617550865,0.007938283121203957,100,250,1,mean_squared_error,128,adam
500,0.007633173866337867,0.008007191346218837,100,500,1,mean_squared_error,128,adam
750,0.007524027610806065,0.007835689946147964,100,750,1,mean_squared_error,128,adam
1000,0.006953018544307306,0.007604013314124328,100,1000,1,mean_squared_error,128,adam
