round_epochs,val_loss,loss,batch_sizes,epochs,layers,losses,nodes,optimizers
100,0.006144902175151973,0.008415528084034446,100,100,1,mean_squared_error,128,adam
250,0.006005709930018864,0.0082754468306637,100,250,1,mean_squared_error,128,adam
500,0.006011053189710157,0.008225046708973957,100,500,1,mean_squared_error,128,adam
750,0.005779711085011312,0.00809242286433901,100,750,1,mean_squared_error,128,adam
1000,0.0056706699612901436,0.008002264020337381,100,1000,1,mean_squared_error,128,adam
