round_epochs,val_loss,loss,batch_sizes,epochs,layers,losses,nodes,optimizers
100,0.011148536343820131,0.007082022899696276,100,100,1,mean_squared_error,128,adam
250,0.011325600758269803,0.006962356064000621,100,250,1,mean_squared_error,128,adam
500,0.011676728683313233,0.006839075699055465,100,500,1,mean_squared_error,128,adam
750,0.012123242273327693,0.006744424211114046,100,750,1,mean_squared_error,128,adam
1000,0.013308086764797493,0.006674639178655255,100,1000,1,mean_squared_error,128,adam
