round_epochs,val_loss,loss,batch_sizes,epochs,layers,losses,nodes,optimizers
100,0.010513796758880117,0.007307336494869473,100,100,1,mean_squared_error,128,adam
250,0.01045743264632309,0.007175290231691234,100,250,1,mean_squared_error,128,adam
500,0.010255798589831321,0.007036662875819746,100,500,1,mean_squared_error,128,adam
750,0.01016443846372878,0.006941334683747597,100,750,1,mean_squared_error,128,adam
1000,0.010252934073252444,0.0066079293569577995,100,1000,1,mean_squared_error,128,adam
