round_epochs,val_loss,loss,batch_sizes,epochs,layers,losses,nodes,optimizers
100,0.0070798223599529446,0.00810211932932462,100,100,1,mean_squared_error,128,adam
250,0.007250647285213722,0.007953113362651748,100,250,1,mean_squared_error,128,adam
500,0.0076233357982008,0.007629821692410875,100,500,1,mean_squared_error,128,adam
750,0.008214944028225377,0.007143020655622884,100,750,1,mean_squared_error,128,adam
1000,0.008442645485339751,0.006904259366193908,100,1000,1,mean_squared_error,128,adam
