round_epochs,val_loss,loss,batch_sizes,epochs,layers,losses,nodes,optimizers
100,0.0015247076516970992,0.001471606754715052,100,100,1,mean_squared_error,128,adam
100,0.0014748966204933822,0.0014943847721512517,100,100,2,mean_squared_error,128,adam
100,0.001625673205126077,0.001519505127822078,100,100,3,mean_squared_error,128,adam
100,0.0016080585774034262,0.001621866559677376,100,100,4,mean_squared_error,128,adam
100,0.0014672846882604063,0.0014955584382060193,100,100,5,mean_squared_error,128,adam
