round_epochs,val_loss,loss,batch_sizes,epochs,layers,losses,nodes,optimizers
100,0.0015994524655980058,0.0014648139271155193,100,100,1,mean_squared_error,128,adam
100,0.0015898511919658631,0.0014992127332251253,100,100,2,mean_squared_error,128,adam
100,0.001596869078639429,0.0014872961802258318,100,100,3,mean_squared_error,128,adam
100,0.001655117273912765,0.001517677509551693,100,100,4,mean_squared_error,128,adam
100,0.0015868684204178862,0.0014794723782630098,100,100,5,mean_squared_error,128,adam
