round_epochs,val_loss,loss,batch_sizes,epochs,layers,losses,nodes,optimizers
100,0.002013503515627235,0.001361843030107148,100,100,1,mean_squared_error,128,adam
100,0.002050674520432949,0.0013792818054196674,100,100,2,mean_squared_error,128,adam
100,0.0021134643466211855,0.0014116553537540594,100,100,3,mean_squared_error,128,adam
100,0.0020265346975065768,0.0014089573855431416,100,100,4,mean_squared_error,128,adam
100,0.001999484549742192,0.0013966545003940712,100,100,5,mean_squared_error,128,adam
