round_epochs,val_loss,loss,batch_sizes,epochs,layers,losses,nodes,optimizers
100,0.0008407857967540622,0.0016391812681654078,100,100,1,mean_squared_error,128,adam
100,0.0008902776462491602,0.0016894751292209284,100,100,2,mean_squared_error,128,adam
100,0.000846718525281176,0.001651795582804428,100,100,3,mean_squared_error,128,adam
100,0.0009054696129169315,0.0017085939285739352,100,100,4,mean_squared_error,128,adam
100,0.0008425758860539645,0.0016766754073733103,100,100,5,mean_squared_error,128,adam
