round_epochs,val_loss,loss,batch_sizes,epochs,layers,losses,nodes,optimizers
100,0.003851480782032013,0.0010567219484319446,100,100,1,mean_squared_error,128,adam
100,0.003946063225157559,0.0010446707478541418,100,100,2,mean_squared_error,128,adam
100,0.004002794390544295,0.001079896099816481,100,100,3,mean_squared_error,128,adam
100,0.004217508248984814,0.0010297459454986107,100,100,4,mean_squared_error,128,adam
100,0.004223136231303215,0.0010720405192026993,100,100,5,mean_squared_error,128,adam
