round_epochs,val_loss,loss,batch_sizes,epochs,layers,losses,nodes,optimizers
100,0.0009280646991101094,0.0016108558145182695,100,100,1,mean_squared_error,128,adam
100,0.000985856015176978,0.0016847682683478029,100,100,2,mean_squared_error,128,adam
100,0.0009113499181694351,0.0016592709175386794,100,100,3,mean_squared_error,128,adam
100,0.0010086270922329277,0.0016182555153543999,100,100,4,mean_squared_error,128,adam
100,0.0010302602240699343,0.0016409545904899642,100,100,5,mean_squared_error,128,adam
