round_epochs,val_loss,loss,batch_sizes,epochs,layers,losses,nodes,optimizers
100,0.0019337678677402437,0.0014052705467228097,100,100,1,mean_squared_error,128,adam
100,0.0021424327278509736,0.0014767179436671626,100,100,2,mean_squared_error,128,adam
100,0.0020923023112118244,0.001434639044317565,100,100,3,mean_squared_error,128,adam
100,0.0019194968626834452,0.001382206771706344,100,100,4,mean_squared_error,128,adam
100,0.0017854817560873926,0.0016018129015068648,100,100,5,mean_squared_error,128,adam
