round_epochs,val_loss,loss,batch_sizes,epochs,layers,losses,nodes,optimizers
100,0.0012087703798897564,0.0015528435753722522,100,100,1,mean_squared_error,128,adam
100,0.0012587430537678301,0.00160144090924053,100,100,2,mean_squared_error,128,adam
100,0.0013046438689343631,0.0015617967522773047,100,100,3,mean_squared_error,128,adam
100,0.0013039381010457873,0.0015934098966740823,100,100,4,mean_squared_error,128,adam
100,0.0012451335787773132,0.0015585361487431468,100,100,5,mean_squared_error,128,adam
