round_epochs,val_loss,loss,batch_sizes,epochs,layers,losses,nodes,optimizers
100,0.001796063039364526,0.0014479088295252297,100,100,1,mean_squared_error,128,adam
100,0.0018831315319403075,0.0015156231845170434,100,100,2,mean_squared_error,128,adam
100,0.0017485445678175893,0.001469929908091629,100,100,3,mean_squared_error,128,adam
100,0.0018492246308596805,0.0014829267249583968,100,100,4,mean_squared_error,128,adam
100,0.0019428230734774843,0.0014698226570159906,100,100,5,mean_squared_error,128,adam
