round_epochs,val_loss,loss,batch_sizes,epochs,layers,losses,nodes,optimizers
100,0.0011151424987474456,0.0016024710188303037,100,100,1,mean_squared_error,128,adam
100,0.0011873497569467872,0.0016060713526704822,100,100,2,mean_squared_error,128,adam
100,0.0011977815156569704,0.001615394785519729,100,100,3,mean_squared_error,128,adam
100,0.001390540724969469,0.001703207990683811,100,100,4,mean_squared_error,128,adam
100,0.0012114837300032377,0.00164279704005778,100,100,5,mean_squared_error,128,adam
