round_epochs,val_loss,loss,batch_sizes,epochs,layers,losses,nodes,optimizers
100,0.0009954402630683035,0.001603935123100709,100,100,1,mean_squared_error,128,adam
100,0.00099798412702512,0.0016301168141669789,100,100,2,mean_squared_error,128,adam
100,0.0009956941357813776,0.0016509814189559896,100,100,3,mean_squared_error,128,adam
100,0.0010279565321980044,0.0016158048086246017,100,100,4,mean_squared_error,128,adam
100,0.0010807530634338036,0.001650703538460389,100,100,5,mean_squared_error,128,adam
