round_epochs,val_loss,loss,batch_sizes,epochs,layers,losses,nodes,optimizers
100,0.0016942143556661904,0.0014312731749969692,100,100,1,mean_squared_error,128,adam
100,0.0016819825395941734,0.0014387632865727983,100,100,2,mean_squared_error,128,adam
100,0.0016864230274222791,0.0014970631886347056,100,100,3,mean_squared_error,128,adam
100,0.0017316946759819984,0.0014521530482965231,100,100,4,mean_squared_error,128,adam
100,0.0016928074765019119,0.0014302282900408433,100,100,5,mean_squared_error,128,adam
