round_epochs,val_loss,loss,batch_sizes,epochs,layers,losses,nodes,optimizers
100,0.0010572782630333677,0.0016191385713206588,100,100,1,mean_squared_error,128,adam
100,0.0011268118832958862,0.001640337636710048,100,100,2,mean_squared_error,128,adam
100,0.0011941601842409,0.0016310725221818357,100,100,3,mean_squared_error,128,adam
100,0.001063542724295985,0.0016681145522883336,100,100,4,mean_squared_error,128,adam
100,0.001218267876538448,0.0016649642263549917,100,100,5,mean_squared_error,128,adam
