round_epochs,val_loss,loss,batch_sizes,epochs,layers,losses,nodes,optimizers
100,0.0008807597769191489,0.0016545978799061348,100,100,1,mean_squared_error,128,adam
100,0.000935059528273996,0.0016877725042894632,100,100,2,mean_squared_error,128,adam
100,0.0009058387659024447,0.0016985696331610685,100,100,3,mean_squared_error,128,adam
100,0.0011215119666303508,0.0017466749384365766,100,100,4,mean_squared_error,128,adam
100,0.0008583240560255945,0.0017354907278549648,100,100,5,mean_squared_error,128,adam
