round_epochs,val_loss,loss,batch_sizes,epochs,layers,losses,nodes,optimizers
100,0.002828077180311084,0.0011561515933958737,100,100,1,mean_squared_error,128,adam
100,0.002819115557940677,0.0011642010214201492,100,100,2,mean_squared_error,128,adam
100,0.0027461990248411894,0.0012317171576899128,100,100,3,mean_squared_error,128,adam
100,0.0029296462307684124,0.0011719618073066647,100,100,4,mean_squared_error,128,adam
100,0.002953088900540024,0.0011601000357662865,100,100,5,mean_squared_error,128,adam
