round_epochs,val_loss,loss,batch_sizes,epochs,layers,losses,nodes,optimizers
100,0.002559853128332179,0.001220902571036773,100,100,1,mean_squared_error,128,adam
100,0.0025838571891654283,0.0012348013305984139,100,100,2,mean_squared_error,128,adam
100,0.0025329126219730824,0.0012597495371485141,100,100,3,mean_squared_error,128,adam
100,0.0026773982390295714,0.0012798546798129767,100,100,4,mean_squared_error,128,adam
100,0.0025999420395237394,0.0012341104168823696,100,100,5,mean_squared_error,128,adam
