round_epochs,val_loss,loss,batch_sizes,epochs,layers,losses,nodes,optimizers
100,0.0011183956521563232,0.001577193634462157,100,100,1,mean_squared_error,128,adam
100,0.001121128152590245,0.0015827748145429052,100,100,2,mean_squared_error,128,adam
100,0.0011594942479860038,0.0015848403957116422,100,100,3,mean_squared_error,128,adam
100,0.0011929571628570557,0.0016157351077554073,100,100,4,mean_squared_error,128,adam
100,0.0011437988141551614,0.0016622253857117067,100,100,5,mean_squared_error,128,adam
