round_epochs,val_loss,loss,batch_sizes,epochs,layers,losses,nodes,optimizers
100,0.0020279503078199923,0.001426488571891792,100,100,1,mean_squared_error,128,adam
100,0.002061262115603313,0.0014270647800176664,100,100,2,mean_squared_error,128,adam
100,0.0021508971840376034,0.0014349868441978528,100,100,3,mean_squared_error,128,adam
100,0.0022049496474210173,0.0014193832177991684,100,100,4,mean_squared_error,128,adam
100,0.0021213399741100147,0.0014103177440465949,100,100,5,mean_squared_error,128,adam
