round_epochs,val_loss,loss,batch_sizes,epochs,layers,losses,nodes,optimizers
100,0.0026204916648566723,0.0012330975731309078,100,100,1,mean_squared_error,128,adam
100,0.002675267052836716,0.001248100293288532,100,100,2,mean_squared_error,128,adam
100,0.002839559456333518,0.0012470504631945753,100,100,3,mean_squared_error,128,adam
100,0.002856258302927017,0.0012297625775834794,100,100,4,mean_squared_error,128,adam
100,0.0029184456216171384,0.0011957756716301094,100,100,5,mean_squared_error,128,adam
