round_epochs,val_loss,loss,batch_sizes,epochs,layers,losses,nodes,optimizers
100,0.00044144205094198696,0.0017529285197567023,100,100,1,mean_squared_error,128,adam
100,0.0004491174731811043,0.0017557269972993833,100,100,2,mean_squared_error,128,adam
100,0.00044499338400783017,0.0017470303181709211,100,100,3,mean_squared_error,128,adam
100,0.00046340001426870003,0.0017547713529559852,100,100,4,mean_squared_error,128,adam
100,0.0004737313138321042,0.0018105052647738016,100,100,5,mean_squared_error,128,adam
