round_epochs,val_loss,loss,batch_sizes,epochs,layers,losses,nodes,optimizers
100,0.002942046121461317,0.0011778824934409523,100,100,1,mean_squared_error,128,adam
100,0.002973154012579471,0.0011780797918408746,100,100,2,mean_squared_error,128,adam
100,0.0031574256136082113,0.0012202088863009562,100,100,3,mean_squared_error,128,adam
100,0.002851573459338397,0.0012053136901538912,100,100,4,mean_squared_error,128,adam
100,0.0031578094931319356,0.0012414102629497322,100,100,5,mean_squared_error,128,adam
