round_epochs,val_loss,loss,batch_sizes,epochs,layers,losses,nodes,optimizers
100,0.00029599554545711726,0.0017739007618390163,100,100,1,mean_squared_error,128,adam
100,0.00032991117041092366,0.0018416500384222892,100,100,2,mean_squared_error,128,adam
100,0.00031074344587977976,0.0018622072826299026,100,100,3,mean_squared_error,128,adam
100,0.0003145185182802379,0.0018276460198493201,100,100,4,mean_squared_error,128,adam
100,0.000282412875094451,0.0018914800431561575,100,100,5,mean_squared_error,128,adam
