round_epochs,val_loss,loss,batch_sizes,epochs,layers,losses,nodes,optimizers
100,0.0002049559261649847,0.0017937023512604128,100,100,1,mean_squared_error,128,adam
100,0.00024049396597547457,0.0018202009632978331,100,100,2,mean_squared_error,128,adam
100,0.0005507371097337455,0.002093692072916331,100,100,3,mean_squared_error,128,adam
100,0.0002109927881974727,0.0018546871369391638,100,100,4,mean_squared_error,128,adam
100,0.0002778405323624611,0.0018858184633795195,100,100,5,mean_squared_error,128,adam
