round_epochs,val_loss,loss,batch_sizes,epochs,layers,losses,nodes,optimizers
100,0.00042737934563774616,0.0017564355129683774,100,100,1,mean_squared_error,128,adam
100,0.0004191444822936319,0.0017646195234973286,100,100,2,mean_squared_error,128,adam
100,0.0004122782702324912,0.0017620721962029004,100,100,3,mean_squared_error,128,adam
100,0.00040216336492449045,0.0017748400729233505,100,100,4,mean_squared_error,128,adam
100,0.0005353444721549749,0.0018516481895255012,100,100,5,mean_squared_error,128,adam
