round_epochs,val_loss,loss,batch_sizes,epochs,layers,losses,nodes,optimizers
100,0.0022988071432337165,0.0012727955603058238,100,100,1,mean_squared_error,128,adam
100,0.002278009371366352,0.0012874487674639481,100,100,2,mean_squared_error,128,adam
100,0.0023888180730864406,0.0013350379868985757,100,100,3,mean_squared_error,128,adam
100,0.002348219626583159,0.0013221156255526232,100,100,4,mean_squared_error,128,adam
100,0.002302305365446955,0.0012967058374967254,100,100,5,mean_squared_error,128,adam
