round_epochs,val_loss,loss,batch_sizes,epochs,layers,losses,nodes,optimizers
100,0.0033448245958425105,0.0012568214253169275,100,100,1,mean_squared_error,128,adam
100,0.0035558321978896856,0.0012373930760933196,100,100,2,mean_squared_error,128,adam
100,0.003218736150301993,0.0012530820742622485,100,100,3,mean_squared_error,128,adam
100,0.0032585114240646362,0.0012396727783316385,100,100,4,mean_squared_error,128,adam
100,0.004134846618399024,0.001238639798954838,100,100,5,mean_squared_error,128,adam
