round_epochs,val_loss,loss,batch_sizes,epochs,layers,losses,nodes,optimizers
100,0.0002716789167607203,0.0018093110205260605,100,100,1,mean_squared_error,128,adam
100,0.00024433164799120277,0.0017950585930744006,100,100,2,mean_squared_error,128,adam
100,0.00027881903224624693,0.0018564672812525747,100,100,3,mean_squared_error,128,adam
100,0.0003286334394942969,0.001851649244475611,100,100,4,mean_squared_error,128,adam
100,0.0003845689643640071,0.0018861427102473975,100,100,5,mean_squared_error,128,adam
