round_epochs,val_loss,loss,batch_sizes,epochs,layers,losses,nodes,optimizers
100,0.0014282412303145975,0.0015910356066589511,100,100,1,mean_squared_error,128,adam
100,0.0016021633928176016,0.0015686011814686571,100,100,2,mean_squared_error,128,adam
100,0.0016980685177259147,0.0015831931814864902,100,100,3,mean_squared_error,128,adam
100,0.0014776547905057669,0.0016110919441302799,100,100,4,mean_squared_error,128,adam
100,0.0017632149683777243,0.0016006700356096934,100,100,5,mean_squared_error,128,adam
