round_epochs,val_loss,loss,batch_sizes,epochs,layers,losses,nodes,optimizers
100,0.0016240472323261201,0.0014493475029669302,100,100,1,mean_squared_error,128,adam
100,0.0017030076123774052,0.001473690951261984,100,100,2,mean_squared_error,128,adam
100,0.0017195167019963264,0.0014381484534021452,100,100,3,mean_squared_error,128,adam
100,0.0017616741242818534,0.0014438874789633705,100,100,4,mean_squared_error,128,adam
100,0.0018486136104911566,0.0014617245006742182,100,100,5,mean_squared_error,128,adam
