round_epochs,val_loss,loss,batch_sizes,epochs,layers,losses,nodes,optimizers
100,0.0008494039648212492,0.0016343617696403636,100,100,1,mean_squared_error,128,adam
100,0.0008716935699339956,0.0017069649164817263,100,100,2,mean_squared_error,128,adam
100,0.000837838975712657,0.0016493199539437274,100,100,3,mean_squared_error,128,adam
100,0.0008869589946698397,0.0016952696296698804,100,100,4,mean_squared_error,128,adam
100,0.0008750553242862225,0.001644400842149785,100,100,5,mean_squared_error,128,adam
