round_epochs,val_loss,loss,batch_sizes,epochs,layers,losses,nodes,optimizers
100,0.001619904302060604,0.0015196823971042961,100,100,1,mean_squared_error,128,adam
100,0.001762059924658388,0.0015360515305550375,100,100,2,mean_squared_error,128,adam
100,0.0015378612733911723,0.0015337473766188206,100,100,3,mean_squared_error,128,adam
100,0.0021131489193066955,0.0016233330444699137,100,100,4,mean_squared_error,128,adam
100,0.0017369098495692015,0.0015741425278032425,100,100,5,mean_squared_error,128,adam
