round_epochs,val_loss,loss,batch_sizes,epochs,layers,losses,nodes,optimizers
100,0.0003755568613996729,0.0017614042570287633,100,100,1,mean_squared_error,128,adam
100,0.0004465043457457796,0.0019059602019799004,100,100,2,mean_squared_error,128,adam
100,0.00038876965118106455,0.0018263649352717193,100,100,3,mean_squared_error,128,adam
100,0.000395980358007364,0.001779681859445876,100,100,4,mean_squared_error,128,adam
100,0.00036825091228820384,0.0018547174894660058,100,100,5,mean_squared_error,128,adam
