round_epochs,val_loss,loss,batch_sizes,epochs,layers,losses,nodes,optimizers
100,0.0014155626413412392,0.0015293224988614813,100,100,1,mean_squared_error,128,adam
100,0.0014162736188154668,0.0015861703976359364,100,100,2,mean_squared_error,128,adam
100,0.0016151793533936143,0.0015530364693682151,100,100,3,mean_squared_error,128,adam
100,0.0016407679650001228,0.001542813112715653,100,100,4,mean_squared_error,128,adam
100,0.0016444467182736844,0.0015672701597446866,100,100,5,mean_squared_error,128,adam
