round_epochs,val_loss,loss,batch_sizes,epochs,layers,losses,nodes,optimizers
100,0.0011465410643722862,0.0015645942099110337,100,100,1,mean_squared_error,128,adam
100,0.0011851357121486217,0.0015923611524553318,100,100,2,mean_squared_error,128,adam
100,0.001226004009367898,0.0016198618269323817,100,100,3,mean_squared_error,128,adam
100,0.0012236719485372305,0.001584436854965943,100,100,4,mean_squared_error,128,adam
100,0.0012309899320825934,0.001623892171379209,100,100,5,mean_squared_error,128,adam
