round_epochs,val_loss,loss,batch_sizes,epochs,layers,losses,nodes,optimizers
100,0.0019603586406446993,0.0014273642145769814,100,100,1,mean_squared_error,128,adam
100,0.001922690193168819,0.001414621578599705,100,100,2,mean_squared_error,128,adam
100,0.0019041579216718674,0.0014212656320985967,100,100,3,mean_squared_error,128,adam
100,0.002040684164967388,0.001412528359573929,100,100,4,mean_squared_error,128,adam
100,0.001845596416387707,0.0014345839807445484,100,100,5,mean_squared_error,128,adam
