round_epochs,val_loss,loss,batch_sizes,epochs,layers,losses,nodes,optimizers
100,0.0021088363719172776,0.0013488274181578705,100,100,1,mean_squared_error,128,adam
100,0.002177753223804757,0.0014085147417431934,100,100,2,mean_squared_error,128,adam
100,0.0023129560868255794,0.0013701983400816052,100,100,3,mean_squared_error,128,adam
100,0.002415486262179911,0.0014987256398624992,100,100,4,mean_squared_error,128,adam
100,0.0021327016002032906,0.0014322996593385852,100,100,5,mean_squared_error,128,adam
