round_epochs,val_loss,loss,batch_sizes,epochs,layers,losses,nodes,optimizers
100,0.0016005045035853982,0.0014545739975435022,100,100,1,mean_squared_error,128,adam
100,0.0016079546621767804,0.0014534832267014913,100,100,2,mean_squared_error,128,adam
100,0.0016318642592523247,0.0014816109552989378,100,100,3,mean_squared_error,128,adam
100,0.001879670613561757,0.0015563779802397312,100,100,4,mean_squared_error,128,adam
100,0.0018352493934798986,0.0015001652924167936,100,100,5,mean_squared_error,128,adam
