round_epochs,val_loss,loss,batch_sizes,epochs,layers,losses,nodes,optimizers
100,0.00032999689574353397,0.0017655340250049985,100,100,1,mean_squared_error,128,adam
100,0.0003343699063407257,0.0018375833191048093,100,100,2,mean_squared_error,128,adam
100,0.0003445177135290578,0.0017953969672839804,100,100,3,mean_squared_error,128,adam
100,0.00034423595934640616,0.0018000608935599006,100,100,4,mean_squared_error,128,adam
100,0.0003733073390321806,0.001872794619745089,100,100,5,mean_squared_error,128,adam
