round_epochs,val_loss,loss,batch_sizes,epochs,layers,losses,nodes,optimizers
100,0.0011435133528721053,0.0016152762791295729,100,100,1,mean_squared_error,128,adam
100,0.0011182861599081662,0.0016137636018956594,100,100,2,mean_squared_error,128,adam
100,0.0011635768169071525,0.0016206520252880898,100,100,3,mean_squared_error,128,adam
100,0.0013185296702431515,0.0016216316645923019,100,100,4,mean_squared_error,128,adam
100,0.0011822378110082354,0.0016502722087654242,100,100,5,mean_squared_error,128,adam
