round_epochs,val_loss,loss,batch_sizes,epochs,layers,losses,nodes,optimizers
100,0.021031984128057957,0.021304610439746602,100,100,1,mean_squared_error,1,adam
100,0.02225514128804207,0.0225937087462286,100,100,1,mean_squared_error,2,adam
100,0.021291467361152172,0.021570801216744838,100,100,1,mean_squared_error,3,adam
100,0.021062045358121395,0.021384738945871368,100,100,1,mean_squared_error,8,adam
100,0.021225882694125175,0.021600074071745228,100,100,1,mean_squared_error,16,adam
100,0.021041695028543472,0.021389061146250048,100,100,1,mean_squared_error,32,adam
100,0.020984801463782787,0.021330380401478374,100,100,1,mean_squared_error,64,adam
100,0.020876839756965637,0.021206747572448916,100,100,1,mean_squared_error,128,adam
