round_epochs,val_loss,loss,batch_sizes,epochs,layers,losses,nodes,optimizers
100,0.031046328134834766,0.030797973695330154,100,100,1,mean_squared_error,1,adam
100,0.02068452164530754,0.022811686713481907,100,100,1,mean_squared_error,2,adam
100,0.02092642243951559,0.023008130654169803,100,100,1,mean_squared_error,3,adam
100,0.01898370310664177,0.022080637197147934,100,100,1,mean_squared_error,8,adam
100,0.018868672661483288,0.02211188376976882,100,100,1,mean_squared_error,16,adam
100,0.018837178125977516,0.022093694836816245,100,100,1,mean_squared_error,32,adam
100,0.01860945764929056,0.02195896000547666,100,100,1,mean_squared_error,64,adam
100,0.018540031276643276,0.021884332035194364,100,100,1,mean_squared_error,128,adam
