round_epochs,val_loss,loss,batch_sizes,epochs,layers,losses,nodes,optimizers
100,0.02074078842997551,0.02313194249786978,100,100,1,mean_squared_error,1,adam
100,0.025511817075312138,0.032003859534187426,100,100,1,mean_squared_error,2,adam
100,0.02127076033502817,0.02093960264963763,100,100,1,mean_squared_error,3,adam
100,0.02158491313457489,0.021285377162739746,100,100,1,mean_squared_error,8,adam
100,0.02169493492692709,0.021343670383954707,100,100,1,mean_squared_error,16,adam
100,0.021686824038624763,0.021253326688344617,100,100,1,mean_squared_error,32,adam
100,0.021644920110702515,0.02123340850878031,100,100,1,mean_squared_error,64,adam
100,0.021508146077394485,0.02118702404863927,100,100,1,mean_squared_error,128,adam
