round_epochs,val_loss,loss,batch_sizes,epochs,layers,losses,nodes,optimizers
100,0.018640237860381603,0.023006451617282136,100,100,1,mean_squared_error,1,adam
100,0.0193331316113472,0.02333032927548228,100,100,1,mean_squared_error,2,adam
100,0.017480973154306412,0.02198502164156664,100,100,1,mean_squared_error,3,adam
100,0.01772919576615095,0.022377513834557737,100,100,1,mean_squared_error,8,adam
100,0.017624438740313053,0.02231432520375963,100,100,1,mean_squared_error,16,adam
100,0.017568545415997505,0.02231439749679918,100,100,1,mean_squared_error,32,adam
100,0.01740835327655077,0.022160479037982777,100,100,1,mean_squared_error,64,adam
100,0.01742356177419424,0.0221497366405594,100,100,1,mean_squared_error,128,adam
