round_epochs,val_loss,loss,batch_sizes,epochs,layers,losses,nodes,optimizers
100,0.022011803463101387,0.021790237873232456,100,100,1,mean_squared_error,1,adam
100,0.021345049142837524,0.02114139240991352,100,100,1,mean_squared_error,2,adam
100,0.02186715602874756,0.021689294302896747,100,100,1,mean_squared_error,3,adam
100,0.02141996333375573,0.02123280153388069,100,100,1,mean_squared_error,8,adam
100,0.021472647786140442,0.02130306769339811,100,100,1,mean_squared_error,16,adam
100,0.02148738456889987,0.021333272862983376,100,100,1,mean_squared_error,32,adam
100,0.021335518918931484,0.021170446737891153,100,100,1,mean_squared_error,64,adam
100,0.021330326329916716,0.021212457172703324,100,100,1,mean_squared_error,128,adam
