round_epochs,val_loss,loss,batch_sizes,epochs,layers,losses,nodes,optimizers
100,0.01497249910607934,0.024906321879205547,100,100,1,mean_squared_error,1,adam
100,0.013768365141004324,0.023542504883686404,100,100,1,mean_squared_error,2,adam
100,0.015240783337503672,0.025185352550786837,100,100,1,mean_squared_error,3,adam
100,0.014083799440413713,0.0232162344640583,100,100,1,mean_squared_error,8,adam
100,0.014056604821234941,0.023137345065113,100,100,1,mean_squared_error,16,adam
100,0.014131026342511177,0.023168329382898815,100,100,1,mean_squared_error,32,adam
100,0.014085219241678715,0.023120931230653497,100,100,1,mean_squared_error,64,adam
100,0.013938872143626213,0.023075567899192486,100,100,1,mean_squared_error,128,adam
