round_epochs,val_loss,loss,batch_sizes,epochs,layers,losses,nodes,optimizers
100,0.024383092299103737,0.021284325715891998,100,100,1,mean_squared_error,1,adam
100,0.025166651234030724,0.022836875170469284,100,100,1,mean_squared_error,2,adam
100,0.024564421735703945,0.021522988871038706,100,100,1,mean_squared_error,3,adam
100,0.024761310778558254,0.02074323202434339,100,100,1,mean_squared_error,8,adam
100,0.024706206284463406,0.020621769055537413,100,100,1,mean_squared_error,16,adam
100,0.02466309815645218,0.020571409628952955,100,100,1,mean_squared_error,32,adam
100,0.024643399752676487,0.020556302040927392,100,100,1,mean_squared_error,64,adam
100,0.024485860019922256,0.020432893765674795,100,100,1,mean_squared_error,128,adam
