round_epochs,val_loss,loss,batch_sizes,epochs,layers,losses,nodes,optimizers
100,0.04215526767075062,0.033056924385683875,100,100,1,mean_squared_error,1,adam
100,0.027105988934636116,0.023306651619778837,100,100,1,mean_squared_error,2,adam
100,0.02363821119070053,0.021216571793184244,100,100,1,mean_squared_error,3,adam
100,0.023457863368093967,0.021147110174995914,100,100,1,mean_squared_error,8,adam
100,0.023200455121695995,0.02099641359278134,100,100,1,mean_squared_error,16,adam
100,0.023106729611754417,0.020932764949319057,100,100,1,mean_squared_error,32,adam
100,0.02294840384274721,0.020836337397159788,100,100,1,mean_squared_error,64,adam
100,0.02287026308476925,0.02076553288184312,100,100,1,mean_squared_error,128,adam
