round_epochs,val_loss,loss,batch_sizes,epochs,layers,losses,nodes,optimizers
100,0.03150376956909895,0.0224933753672399,100,100,1,mean_squared_error,1,adam
100,0.027456631883978844,0.019987517510328377,100,100,1,mean_squared_error,2,adam
100,0.029486211016774178,0.02122886751995499,100,100,1,mean_squared_error,3,adam
100,0.027078945189714432,0.019993653646985392,100,100,1,mean_squared_error,8,adam
100,0.027115284465253353,0.020033904885812512,100,100,1,mean_squared_error,16,adam
100,0.02697698399424553,0.01991780460310311,100,100,1,mean_squared_error,32,adam
100,0.02699854224920273,0.0199221304400747,100,100,1,mean_squared_error,64,adam
100,0.026793068274855614,0.019852533317952975,100,100,1,mean_squared_error,128,adam
