round_epochs,val_loss,loss,batch_sizes,epochs,layers,losses,nodes,optimizers
100,0.024730274453759193,0.021688076889231092,100,100,1,mean_squared_error,1,adam
100,0.0235750125721097,0.020539609967429834,100,100,1,mean_squared_error,2,adam
100,0.02393219619989395,0.02106132689760741,100,100,1,mean_squared_error,3,adam
100,0.02364034205675125,0.02074779073864147,100,100,1,mean_squared_error,8,adam
100,0.023643558844923973,0.020726210477395465,100,100,1,mean_squared_error,16,adam
100,0.02349061705172062,0.020657431703051527,100,100,1,mean_squared_error,32,adam
100,0.023688972927629948,0.020671431717455835,100,100,1,mean_squared_error,64,adam
100,0.02359016425907612,0.020622049815448604,100,100,1,mean_squared_error,128,adam
