round_epochs,val_loss,loss,batch_sizes,epochs,layers,losses,nodes,optimizers
100,0.021259314380586147,0.021643193457322314,100,100,1,mean_squared_error,1,adam
100,0.02267139870673418,0.02360377848185692,100,100,1,mean_squared_error,2,adam
100,0.021529125049710274,0.021560148865843478,100,100,1,mean_squared_error,3,adam
100,0.02160760946571827,0.021557308677443883,100,100,1,mean_squared_error,8,adam
100,0.021531532518565655,0.021452456301913822,100,100,1,mean_squared_error,16,adam
100,0.02137803565710783,0.0213143360453254,100,100,1,mean_squared_error,32,adam
100,0.02132485806941986,0.02122945908018222,100,100,1,mean_squared_error,64,adam
100,0.02141277864575386,0.021260133013129234,100,100,1,mean_squared_error,128,adam
