round_epochs,val_loss,loss,batch_sizes,epochs,layers,losses,nodes,optimizers
100,0.02699755784124136,0.021333531035404456,100,100,1,mean_squared_error,1,adam
100,0.037200771272182465,0.029412416008331423,100,100,1,mean_squared_error,2,adam
100,0.025485611520707607,0.020203162390822756,100,100,1,mean_squared_error,3,adam
100,0.026629279367625713,0.0206780809871759,100,100,1,mean_squared_error,8,adam
100,0.02577414270490408,0.02029845435032271,100,100,1,mean_squared_error,16,adam
100,0.025887446478009224,0.020363055351645426,100,100,1,mean_squared_error,32,adam
100,0.02556979190558195,0.02020228359110672,100,100,1,mean_squared_error,64,adam
100,0.02544182538986206,0.020199247222757878,100,100,1,mean_squared_error,128,adam
