round_epochs,val_loss,loss,batch_sizes,epochs,layers,losses,nodes,optimizers
100,0.026770371943712234,0.025698977002038395,100,100,1,mean_squared_error,1,adam
100,0.020915684290230274,0.021564360287852753,100,100,1,mean_squared_error,2,adam
100,0.0234190933406353,0.023191488438979127,100,100,1,mean_squared_error,3,adam
100,0.02058698795735836,0.021654149260661358,100,100,1,mean_squared_error,8,adam
100,0.020559859462082386,0.02163456829922988,100,100,1,mean_squared_error,16,adam
100,0.020501398481428623,0.0215855981351663,100,100,1,mean_squared_error,32,adam
100,0.0203807158395648,0.021417780366159024,100,100,1,mean_squared_error,64,adam
100,0.02037632931023836,0.021406069743379316,100,100,1,mean_squared_error,128,adam
