round_epochs,val_loss,loss,batch_sizes,epochs,layers,losses,nodes,optimizers
100,0.02433650754392147,0.020983628769939703,100,100,1,mean_squared_error,1,adam
100,0.024956807494163513,0.022206556938943408,100,100,1,mean_squared_error,2,adam
100,0.02403466124087572,0.021340844713917055,100,100,1,mean_squared_error,3,adam
100,0.02418624795973301,0.02079742941958713,100,100,1,mean_squared_error,8,adam
100,0.024184311740100384,0.020792463383541668,100,100,1,mean_squared_error,16,adam
100,0.02407072391360998,0.020678723875181118,100,100,1,mean_squared_error,32,adam
100,0.02401051204651594,0.020603628857131292,100,100,1,mean_squared_error,64,adam
100,0.023905854672193527,0.02051594273133535,100,100,1,mean_squared_error,128,adam
