round_epochs,val_loss,loss,batch_sizes,epochs,layers,losses,nodes,optimizers
100,0.02857912052422762,0.02972236333559629,100,100,1,mean_squared_error,1,adam
100,0.019581278786063194,0.02211948944475119,100,100,1,mean_squared_error,2,adam
100,0.019554156810045242,0.022087796654244114,100,100,1,mean_squared_error,3,adam
100,0.019334291107952595,0.022029149549123935,100,100,1,mean_squared_error,8,adam
100,0.019213363528251648,0.02189749691700726,100,100,1,mean_squared_error,16,adam
100,0.019148681312799454,0.02187426140377844,100,100,1,mean_squared_error,32,adam
100,0.019058058969676495,0.021796317518989843,100,100,1,mean_squared_error,64,adam
100,0.01902388408780098,0.021772131571233422,100,100,1,mean_squared_error,128,adam
