round_epochs,val_loss,loss,batch_sizes,epochs,layers,losses,nodes,optimizers
100,0.02535130176693201,0.031746122061758114,100,100,1,mean_squared_error,1,adam
100,0.015865896362811327,0.022173490011154262,100,100,1,mean_squared_error,2,adam
100,0.016756877303123474,0.022812028567220335,100,100,1,mean_squared_error,3,adam
100,0.016491713002324104,0.022632878894607227,100,100,1,mean_squared_error,8,adam
100,0.016396195627748966,0.022584230375282448,100,100,1,mean_squared_error,16,adam
100,0.016332438215613365,0.022573129733776988,100,100,1,mean_squared_error,32,adam
100,0.01640576822683215,0.022561777961956228,100,100,1,mean_squared_error,64,adam
100,0.01613070396706462,0.022503352096131572,100,100,1,mean_squared_error,128,adam
