round_epochs,val_loss,loss,batch_sizes,epochs,layers,losses,nodes,optimizers
100,0.02852769661694765,0.029986199827159856,100,100,1,mean_squared_error,1,adam
100,0.022181873209774494,0.02096963775131786,100,100,1,mean_squared_error,2,adam
100,0.022753378376364708,0.021159671433736805,100,100,1,mean_squared_error,3,adam
100,0.02272845059633255,0.020925055923206464,100,100,1,mean_squared_error,8,adam
100,0.022974164225161076,0.02104415088649232,100,100,1,mean_squared_error,16,adam
100,0.022994509898126125,0.021041388639755416,100,100,1,mean_squared_error,32,adam
100,0.022744338028132915,0.020924634227813932,100,100,1,mean_squared_error,64,adam
100,0.02274093311280012,0.020889994886734133,100,100,1,mean_squared_error,128,adam
