round_epochs,val_loss,loss,batch_sizes,epochs,layers,losses,nodes,optimizers
100,0.022641411051154137,0.031441976780767426,100,100,1,mean_squared_error,1,adam
100,0.02228494919836521,0.030967169882435547,100,100,1,mean_squared_error,2,adam
100,0.018505465239286423,0.025791308672207042,100,100,1,mean_squared_error,3,adam
100,0.01674633752554655,0.02278160410267966,100,100,1,mean_squared_error,8,adam
100,0.01665411051362753,0.022715213402806966,100,100,1,mean_squared_error,16,adam
100,0.01666970644146204,0.022678705641911143,100,100,1,mean_squared_error,32,adam
100,0.016503612510859966,0.02260411510659489,100,100,1,mean_squared_error,64,adam
100,0.016413872130215168,0.022534310467597237,100,100,1,mean_squared_error,128,adam
