round_epochs,val_loss,loss,batch_sizes,epochs,layers,losses,nodes,optimizers
100,0.0385080985724926,0.02655186484518804,100,100,1,mean_squared_error,1,adam
100,0.03106586541980505,0.02012362022111589,100,100,1,mean_squared_error,2,adam
100,0.029719441197812557,0.019396108007968815,100,100,1,mean_squared_error,3,adam
100,0.029935426078736782,0.019545825081585644,100,100,1,mean_squared_error,8,adam
100,0.029846596531569958,0.019462334734380693,100,100,1,mean_squared_error,16,adam
100,0.029542832635343075,0.019267748975962923,100,100,1,mean_squared_error,32,adam
100,0.029471307061612606,0.019327374852092044,100,100,1,mean_squared_error,64,adam
100,0.02960071060806513,0.019276555328814306,100,100,1,mean_squared_error,128,adam
