round_epochs,val_loss,loss,batch_sizes,epochs,layers,losses,nodes,optimizers
100,0.019548427313566208,0.023376417423325375,100,100,1,mean_squared_error,1,adam
100,0.02451169118285179,0.02766007868419016,100,100,1,mean_squared_error,2,adam
100,0.018350228667259216,0.0227844505045647,100,100,1,mean_squared_error,3,adam
100,0.0179049801081419,0.022530702453918923,100,100,1,mean_squared_error,8,adam
100,0.017641437239944935,0.022318252387986445,100,100,1,mean_squared_error,16,adam
100,0.017718158196657896,0.022405500334680528,100,100,1,mean_squared_error,32,adam
100,0.01749227847903967,0.022243174245781767,100,100,1,mean_squared_error,64,adam
100,0.017424183897674084,0.02217162621760727,100,100,1,mean_squared_error,128,adam
