round_epochs,val_loss,loss,batch_sizes,epochs,layers,losses,nodes,optimizers
100,0.027429583482444286,0.03298270707964001,100,100,1,mean_squared_error,1,adam
100,0.019563034176826477,0.021944208864244006,100,100,1,mean_squared_error,2,adam
100,0.01948610134422779,0.021574446581360093,100,100,1,mean_squared_error,3,adam
100,0.019951107911765575,0.021951582684253988,100,100,1,mean_squared_error,8,adam
100,0.01988975889980793,0.0218278682863055,100,100,1,mean_squared_error,16,adam
100,0.01974213495850563,0.021717535289830732,100,100,1,mean_squared_error,32,adam
100,0.019764894619584084,0.021678306125011062,100,100,1,mean_squared_error,64,adam
100,0.01964805694296956,0.021596317625322138,100,100,1,mean_squared_error,128,adam
