round_epochs,val_loss,loss,batch_sizes,epochs,layers,losses,nodes,optimizers
100,0.01919067557901144,0.02315139369502253,100,100,1,mean_squared_error,1,adam
100,0.018626414239406586,0.02219072220973054,100,100,1,mean_squared_error,2,adam
100,0.018412563018500805,0.021782166219519495,100,100,1,mean_squared_error,3,adam
100,0.018748728558421135,0.02205886829056238,100,100,1,mean_squared_error,8,adam
100,0.018850982189178467,0.022160231156792855,100,100,1,mean_squared_error,16,adam
100,0.01874013990163803,0.021981043717765568,100,100,1,mean_squared_error,32,adam
100,0.018702741712331772,0.02195984982701023,100,100,1,mean_squared_error,64,adam
100,0.018617969006299973,0.02190409671692621,100,100,1,mean_squared_error,128,adam
