round_epochs,val_loss,loss,batch_sizes,epochs,layers,losses,nodes,optimizers
100,0.0232617249712348,0.025952519624865146,100,100,1,mean_squared_error,1,adam
100,0.01964193396270275,0.021912772693953718,100,100,1,mean_squared_error,2,adam
100,0.01997054275125265,0.022245672272336214,100,100,1,mean_squared_error,3,adam
100,0.01991742942482233,0.02203708870761227,100,100,1,mean_squared_error,8,adam
100,0.019708212465047836,0.021856198535489858,100,100,1,mean_squared_error,16,adam
100,0.019698847085237503,0.021853016101216014,100,100,1,mean_squared_error,32,adam
100,0.019600950181484222,0.021749019660149003,100,100,1,mean_squared_error,64,adam
100,0.019478652626276016,0.021677130637200254,100,100,1,mean_squared_error,128,adam
