round_epochs,val_loss,loss,batch_sizes,epochs,layers,losses,nodes,optimizers
100,0.0217141080647707,0.02211873676805269,100,100,1,mean_squared_error,1,adam
100,0.020900046452879906,0.021234444083463876,100,100,1,mean_squared_error,2,adam
100,0.020907236263155937,0.021273658515180562,100,100,1,mean_squared_error,3,adam
100,0.020846241153776646,0.021317253286079654,100,100,1,mean_squared_error,8,adam
100,0.020877037197351456,0.021492393827415947,100,100,1,mean_squared_error,16,adam
100,0.020876824855804443,0.021452693095930238,100,100,1,mean_squared_error,32,adam
100,0.020793759264051914,0.021336231721485768,100,100,1,mean_squared_error,64,adam
100,0.020749803632497787,0.021260544190878857,100,100,1,mean_squared_error,128,adam
