round_epochs,val_loss,loss,batch_sizes,epochs,layers,losses,nodes,optimizers
100,0.019690797198563814,0.024078972483599994,100,100,1,mean_squared_error,1,adam
100,0.017029934097081423,0.022249090025448857,100,100,1,mean_squared_error,2,adam
100,0.017699420917779207,0.022694477680743785,100,100,1,mean_squared_error,3,adam
100,0.01732962066307664,0.022685137794430096,100,100,1,mean_squared_error,8,adam
100,0.016975142061710358,0.02245157513123258,100,100,1,mean_squared_error,16,adam
100,0.016941779293119907,0.02241706870085464,100,100,1,mean_squared_error,32,adam
100,0.016892216634005308,0.02237142195556322,100,100,1,mean_squared_error,64,adam
100,0.01676803920418024,0.02236887675833732,100,100,1,mean_squared_error,128,adam
