round_epochs,val_loss,loss,batch_sizes,epochs,layers,losses,nodes,optimizers
100,0.02368413284420967,0.022093406348561582,100,100,1,mean_squared_error,1,adam
100,0.025167484767735004,0.023572642542888645,100,100,1,mean_squared_error,2,adam
100,0.023457768373191357,0.02196714857168365,100,100,1,mean_squared_error,3,adam
100,0.02255252655595541,0.021151897341087647,100,100,1,mean_squared_error,8,adam
100,0.022522157058119774,0.02115833255600063,100,100,1,mean_squared_error,16,adam
100,0.02246932592242956,0.02110015057064686,100,100,1,mean_squared_error,32,adam
100,0.022433887235820293,0.021011769323420703,100,100,1,mean_squared_error,64,adam
100,0.022368935868144035,0.020908905879447336,100,100,1,mean_squared_error,128,adam
