round_epochs,val_loss,loss,batch_sizes,epochs,layers,losses,nodes,optimizers
100,0.02669853623956442,0.0265882650581667,100,100,1,mean_squared_error,1,adam
100,0.020346293225884438,0.022119618774879547,100,100,1,mean_squared_error,2,adam
100,0.022348745726048946,0.0234043763619019,100,100,1,mean_squared_error,3,adam
100,0.020009737461805344,0.021902972276796374,100,100,1,mean_squared_error,8,adam
100,0.019734655506908894,0.021767636611684224,100,100,1,mean_squared_error,16,adam
100,0.019807995297014713,0.02183767202261247,100,100,1,mean_squared_error,32,adam
100,0.019639885053038597,0.02170826265014204,100,100,1,mean_squared_error,64,adam
100,0.019583982415497303,0.021674228108541707,100,100,1,mean_squared_error,128,adam
