round_epochs,val_loss,loss,batch_sizes,epochs,layers,losses,nodes,optimizers
100,0.022617953829467297,0.02411538446065328,100,100,1,mean_squared_error,1,adam
100,0.020489760674536228,0.02308821980199569,100,100,1,mean_squared_error,2,adam
100,0.021377849392592907,0.02357956057969938,100,100,1,mean_squared_error,3,adam
100,0.019028175622224808,0.022505766158937512,100,100,1,mean_squared_error,8,adam
100,0.018465377390384674,0.022251425903841368,100,100,1,mean_squared_error,16,adam
100,0.018302226439118385,0.022179014668018,100,100,1,mean_squared_error,32,adam
100,0.01820390671491623,0.022060214035343705,100,100,1,mean_squared_error,64,adam
100,0.018114665523171425,0.02197767187255367,100,100,1,mean_squared_error,128,adam
