round_epochs,val_loss,loss,batch_sizes,epochs,layers,losses,nodes,optimizers
100,0.017101101111620665,0.022977888467429874,100,100,1,mean_squared_error,1,adam
100,0.016873900778591633,0.022336236754418315,100,100,1,mean_squared_error,2,adam
100,0.016772260889410973,0.022347310534620045,100,100,1,mean_squared_error,3,adam
100,0.017061986960470676,0.02242583979416013,100,100,1,mean_squared_error,8,adam
100,0.017081711441278458,0.022429538335193667,100,100,1,mean_squared_error,16,adam
100,0.017123459838330746,0.02249864152723685,100,100,1,mean_squared_error,32,adam
100,0.01698182662948966,0.022442121415826164,100,100,1,mean_squared_error,64,adam
100,0.016968730837106705,0.022342041013458918,100,100,1,mean_squared_error,128,adam
