round_epochs,val_loss,loss,batch_sizes,epochs,layers,losses,nodes,optimizers
100,0.016365901567041874,0.02236590518109631,100,100,1,mean_squared_error,1,adam
100,0.01663697836920619,0.022225138154767808,100,100,1,mean_squared_error,2,adam
100,0.016991619486361742,0.022653861634227866,100,100,1,mean_squared_error,3,adam
100,0.016868731006979942,0.022508399551710988,100,100,1,mean_squared_error,8,adam
100,0.017056220211088657,0.02262358057469055,100,100,1,mean_squared_error,16,adam
100,0.016948676202446222,0.022548825697119076,100,100,1,mean_squared_error,32,adam
100,0.01684654364362359,0.02241719383886434,100,100,1,mean_squared_error,64,adam
100,0.016725428868085146,0.022377794995941315,100,100,1,mean_squared_error,128,adam
