round_epochs,val_loss,loss,batch_sizes,epochs,layers,losses,nodes,optimizers
100,0.03228353522717953,0.031002741157635114,100,100,1,mean_squared_error,1,adam
100,0.022010065615177155,0.021679706171267014,100,100,1,mean_squared_error,2,adam
100,0.022423517890274525,0.022013483690401365,100,100,1,mean_squared_error,3,adam
100,0.021619200706481934,0.02145401936463246,100,100,1,mean_squared_error,8,adam
100,0.02157461829483509,0.02144997524923848,100,100,1,mean_squared_error,16,adam
100,0.0213741147890687,0.02136356401768394,100,100,1,mean_squared_error,32,adam
100,0.02138589136302471,0.02132472415970531,100,100,1,mean_squared_error,64,adam
100,0.021255381405353546,0.02126189724152399,100,100,1,mean_squared_error,128,adam
