round_epochs,val_loss,loss,batch_sizes,epochs,layers,losses,nodes,optimizers
100,0.02392230648547411,0.021823215660146604,100,100,1,mean_squared_error,1,adam
100,0.02315562218427658,0.021323275497944133,100,100,1,mean_squared_error,2,adam
100,0.022914407774806023,0.021126174561698036,100,100,1,mean_squared_error,3,adam
100,0.02295584324747324,0.02115470282079881,100,100,1,mean_squared_error,8,adam
100,0.022713066078722477,0.021014301241713957,100,100,1,mean_squared_error,16,adam
100,0.022721161134541035,0.021014806611421414,100,100,1,mean_squared_error,32,adam
100,0.02270078007131815,0.02100109984458688,100,100,1,mean_squared_error,64,adam
100,0.022503666579723358,0.020891263380758744,100,100,1,mean_squared_error,128,adam
