round_epochs,val_loss,loss,batch_sizes,epochs,layers,losses,nodes,optimizers
100,0.028609255328774452,0.02977315871451134,100,100,1,mean_squared_error,1,adam
100,0.02260920498520136,0.021283668239500588,100,100,1,mean_squared_error,2,adam
100,0.022501260973513126,0.02090827375650406,100,100,1,mean_squared_error,3,adam
100,0.023077343590557575,0.02135530278030643,100,100,1,mean_squared_error,8,adam
100,0.02294240240007639,0.021122459686340245,100,100,1,mean_squared_error,16,adam
100,0.022893160581588745,0.020966155729945143,100,100,1,mean_squared_error,32,adam
100,0.022853287868201733,0.020968209564648475,100,100,1,mean_squared_error,64,adam
100,0.02281761448830366,0.020901542091578768,100,100,1,mean_squared_error,128,adam
