round_epochs,val_loss,loss,batch_sizes,epochs,layers,losses,nodes,optimizers
100,0.016428368166089058,0.02383342726543583,100,100,1,mean_squared_error,1,adam
100,0.016072451137006283,0.02346401541192729,100,100,1,mean_squared_error,2,adam
100,0.015262845437973738,0.023230573512557754,100,100,1,mean_squared_error,3,adam
100,0.015208897646516562,0.023211090813827395,100,100,1,mean_squared_error,8,adam
100,0.014921399764716625,0.023125322432931802,100,100,1,mean_squared_error,16,adam
100,0.014857191126793623,0.02306023047756133,100,100,1,mean_squared_error,32,adam
100,0.014621847309172153,0.022965821262477037,100,100,1,mean_squared_error,64,adam
100,0.01459004357457161,0.02291607385720675,100,100,1,mean_squared_error,128,adam
