round_epochs,val_loss,loss,batch_sizes,epochs,layers,losses,nodes,optimizers
100,0.022200903855264187,0.023335602727338187,100,100,1,mean_squared_error,1,adam
100,0.01995753590017557,0.02132283391566354,100,100,1,mean_squared_error,2,adam
100,0.020126235205680132,0.021471452409107434,100,100,1,mean_squared_error,3,adam
100,0.02044914849102497,0.021732087464148838,100,100,1,mean_squared_error,8,adam
100,0.020300504751503468,0.021633860508078022,100,100,1,mean_squared_error,16,adam
100,0.020296931266784668,0.02159988402125232,100,100,1,mean_squared_error,32,adam
100,0.020203098189085722,0.021538865344043364,100,100,1,mean_squared_error,64,adam
100,0.020114020444452763,0.021470221567124054,100,100,1,mean_squared_error,128,adam
