round_epochs,val_loss,loss,batch_sizes,epochs,layers,losses,nodes,optimizers
100,0.024588176049292088,0.021370693322336466,100,100,1,mean_squared_error,1,adam
100,0.024538866244256496,0.020710912199322144,100,100,1,mean_squared_error,2,adam
100,0.024285555817186832,0.02027141156706744,100,100,1,mean_squared_error,3,adam
100,0.024672352708876133,0.020573072630286515,100,100,1,mean_squared_error,8,adam
100,0.024682938121259212,0.02057423380513986,100,100,1,mean_squared_error,16,adam
100,0.02462919522076845,0.02051539990332043,100,100,1,mean_squared_error,32,adam
100,0.024597964249551296,0.020486925434517234,100,100,1,mean_squared_error,64,adam
100,0.024483981542289257,0.020406089849153857,100,100,1,mean_squared_error,128,adam
