round_epochs,val_loss,loss,batch_sizes,epochs,layers,losses,nodes,optimizers
100,0.01614372804760933,0.023159238120032132,100,100,1,mean_squared_error,1,adam
100,0.01566596981137991,0.022500568165217425,100,100,1,mean_squared_error,2,adam
100,0.016042649745941162,0.02298973354611331,100,100,1,mean_squared_error,3,adam
100,0.016047642566263676,0.022742303513121186,100,100,1,mean_squared_error,8,adam
100,0.016045653261244297,0.022707457959950716,100,100,1,mean_squared_error,16,adam
100,0.015991181135177612,0.022699640386908276,100,100,1,mean_squared_error,32,adam
100,0.015973148867487907,0.022572495454086697,100,100,1,mean_squared_error,64,adam
100,0.015950415283441544,0.022519095541727274,100,100,1,mean_squared_error,128,adam
