round_epochs,val_loss,loss,batch_sizes,epochs,layers,losses,nodes,optimizers
100,0.020778680220246315,0.021575673387612317,100,100,1,mean_squared_error,1,adam
100,0.02490244247019291,0.024676445605499402,100,100,1,mean_squared_error,2,adam
100,0.020518322475254536,0.021605281994904493,100,100,1,mean_squared_error,3,adam
100,0.020809930749237537,0.02191583417299995,100,100,1,mean_squared_error,8,adam
100,0.020517004653811455,0.02160367990533511,100,100,1,mean_squared_error,16,adam
100,0.020397203974425793,0.02155987862824348,100,100,1,mean_squared_error,32,adam
100,0.020382403396070004,0.021483737769954485,100,100,1,mean_squared_error,64,adam
100,0.02021333109587431,0.021406584356288266,100,100,1,mean_squared_error,128,adam
