round_epochs,val_loss,loss,batch_sizes,epochs,layers,losses,nodes,optimizers
100,0.03087371401488781,0.028150054063638647,100,100,1,mean_squared_error,1,adam
100,0.023366399109363556,0.020976057196768903,100,100,1,mean_squared_error,2,adam
100,0.023188835009932518,0.02083173869901283,100,100,1,mean_squared_error,3,adam
100,0.028743107803165913,0.026019140106992314,100,100,1,mean_squared_error,8,adam
100,0.023267634212970734,0.020910661462180895,100,100,1,mean_squared_error,16,adam
100,0.02320728451013565,0.020859009303843466,100,100,1,mean_squared_error,32,adam
100,0.02316094934940338,0.020819207041858134,100,100,1,mean_squared_error,64,adam
100,0.02306254580616951,0.020713215072949726,100,100,1,mean_squared_error,128,adam
