round_epochs,val_loss,loss,batch_sizes,epochs,layers,losses,nodes,optimizers
100,0.026928739622235298,0.025826342940741313,100,100,1,mean_squared_error,1,adam
100,0.0233543636277318,0.021523896950229368,100,100,1,mean_squared_error,2,adam
100,0.023267697542905807,0.021519304759669722,100,100,1,mean_squared_error,3,adam
100,0.02305993065237999,0.02095401373908932,100,100,1,mean_squared_error,8,adam
100,0.023155943490564823,0.020996047323919777,100,100,1,mean_squared_error,16,adam
100,0.023019268177449703,0.02091739742192708,100,100,1,mean_squared_error,32,adam
100,0.022999226115643978,0.02085034761176372,100,100,1,mean_squared_error,64,adam
100,0.022948245517909527,0.020720012565341808,100,100,1,mean_squared_error,128,adam
