round_epochs,val_loss,loss,batch_sizes,epochs,layers,losses,nodes,optimizers
100,0.023955664592771674,0.0162757966864967,100,100,1,mean_squared_error,128,adam
250,0.024108124503762877,0.016349584033543415,100,250,1,mean_squared_error,128,adam
500,0.02398951623083359,0.015820798595821618,100,500,1,mean_squared_error,128,adam
750,0.0255557733714281,0.01369903672655875,100,750,1,mean_squared_error,128,adam
1000,0.02404144301486375,0.011198182312790492,100,1000,1,mean_squared_error,128,adam
