round_epochs,val_loss,loss,batch_sizes,epochs,layers,losses,nodes,optimizers
100,0.02159353291344403,0.01692102158987763,100,100,1,mean_squared_error,128,adam
250,0.021413287681401074,0.01688757154977683,100,250,1,mean_squared_error,128,adam
500,0.023063592893544153,0.015917312617253775,100,500,1,mean_squared_error,128,adam
750,0.026852774288711235,0.013632433517186932,100,750,1,mean_squared_error,128,adam
1000,0.03156567437939308,0.01152919573154338,100,1000,1,mean_squared_error,128,adam
