round_epochs,val_loss,loss,batch_sizes,epochs,layers,losses,nodes,optimizers
100,0.020858650605882233,0.01707051107377717,100,100,1,mean_squared_error,128,adam
250,0.02082054698886584,0.0170492426718049,100,250,1,mean_squared_error,128,adam
500,0.020859872501100128,0.016976334897782466,100,500,1,mean_squared_error,128,adam
750,0.020141528638538405,0.015734959266741167,100,750,1,mean_squared_error,128,adam
1000,0.02244882967004824,0.013335820325095244,100,1000,1,mean_squared_error,128,adam
