round_epochs,val_loss,loss,batch_sizes,epochs,layers,losses,nodes,optimizers
100,0.01599651776329057,0.01835566313203537,100,100,1,mean_squared_error,128,adam
250,0.015984539073615817,0.01841065316282288,100,250,1,mean_squared_error,128,adam
500,0.0169164109413498,0.017189249123512496,100,500,1,mean_squared_error,128,adam
750,0.017888439388655537,0.014592980453274165,100,750,1,mean_squared_error,128,adam
1000,0.02263816154969098,0.010063988210708655,100,1000,1,mean_squared_error,128,adam
