round_epochs,val_loss,loss,batch_sizes,epochs,layers,losses,nodes,optimizers
100,0.01963159408251844,0.017561798651862626,100,100,1,mean_squared_error,128,adam
250,0.019526617713834172,0.017317992235261082,100,250,1,mean_squared_error,128,adam
500,0.020193131050871845,0.01698798591252228,100,500,1,mean_squared_error,128,adam
750,0.023593200557869884,0.015108940102197606,100,750,1,mean_squared_error,128,adam
1000,0.027445004934716466,0.010948514801007931,100,1000,1,mean_squared_error,128,adam
