round_epochs,val_loss,loss,batch_sizes,epochs,layers,losses,nodes,optimizers
100,0.019467457660927844,0.017407617442347485,100,100,1,mean_squared_error,128,adam
250,0.019378751778422888,0.01731008074406271,100,250,1,mean_squared_error,128,adam
500,0.019389623981998793,0.01682483542691728,100,500,1,mean_squared_error,128,adam
750,0.02433689672443735,0.013425738292021884,100,750,1,mean_squared_error,128,adam
1000,0.03150113177808685,0.008464264123691152,100,1000,1,mean_squared_error,128,adam
