round_epochs,val_loss,loss,batch_sizes,epochs,layers,losses,nodes,optimizers
100,0.020605392342236774,0.017345496260495197,100,100,1,mean_squared_error,128,adam
250,0.020414969972779404,0.017321680451395236,100,250,1,mean_squared_error,128,adam
500,0.01999744136429312,0.01699893990757339,100,500,1,mean_squared_error,128,adam
750,0.019292912441282416,0.01582548733932352,100,750,1,mean_squared_error,128,adam
1000,0.02191852670556037,0.012264955323189497,100,1000,1,mean_squared_error,128,adam
