round_epochs,val_loss,loss,batch_sizes,epochs,layers,losses,nodes,optimizers
100,0.014355298318904848,0.018659130815943382,100,100,1,mean_squared_error,128,adam
250,0.014447432086246097,0.01856561733240431,100,250,1,mean_squared_error,128,adam
500,0.01561781404605463,0.01753743721473247,100,500,1,mean_squared_error,128,adam
750,0.025105101491638165,0.012232770475399012,100,750,1,mean_squared_error,128,adam
1000,0.029706410745430234,0.011524747059953332,100,1000,1,mean_squared_error,128,adam
