round_epochs,val_loss,loss,batch_sizes,epochs,layers,losses,nodes,optimizers
100,0.017953736604607883,0.018224537273812475,100,100,1,mean_squared_error,128,adam
250,0.018155439199889125,0.017623653823528627,100,250,1,mean_squared_error,128,adam
500,0.017615209927960257,0.01726065395456372,100,500,1,mean_squared_error,128,adam
750,0.02657122035796319,0.012417532188460381,100,750,1,mean_squared_error,128,adam
1000,0.03703947256707666,0.004997644321804847,100,1000,1,mean_squared_error,128,adam
