round_epochs,val_loss,loss,batch_sizes,epochs,layers,losses,nodes,optimizers
100,0.01657529744839099,0.01813387997787107,100,100,1,mean_squared_error,128,adam
250,0.016517500982774262,0.018026971319370498,100,250,1,mean_squared_error,128,adam
500,0.016473937428664022,0.017582766636453494,100,500,1,mean_squared_error,128,adam
750,0.01772285990847565,0.014487233539723386,100,750,1,mean_squared_error,128,adam
1000,0.0217344906162377,0.011183162549077863,100,1000,1,mean_squared_error,128,adam
