round_epochs,val_loss,loss,batch_sizes,epochs,layers,losses,nodes,optimizers
100,0.019262005280160425,0.01746469270437956,100,100,1,mean_squared_error,128,adam
250,0.019702091335726143,0.017303285772225473,100,250,1,mean_squared_error,128,adam
500,0.019681193861155653,0.017152859476592505,100,500,1,mean_squared_error,128,adam
750,0.021211479083826795,0.014904136063926147,100,750,1,mean_squared_error,128,adam
1000,0.02660267090602736,0.010672585822340815,100,1000,1,mean_squared_error,128,adam
