round_epochs,val_loss,loss,batch_sizes,epochs,layers,losses,nodes,optimizers
100,0.013545968040973697,0.01887992104383731,100,100,1,mean_squared_error,128,adam
250,0.013634366610429095,0.018879914402284405,100,250,1,mean_squared_error,128,adam
500,0.013552802352786962,0.018197778791113936,100,500,1,mean_squared_error,128,adam
750,0.013766539938298602,0.016675250675303465,100,750,1,mean_squared_error,128,adam
1000,0.027352830226622035,0.008203111605417698,100,1000,1,mean_squared_error,128,adam
