round_epochs,val_loss,loss,batch_sizes,epochs,layers,losses,nodes,optimizers
100,0.01834633688082048,0.017644301804742128,100,100,1,mean_squared_error,128,adam
250,0.018385477111342564,0.017626788542427198,100,250,1,mean_squared_error,128,adam
500,0.019269333871540114,0.016984118285090333,100,500,1,mean_squared_error,128,adam
750,0.019560338891855437,0.015070768350716492,100,750,1,mean_squared_error,128,adam
1000,0.02833726223389707,0.009946798933952145,100,1000,1,mean_squared_error,128,adam
