round_epochs,val_loss,loss,batch_sizes,epochs,layers,losses,nodes,optimizers
100,0.016584521402890358,0.018102962594253546,100,100,1,mean_squared_error,128,adam
250,0.01647384764261581,0.01815893519387552,100,250,1,mean_squared_error,128,adam
500,0.016507924754341045,0.01790761664472144,100,500,1,mean_squared_error,128,adam
750,0.01877370439282614,0.015834040690514476,100,750,1,mean_squared_error,128,adam
1000,0.022612679731007196,0.011518959939065907,100,1000,1,mean_squared_error,128,adam
