round_epochs,val_loss,loss,batch_sizes,epochs,layers,losses,nodes,optimizers
100,0.02245860465395091,0.01702686994233065,100,100,1,mean_squared_error,128,adam
250,0.02241501780273627,0.016582717046593174,100,250,1,mean_squared_error,128,adam
500,0.024059927474763525,0.015453248058981968,100,500,1,mean_squared_error,128,adam
750,0.023790009048341505,0.013010294115490685,100,750,1,mean_squared_error,128,adam
1000,0.03211214456089478,0.00942962123269234,100,1000,1,mean_squared_error,128,adam
