round_epochs,val_loss,loss,batch_sizes,epochs,layers,losses,nodes,optimizers
100,0.018624932556670516,0.01754407196616133,100,100,1,mean_squared_error,128,adam
250,0.018652678940014624,0.01753326276825233,100,250,1,mean_squared_error,128,adam
500,0.02065312209066434,0.01601284762581039,100,500,1,mean_squared_error,128,adam
750,0.02412270320270529,0.01326157460741774,100,750,1,mean_squared_error,128,adam
1000,0.03753896527479043,0.0062150623745783565,100,1000,1,mean_squared_error,128,adam
