round_epochs,val_loss,loss,batch_sizes,epochs,layers,losses,nodes,optimizers
100,0.02465664504573273,0.016088896435732494,100,100,1,mean_squared_error,128,adam
250,0.024445706004997594,0.015992448867458587,100,250,1,mean_squared_error,128,adam
500,0.02461647299403821,0.01583005121504568,100,500,1,mean_squared_error,128,adam
750,0.028799485827061398,0.0127218008991519,100,750,1,mean_squared_error,128,adam
1000,0.03597091363003505,0.008710756133583308,100,1000,1,mean_squared_error,128,adam
