round_epochs,val_loss,loss,batch_sizes,epochs,layers,losses,nodes,optimizers
100,0.016738639919826732,0.018094265715905812,100,100,1,mean_squared_error,128,adam
250,0.016852487131354198,0.01799689933676461,100,250,1,mean_squared_error,128,adam
500,0.019814551166778233,0.016998953811560916,100,500,1,mean_squared_error,128,adam
750,0.018668408014217215,0.0122381252227257,100,750,1,mean_squared_error,128,adam
1000,0.03950667781895729,0.006261920696359617,100,1000,1,mean_squared_error,128,adam
