round_epochs,val_loss,loss,batch_sizes,epochs,layers,losses,nodes,optimizers
100,0.021586988944953412,0.01682505751912943,100,100,1,mean_squared_error,128,adam
250,0.021439519055636982,0.01682858012447303,100,250,1,mean_squared_error,128,adam
500,0.02133507687298946,0.01653750100163649,100,500,1,mean_squared_error,128,adam
750,0.023826205784726384,0.01424294359737424,100,750,1,mean_squared_error,128,adam
1000,0.0280057957311671,0.012562165450718667,100,1000,1,mean_squared_error,128,adam
