round_epochs,val_loss,loss,batch_sizes,epochs,layers,losses,nodes,optimizers
100,0.017762801923494245,0.017819171616186697,100,100,1,mean_squared_error,128,adam
250,0.018347770733824327,0.017639880910553414,100,250,1,mean_squared_error,128,adam
500,0.01937859118845894,0.016921647184650706,100,500,1,mean_squared_error,128,adam
750,0.02368055142686894,0.011999728064043353,100,750,1,mean_squared_error,128,adam
1000,0.03762689567915159,0.004971554696870347,100,1000,1,mean_squared_error,128,adam
