round_epochs,val_loss,loss,batch_sizes,epochs,layers,losses,nodes,optimizers
100,0.012815282099772637,0.019058576601585657,100,100,1,mean_squared_error,128,adam
250,0.012769564181266718,0.0191227540966462,100,250,1,mean_squared_error,128,adam
500,0.012796244495103706,0.018375476102598688,100,500,1,mean_squared_error,128,adam
750,0.015780288201929935,0.01565003033840295,100,750,1,mean_squared_error,128,adam
1000,0.0218668333418555,0.010245980245691507,100,1000,1,mean_squared_error,128,adam
