round_epochs,val_loss,loss,batch_sizes,epochs,layers,losses,nodes,optimizers
100,0.018044002316704947,0.01774984010203619,100,100,1,mean_squared_error,128,adam
250,0.018241435654423942,0.017757235447678602,100,250,1,mean_squared_error,128,adam
500,0.017917506789891565,0.017261720963311616,100,500,1,mean_squared_error,128,adam
750,0.0259001245488174,0.012608585592284047,100,750,1,mean_squared_error,128,adam
1000,0.028339673039601675,0.008847708971418365,100,1000,1,mean_squared_error,128,adam
