round_epochs,val_loss,loss,batch_sizes,epochs,layers,losses,nodes,optimizers
100,0.0191422877037645,0.017602083268528333,100,100,1,mean_squared_error,128,adam
250,0.019299158863910478,0.017403620064747754,100,250,1,mean_squared_error,128,adam
500,0.019296535024016945,0.016783664393417462,100,500,1,mean_squared_error,128,adam
750,0.026381647158133324,0.012518873741624482,100,750,1,mean_squared_error,128,adam
1000,0.028067347776126024,0.012120077386498451,100,1000,1,mean_squared_error,128,adam
