round_epochs,val_loss,loss,batch_sizes,epochs,layers,losses,nodes,optimizers
100,0.013399684015455557,0.01898454844180231,100,100,1,mean_squared_error,128,adam
250,0.013425138727504404,0.018761181098531293,100,250,1,mean_squared_error,128,adam
500,0.015517162102925119,0.017855494725282747,100,500,1,mean_squared_error,128,adam
750,0.02391588838593145,0.01444448818537322,100,750,1,mean_squared_error,128,adam
1000,0.03072930521439368,0.007973030273040587,100,1000,1,mean_squared_error,128,adam
