round_epochs,val_loss,loss,batch_sizes,epochs,layers,losses,nodes,optimizers
100,0.015312138804463886,0.01840876102108847,100,100,1,mean_squared_error,128,adam
250,0.015523078640801224,0.01842062035575509,100,250,1,mean_squared_error,128,adam
500,0.01651932198048836,0.017541697286445685,100,500,1,mean_squared_error,128,adam
750,0.020164610602747855,0.013933042887447759,100,750,1,mean_squared_error,128,adam
1000,0.026523382192355904,0.011474886074229473,100,1000,1,mean_squared_error,128,adam
