round_epochs,val_loss,loss,batch_sizes,epochs,layers,losses,nodes,optimizers
100,0.014985715839356633,0.018645403027120564,100,100,1,mean_squared_error,128,adam
250,0.015348057168999209,0.018397091342267965,100,250,1,mean_squared_error,128,adam
500,0.015322786334658688,0.018109902763043088,100,500,1,mean_squared_error,128,adam
750,0.015850041267560355,0.01628009181450864,100,750,1,mean_squared_error,128,adam
1000,0.01686103718739059,0.014983039302281056,100,1000,1,mean_squared_error,128,adam
