round_epochs,val_loss,loss,batch_sizes,epochs,layers,losses,nodes,optimizers
100,0.015716824680566788,0.01558904676643227,100,100,1,mean_squared_error,128,adam
250,0.015682218596339226,0.0152003011307498,100,250,1,mean_squared_error,128,adam
500,0.015922856517136097,0.014952135840232205,100,500,1,mean_squared_error,128,adam
750,0.01576046831905842,0.014841568839725766,100,750,1,mean_squared_error,128,adam
1000,0.015672330278903246,0.01480346051286649,100,1000,1,mean_squared_error,128,adam
