round_epochs,val_loss,loss,batch_sizes,epochs,layers,losses,nodes,optimizers
100,0.013704445213079453,0.01607884806574999,100,100,1,mean_squared_error,128,adam
250,0.01374706719070673,0.015680206618230868,100,250,1,mean_squared_error,128,adam
500,0.013618079014122486,0.015466670464803763,100,500,1,mean_squared_error,128,adam
750,0.013442755676805973,0.015399221510835543,100,750,1,mean_squared_error,128,adam
1000,0.013379824347794056,0.015303826948144056,100,1000,1,mean_squared_error,128,adam
