round_epochs,val_loss,loss,batch_sizes,epochs,layers,losses,nodes,optimizers
100,0.014375695493072271,0.015947910884589217,100,100,1,mean_squared_error,128,adam
250,0.014086346607655287,0.015769228704946778,100,250,1,mean_squared_error,128,adam
500,0.013420754577964544,0.01562352289785742,100,500,1,mean_squared_error,128,adam
750,0.012936270330101252,0.015586076498293367,100,750,1,mean_squared_error,128,adam
1000,0.013060091063380241,0.015554907683801921,100,1000,1,mean_squared_error,128,adam
