round_epochs,val_loss,loss,batch_sizes,epochs,layers,losses,nodes,optimizers
100,0.012968510389328003,0.016293159865983384,100,100,1,mean_squared_error,128,adam
250,0.012679848819971085,0.015951751662392537,100,250,1,mean_squared_error,128,adam
500,0.012699338607490063,0.015638366764600634,100,500,1,mean_squared_error,128,adam
750,0.012658149003982544,0.015612601655461782,100,750,1,mean_squared_error,128,adam
1000,0.01254581706598401,0.015522238409317273,100,1000,1,mean_squared_error,128,adam
