round_epochs,val_loss,loss,batch_sizes,epochs,layers,losses,nodes,optimizers
100,0.017087925225496292,0.015230959808334726,100,100,1,mean_squared_error,128,adam
250,0.017005286179482937,0.015161846765554236,100,250,1,mean_squared_error,128,adam
500,0.016459706239402294,0.014669605146350346,100,500,1,mean_squared_error,128,adam
750,0.01644720509648323,0.014589668106675672,100,750,1,mean_squared_error,128,adam
1000,0.016707580536603928,0.01442216915152079,100,1000,1,mean_squared_error,128,adam
