round_epochs,val_loss,loss,batch_sizes,epochs,layers,losses,nodes,optimizers
100,0.014380685053765774,0.015887997591099146,100,100,1,mean_squared_error,128,adam
250,0.014153442811220884,0.015580345090090705,100,250,1,mean_squared_error,128,adam
500,0.014085358008742332,0.015255466954247416,100,500,1,mean_squared_error,128,adam
750,0.014036300592124462,0.015208784694148875,100,750,1,mean_squared_error,128,adam
1000,0.01406440231949091,0.015151042784499927,100,1000,1,mean_squared_error,128,adam
