round_epochs,val_loss,loss,batch_sizes,epochs,layers,losses,nodes,optimizers
100,0.011537233367562294,0.016661407970537057,100,100,1,mean_squared_error,128,adam
250,0.011341236531734467,0.016560647739483094,100,250,1,mean_squared_error,128,adam
500,0.011012156493961811,0.01607012054374631,100,500,1,mean_squared_error,128,adam
750,0.011135316453874111,0.015977184878314007,100,750,1,mean_squared_error,128,adam
1000,0.01103831548243761,0.015896290257909666,100,1000,1,mean_squared_error,128,adam
