round_epochs,val_loss,loss,batch_sizes,epochs,layers,losses,nodes,optimizers
100,0.014292578678578138,0.016001689039787728,100,100,1,mean_squared_error,128,adam
250,0.013901484664529562,0.015720461699714326,100,250,1,mean_squared_error,128,adam
500,0.013479109853506088,0.015541729904066215,100,500,1,mean_squared_error,128,adam
750,0.013942264951765537,0.015280863855599684,100,750,1,mean_squared_error,128,adam
1000,0.013908791821449995,0.015218869108739432,100,1000,1,mean_squared_error,128,adam
