round_epochs,val_loss,loss,batch_sizes,epochs,layers,losses,nodes,optimizers
100,0.017137225717306137,0.015177784186123007,100,100,1,mean_squared_error,128,adam
250,0.01716137956827879,0.014923246012979573,100,250,1,mean_squared_error,128,adam
500,0.01734918635338545,0.014489990583103305,100,500,1,mean_squared_error,128,adam
750,0.0174564765766263,0.014355931664762114,100,750,1,mean_squared_error,128,adam
1000,0.017568006180226803,0.014327733991305382,100,1000,1,mean_squared_error,128,adam
