round_epochs,val_loss,loss,batch_sizes,epochs,layers,losses,nodes,optimizers
100,0.017251329962164164,0.015170965632341962,100,100,1,mean_squared_error,128,adam
250,0.01767017040401697,0.014785405683098654,100,250,1,mean_squared_error,128,adam
500,0.018029499799013138,0.014371711704669663,100,500,1,mean_squared_error,128,adam
750,0.018036650493741035,0.01428645241589588,100,750,1,mean_squared_error,128,adam
1000,0.017888449132442474,0.014241028609808295,100,1000,1,mean_squared_error,128,adam
