round_epochs,val_loss,loss,batch_sizes,epochs,layers,losses,nodes,optimizers
100,0.01279918197542429,0.016381605391576418,100,100,1,mean_squared_error,128,adam
250,0.012356152758002281,0.016054918185586912,100,250,1,mean_squared_error,128,adam
500,0.012187180109322071,0.015854344446179336,100,500,1,mean_squared_error,128,adam
750,0.012083707377314568,0.015741808096898097,100,750,1,mean_squared_error,128,adam
1000,0.012133270036429167,0.01559242823977991,100,1000,1,mean_squared_error,128,adam
