round_epochs,val_loss,loss,batch_sizes,epochs,layers,losses,nodes,optimizers
100,0.016968823969364166,0.015387335198567982,100,100,1,mean_squared_error,128,adam
250,0.016564534977078438,0.015214059373347494,100,250,1,mean_squared_error,128,adam
500,0.015992680564522743,0.014958297375734508,100,500,1,mean_squared_error,128,adam
750,0.015769362449645996,0.014871625454075063,100,750,1,mean_squared_error,128,adam
1000,0.015650888439267874,0.01481006402111001,100,1000,1,mean_squared_error,128,adam
