round_epochs,val_loss,loss,batch_sizes,epochs,layers,losses,nodes,optimizers
100,0.012324533890932798,0.01644326421377276,100,100,1,mean_squared_error,128,adam
250,0.0119980382733047,0.01622413357759509,100,250,1,mean_squared_error,128,adam
500,0.011806906200945377,0.01584016915569678,100,500,1,mean_squared_error,128,adam
750,0.01175240520387888,0.01577047010886026,100,750,1,mean_squared_error,128,adam
1000,0.011731690261512995,0.015761960546720955,100,1000,1,mean_squared_error,128,adam
