round_epochs,val_loss,loss,batch_sizes,epochs,layers,losses,nodes,optimizers
100,0.019367889501154423,0.014687626806077275,100,100,1,mean_squared_error,128,adam
250,0.01975887268781662,0.014283398066973372,100,250,1,mean_squared_error,128,adam
500,0.019584312103688717,0.01389017510911452,100,500,1,mean_squared_error,128,adam
750,0.019798257388174534,0.013824944268711089,100,750,1,mean_squared_error,128,adam
1000,0.019522950053215027,0.01381927036062126,100,1000,1,mean_squared_error,128,adam
