round_epochs,val_loss,loss,batch_sizes,epochs,layers,losses,nodes,optimizers
100,0.017729387618601322,0.015089667024770973,100,100,1,mean_squared_error,128,adam
250,0.017446130979806185,0.014912162036862846,100,250,1,mean_squared_error,128,adam
500,0.017031255178153515,0.014650109603795383,100,500,1,mean_squared_error,128,adam
750,0.01689318288117647,0.01455794288829399,100,750,1,mean_squared_error,128,adam
1000,0.016800615936517715,0.014476784620635034,100,1000,1,mean_squared_error,128,adam
