round_epochs,val_loss,loss,batch_sizes,epochs,layers,losses,nodes,optimizers
100,0.011609406676143408,0.01664427053206688,100,100,1,mean_squared_error,128,adam
250,0.012153678108006716,0.01615742949939507,100,250,1,mean_squared_error,128,adam
500,0.011974906548857689,0.016091219744314364,100,500,1,mean_squared_error,128,adam
750,0.011625210754573345,0.015945216044877076,100,750,1,mean_squared_error,128,adam
1000,0.011537156067788601,0.015874539852525613,100,1000,1,mean_squared_error,128,adam
