round_epochs,val_loss,loss,batch_sizes,epochs,layers,losses,nodes,optimizers
100,0.016265933867543936,0.015508650936457414,100,100,1,mean_squared_error,128,adam
250,0.015776584390550852,0.015359479193125794,100,250,1,mean_squared_error,128,adam
500,0.015290833078324795,0.015175264824177121,100,500,1,mean_squared_error,128,adam
750,0.015100948978215456,0.014971183456358976,100,750,1,mean_squared_error,128,adam
1000,0.015081974677741528,0.0149458303797518,100,1000,1,mean_squared_error,128,adam
