round_epochs,val_loss,loss,batch_sizes,epochs,layers,losses,nodes,optimizers
100,0.01842906652018428,0.014950583811610975,100,100,1,mean_squared_error,128,adam
250,0.017992914654314518,0.014764029705614188,100,250,1,mean_squared_error,128,adam
500,0.018008706625550985,0.014521110674349996,100,500,1,mean_squared_error,128,adam
750,0.01837349496781826,0.014234820377301317,100,750,1,mean_squared_error,128,adam
1000,0.01833073515444994,0.014153684642507111,100,1000,1,mean_squared_error,128,adam
