round_epochs,val_loss,loss,batch_sizes,epochs,layers,losses,nodes,optimizers
100,0.016594509594142437,0.015415825918457065,100,100,1,mean_squared_error,128,adam
250,0.01621321588754654,0.015167765750536879,100,250,1,mean_squared_error,128,adam
500,0.015766596421599388,0.01490597691681409,100,500,1,mean_squared_error,128,adam
750,0.015756565146148205,0.014815879615264451,100,750,1,mean_squared_error,128,adam
1000,0.015734765212982893,0.01470947758513158,100,1000,1,mean_squared_error,128,adam
