round_epochs,val_loss,loss,batch_sizes,epochs,layers,losses,nodes,optimizers
100,0.01953980140388012,0.014684287052942788,100,100,1,mean_squared_error,128,adam
250,0.019006741233170033,0.014335640343876003,100,250,1,mean_squared_error,128,adam
500,0.018791597336530685,0.014093794328262247,100,500,1,mean_squared_error,128,adam
750,0.018790559843182564,0.014061653459563834,100,750,1,mean_squared_error,128,adam
1000,0.01886643748730421,0.014039020646489698,100,1000,1,mean_squared_error,128,adam
