round_epochs,val_loss,loss,batch_sizes,epochs,layers,losses,nodes,optimizers
100,0.013418153394013643,0.016185514759763122,100,100,1,mean_squared_error,128,adam
250,0.013581863138824701,0.015645252566415364,100,250,1,mean_squared_error,128,adam
500,0.013885120395570993,0.015467313777332847,100,500,1,mean_squared_error,128,adam
750,0.013701884541660547,0.015427868259390595,100,750,1,mean_squared_error,128,adam
1000,0.013612407725304365,0.015358933258142644,100,1000,1,mean_squared_error,128,adam
