round_epochs,val_loss,loss,batch_sizes,epochs,layers,losses,nodes,optimizers
100,0.01195836067199707,0.016554147738921297,100,100,1,mean_squared_error,128,adam
250,0.011870707385241985,0.016176057215242495,100,250,1,mean_squared_error,128,adam
500,0.011855323798954487,0.015848556977499234,100,500,1,mean_squared_error,128,adam
750,0.0118320994079113,0.015766297319817497,100,750,1,mean_squared_error,128,adam
1000,0.011909404303878546,0.015686213860342014,100,1000,1,mean_squared_error,128,adam
