round_epochs,val_loss,loss,batch_sizes,epochs,layers,losses,nodes,optimizers
100,0.017096824012696743,0.015285721324487044,100,100,1,mean_squared_error,128,adam
250,0.01695268414914608,0.015034245614574724,100,250,1,mean_squared_error,128,adam
500,0.01674751564860344,0.014615375402534247,100,500,1,mean_squared_error,128,adam
750,0.016732702031731606,0.01457903614569189,100,750,1,mean_squared_error,128,adam
1000,0.016700089909136295,0.014558912676711154,100,1000,1,mean_squared_error,128,adam
