round_epochs,val_loss,loss,batch_sizes,epochs,layers,losses,nodes,optimizers
100,0.015528519172221422,0.015624828456691846,100,100,1,mean_squared_error,128,adam
250,0.015749283600598574,0.015548744788124616,100,250,1,mean_squared_error,128,adam
500,0.015494416002184153,0.014913082648643586,100,500,1,mean_squared_error,128,adam
750,0.015473884530365467,0.014854166046757171,100,750,1,mean_squared_error,128,adam
1000,0.015452615916728973,0.014845730713480988,100,1000,1,mean_squared_error,128,adam
