round_epochs,val_loss,loss,batch_sizes,epochs,layers,losses,nodes,optimizers
100,0.013413192238658667,0.016165076763166985,100,100,1,mean_squared_error,128,adam
250,0.013442476745694876,0.015868986544282253,100,250,1,mean_squared_error,128,adam
500,0.013722686097025871,0.015583455771759357,100,500,1,mean_squared_error,128,adam
750,0.013118866365402937,0.01549509724127678,100,750,1,mean_squared_error,128,adam
1000,0.013210919220000505,0.015484511038963887,100,1000,1,mean_squared_error,128,adam
