round_epochs,val_loss,loss,batch_sizes,epochs,layers,losses,nodes,optimizers
100,0.014166503213346004,0.015953938709279823,100,100,1,mean_squared_error,128,adam
250,0.014005048666149378,0.015618961463346985,100,250,1,mean_squared_error,128,adam
500,0.01382524287328124,0.015343200338249523,100,500,1,mean_squared_error,128,adam
750,0.013770805671811104,0.0152803654963597,100,750,1,mean_squared_error,128,adam
1000,0.013909475412219763,0.015128665893494035,100,1000,1,mean_squared_error,128,adam
