round_epochs,val_loss,loss,batch_sizes,epochs,layers,losses,nodes,optimizers
100,0.01148766465485096,0.01673254214339379,100,100,1,mean_squared_error,128,adam
250,0.011065863072872162,0.016371410952383182,100,250,1,mean_squared_error,128,adam
500,0.010941983666270971,0.016114829050860785,100,500,1,mean_squared_error,128,adam
750,0.011028334964066744,0.015976024195645356,100,750,1,mean_squared_error,128,adam
1000,0.011045973282307386,0.015886471264410198,100,1000,1,mean_squared_error,128,adam
