round_epochs,val_loss,loss,batch_sizes,epochs,layers,losses,nodes,optimizers
100,0.016967165749520063,0.015338269662967365,100,100,1,mean_squared_error,128,adam
250,0.017246524803340435,0.014903280414276321,100,250,1,mean_squared_error,128,adam
500,0.01722978986799717,0.014647848766245686,100,500,1,mean_squared_error,128,adam
750,0.0172666241414845,0.014640089528754336,100,750,1,mean_squared_error,128,adam
1000,0.016921014990657568,0.014588222554984176,100,1000,1,mean_squared_error,128,adam
