round_epochs,val_loss,loss,batch_sizes,epochs,layers,losses,nodes,optimizers
100,0.019126046448946,0.014783281575855676,100,100,1,mean_squared_error,128,adam
250,0.01903677172958851,0.014488560256257261,100,250,1,mean_squared_error,128,adam
500,0.018895932473242283,0.014223369827010252,100,500,1,mean_squared_error,128,adam
750,0.018784466199576855,0.014203517783054594,100,750,1,mean_squared_error,128,adam
1000,0.018889914266765118,0.01409592795906731,100,1000,1,mean_squared_error,128,adam
