round_epochs,val_loss,loss,batch_sizes,epochs,layers,losses,nodes,optimizers
100,0.013526995200663805,0.016211526314149537,100,100,1,mean_squared_error,128,adam
250,0.013347847387194633,0.015820362220706426,100,250,1,mean_squared_error,128,adam
500,0.01351442001760006,0.015479520256566806,100,500,1,mean_squared_error,128,adam
750,0.01330109965056181,0.015396557619778845,100,750,1,mean_squared_error,128,adam
1000,0.013241464272141457,0.01532533288427361,100,1000,1,mean_squared_error,128,adam
