round_epochs,val_loss,loss,batch_sizes,epochs,layers,losses,nodes,optimizers
100,0.012868289835751057,0.01626559693034425,100,100,1,mean_squared_error,128,adam
250,0.012884635478258133,0.015850613127407646,100,250,1,mean_squared_error,128,adam
500,0.013064695987850428,0.015588417118754111,100,500,1,mean_squared_error,128,adam
750,0.013024836778640747,0.01545463237616992,100,750,1,mean_squared_error,128,adam
1000,0.013159597292542458,0.015331140746230463,100,1000,1,mean_squared_error,128,adam
