round_epochs,val_loss,loss,batch_sizes,epochs,layers,losses,nodes,optimizers
100,0.01695052720606327,0.015304608546300245,100,100,1,mean_squared_error,128,adam
250,0.016810606233775616,0.015050428260440285,100,250,1,mean_squared_error,128,adam
500,0.016251401975750923,0.014867730825494418,100,500,1,mean_squared_error,128,adam
750,0.01601853407919407,0.014794664455103307,100,750,1,mean_squared_error,128,adam
1000,0.01592222973704338,0.014778213332427041,100,1000,1,mean_squared_error,128,adam
