round_epochs,val_loss,loss,batch_sizes,epochs,layers,losses,nodes,optimizers
100,0.014361311215907335,0.015934394913231266,100,100,1,mean_squared_error,128,adam
250,0.014158267062157393,0.015636823967407683,100,250,1,mean_squared_error,128,adam
500,0.014099624007940292,0.015404409441484636,100,500,1,mean_squared_error,128,adam
750,0.013883363921195269,0.015247489901790057,100,750,1,mean_squared_error,128,adam
1000,0.013888576999306679,0.015252562977111849,100,1000,1,mean_squared_error,128,adam
