round_epochs,val_loss,loss,batch_sizes,epochs,layers,losses,nodes,optimizers
100,0.014171198476105928,0.016005921697564228,100,100,1,mean_squared_error,128,adam
250,0.013956246431916952,0.01577411289823474,100,250,1,mean_squared_error,128,adam
500,0.013687072787433863,0.01541795294119543,100,500,1,mean_squared_error,128,adam
750,0.013523673173040152,0.015381545118211652,100,750,1,mean_squared_error,128,adam
1000,0.013656405732035637,0.015347125443397383,100,1000,1,mean_squared_error,128,adam
