round_epochs,val_loss,loss,batch_sizes,epochs,layers,losses,nodes,optimizers
100,0.020324695389717817,0.014417945924992095,100,100,1,mean_squared_error,128,adam
250,0.020131575874984264,0.014055826115787703,100,250,1,mean_squared_error,128,adam
500,0.020264956634491682,0.013731561423544602,100,500,1,mean_squared_error,128,adam
750,0.02025838615372777,0.01367041229304286,100,750,1,mean_squared_error,128,adam
1000,0.020273751579225063,0.013562553448875995,100,1000,1,mean_squared_error,128,adam
