round_epochs,val_loss,loss,batch_sizes,epochs,layers,losses,nodes,optimizers
100,0.01601122599095106,0.01557680032446214,100,100,1,mean_squared_error,128,adam
250,0.015709311701357365,0.015249212238577708,100,250,1,mean_squared_error,128,adam
500,0.015424217097461224,0.01491448606879753,100,500,1,mean_squared_error,128,adam
750,0.015405098907649517,0.01487425878793562,100,750,1,mean_squared_error,128,adam
1000,0.015379496850073338,0.014783754505432086,100,1000,1,mean_squared_error,128,adam
