round_epochs,val_loss,loss,batch_sizes,epochs,layers,losses,nodes,optimizers
100,0.019533770624548197,0.014648446257002979,100,100,1,mean_squared_error,128,adam
250,0.019425892271101475,0.014340527726096595,100,250,1,mean_squared_error,128,adam
500,0.019514292012900114,0.01413645501712447,100,500,1,mean_squared_error,128,adam
750,0.019234575796872377,0.01402750560123394,100,750,1,mean_squared_error,128,adam
1000,0.019019141793251038,0.013918899925170909,100,1000,1,mean_squared_error,128,adam
