round_epochs,val_loss,loss,batch_sizes,epochs,layers,losses,nodes,optimizers
100,0.01743042701855302,0.015160607981496727,100,100,1,mean_squared_error,128,adam
250,0.017090265173465014,0.014875805828079973,100,250,1,mean_squared_error,128,adam
500,0.017036931589245796,0.014519887909741892,100,500,1,mean_squared_error,128,adam
750,0.017083254177123308,0.014555182503103985,100,750,1,mean_squared_error,128,adam
1000,0.0169907808303833,0.014448286402255409,100,1000,1,mean_squared_error,128,adam
