round_epochs,val_loss,loss,batch_sizes,epochs,layers,losses,nodes,optimizers
100,0.018218556884676218,0.014941952974211841,100,100,1,mean_squared_error,128,adam
250,0.018237687647342682,0.014612355656276832,100,250,1,mean_squared_error,128,adam
500,0.018222049344331026,0.014243997157863347,100,500,1,mean_squared_error,128,adam
750,0.01820632815361023,0.014152286920130926,100,750,1,mean_squared_error,128,adam
1000,0.01828798744827509,0.014043262575424674,100,1000,1,mean_squared_error,128,adam
