round_epochs,val_loss,loss,batch_sizes,epochs,layers,losses,nodes,optimizers
100,0.019437801092863083,0.014693046773934603,100,100,1,mean_squared_error,128,adam
250,0.01904545072466135,0.014558669048802018,100,250,1,mean_squared_error,128,adam
500,0.01857714168727398,0.014231125965546185,100,500,1,mean_squared_error,128,adam
750,0.018327473662793636,0.014189728109196408,100,750,1,mean_squared_error,128,adam
1000,0.01820899685844779,0.014243824862018507,100,1000,1,mean_squared_error,128,adam
