round_epochs,val_loss,loss,batch_sizes,epochs,layers,losses,nodes,optimizers
100,0.0021385943982750177,0.0029997395966762917,100,100,1,mean_squared_error,128,adam
250,0.0021381693077273667,0.0029855852387494957,100,250,1,mean_squared_error,128,adam
500,0.0021632496500387788,0.003056262523097125,100,500,1,mean_squared_error,128,adam
750,0.002094922063406557,0.0029404563922785605,100,750,1,mean_squared_error,128,adam
1000,0.0021589123643934727,0.0028801218967609006,100,1000,1,mean_squared_error,128,adam
