round_epochs,val_loss,loss,batch_sizes,epochs,layers,losses,nodes,optimizers
100,0.002098116499837488,0.003043649542885114,100,100,1,mean_squared_error,128,adam
250,0.0022907329257577658,0.003020880593704422,100,250,1,mean_squared_error,128,adam
500,0.002404723083600402,0.0029817402496912903,100,500,1,mean_squared_error,128,adam
750,0.0025548026897013187,0.0029723503474389183,100,750,1,mean_squared_error,128,adam
1000,0.0023798412876203656,0.002978202727520453,100,1000,1,mean_squared_error,128,adam
