round_epochs,val_loss,loss,batch_sizes,epochs,layers,losses,nodes,optimizers
100,0.003805819433182478,0.002613790931561062,100,100,1,mean_squared_error,128,adam
250,0.0037149112904444337,0.0025792049122518547,100,250,1,mean_squared_error,128,adam
500,0.0037329569458961487,0.002619534982876663,100,500,1,mean_squared_error,128,adam
750,0.00370603718329221,0.002571665624640368,100,750,1,mean_squared_error,128,adam
1000,0.0037252354668453336,0.0025544561443668107,100,1000,1,mean_squared_error,128,adam
