round_epochs,val_loss,loss,batch_sizes,epochs,layers,losses,nodes,optimizers
100,0.0019188995356671512,0.0031009439818346068,100,100,1,mean_squared_error,128,adam
250,0.0018947441130876541,0.0030329655741961905,100,250,1,mean_squared_error,128,adam
500,0.0018968709046021104,0.0030124982079278344,100,500,1,mean_squared_error,128,adam
750,0.001892418775241822,0.0030464556671730434,100,750,1,mean_squared_error,128,adam
1000,0.0018726461566984653,0.002971662219173837,100,1000,1,mean_squared_error,128,adam
