round_epochs,val_loss,loss,batch_sizes,epochs,layers,losses,nodes,optimizers
100,0.002585139940492809,0.0029073429765434492,100,100,1,mean_squared_error,128,adam
250,0.0025399851729162037,0.0028795406831150297,100,250,1,mean_squared_error,128,adam
500,0.002549168944824487,0.0028894841484024356,100,500,1,mean_squared_error,128,adam
750,0.0024923845776356757,0.002877091853955347,100,750,1,mean_squared_error,128,adam
1000,0.0024857139214873314,0.0028465894276423465,100,1000,1,mean_squared_error,128,adam
