round_epochs,val_loss,loss,batch_sizes,epochs,layers,losses,nodes,optimizers
100,0.0019154366455040872,0.0030679311106680254,100,100,1,mean_squared_error,128,adam
250,0.0019367755739949644,0.003060301481261195,100,250,1,mean_squared_error,128,adam
500,0.001959116489160806,0.0030001617034422783,100,500,1,mean_squared_error,128,adam
750,0.0019395198323763907,0.003044269194182621,100,750,1,mean_squared_error,128,adam
1000,0.0018960360321216285,0.002983540224835716,100,1000,1,mean_squared_error,128,adam
