round_epochs,val_loss,loss,batch_sizes,epochs,layers,losses,nodes,optimizers
100,0.0027122078463435173,0.0029111930883140157,100,100,1,mean_squared_error,128,adam
250,0.002607832313515246,0.0029407531131699287,100,250,1,mean_squared_error,128,adam
500,0.0026988951140083373,0.0028838852179146734,100,500,1,mean_squared_error,128,adam
750,0.0027016522944904864,0.0028836955950295126,100,750,1,mean_squared_error,128,adam
1000,0.0025960344937629998,0.0028820431062664222,100,1000,1,mean_squared_error,128,adam
