round_epochs,val_loss,loss,batch_sizes,epochs,layers,losses,nodes,optimizers
100,0.0033103222958743572,0.002726247963008273,100,100,1,mean_squared_error,128,adam
250,0.003223433275707066,0.0027075130929188848,100,250,1,mean_squared_error,128,adam
500,0.0031771049834787846,0.0027135055292505242,100,500,1,mean_squared_error,128,adam
750,0.003170079318806529,0.002715315365371583,100,750,1,mean_squared_error,128,adam
1000,0.003151895827613771,0.002707786659722963,100,1000,1,mean_squared_error,128,adam
