round_epochs,val_loss,loss,batch_sizes,epochs,layers,losses,nodes,optimizers
100,0.004796318244189024,0.0023429558222115487,100,100,1,mean_squared_error,128,adam
250,0.004799273447133601,0.002328032306646706,100,250,1,mean_squared_error,128,adam
500,0.004823776660487056,0.0023335327547384776,100,500,1,mean_squared_error,128,adam
750,0.0048315871972590685,0.0022721118279095914,100,750,1,mean_squared_error,128,adam
1000,0.004833699204027653,0.002258333423405119,100,1000,1,mean_squared_error,128,adam
