round_epochs,val_loss,loss,batch_sizes,epochs,layers,losses,nodes,optimizers
100,0.0052354722283780575,0.002260271101077572,100,100,1,mean_squared_error,128,adam
250,0.00535377929918468,0.002237323760388038,100,250,1,mean_squared_error,128,adam
500,0.005321685457602143,0.0022260046409503785,100,500,1,mean_squared_error,128,adam
750,0.005304911872372031,0.002158011281319486,100,750,1,mean_squared_error,128,adam
1000,0.005316701019182801,0.002130663922901407,100,1000,1,mean_squared_error,128,adam
