round_epochs,val_loss,loss,batch_sizes,epochs,layers,losses,nodes,optimizers
100,0.004929697548504919,0.0024139920335468678,100,100,1,mean_squared_error,128,adam
250,0.004843803821131587,0.0023743563662943345,100,250,1,mean_squared_error,128,adam
500,0.00488313875393942,0.0023099800070497667,100,500,1,mean_squared_error,128,adam
750,0.004986099200323224,0.002278169210698722,100,750,1,mean_squared_error,128,adam
1000,0.004930660128593445,0.0022662674346202553,100,1000,1,mean_squared_error,128,adam
