round_epochs,val_loss,loss,batch_sizes,epochs,layers,losses,nodes,optimizers
100,0.003296544891782105,0.002749173789795773,100,100,1,mean_squared_error,128,adam
250,0.003216495970264077,0.0027045202400614804,100,250,1,mean_squared_error,128,adam
500,0.0032224460737779737,0.0027001557849497164,100,500,1,mean_squared_error,128,adam
750,0.003220764803700149,0.002709689424776354,100,750,1,mean_squared_error,128,adam
1000,0.0032212409423664212,0.0027066807527272698,100,1000,1,mean_squared_error,128,adam
