round_epochs,val_loss,loss,batch_sizes,epochs,layers,losses,nodes,optimizers
100,0.001790167996659875,0.0031485965874494806,100,100,1,mean_squared_error,128,adam
250,0.001679812849033624,0.003102812532176599,100,250,1,mean_squared_error,128,adam
500,0.0016616886714473367,0.0030823025064849047,100,500,1,mean_squared_error,128,adam
750,0.0016462227795273066,0.003091318576936721,100,750,1,mean_squared_error,128,adam
1000,0.0016541299410164356,0.0030378599460102345,100,1000,1,mean_squared_error,128,adam
