round_epochs,val_loss,loss,batch_sizes,epochs,layers,losses,nodes,optimizers
100,0.0038857055478729308,0.002559530421234948,100,100,1,mean_squared_error,128,adam
250,0.003899068746250123,0.00264672546909241,100,250,1,mean_squared_error,128,adam
500,0.003967951517552137,0.0025029546745387907,100,500,1,mean_squared_error,128,adam
750,0.004000485583674163,0.0024426895789124324,100,750,1,mean_squared_error,128,adam
1000,0.004049491952173412,0.0024282094532299034,100,1000,1,mean_squared_error,128,adam
