round_epochs,val_loss,loss,batch_sizes,epochs,layers,losses,nodes,optimizers
100,0.002546952455304563,0.002902282935647829,100,100,1,mean_squared_error,128,adam
250,0.0026433045277372003,0.0028766157985472096,100,250,1,mean_squared_error,128,adam
500,0.002582650166004896,0.0028617870126274817,100,500,1,mean_squared_error,128,adam
750,0.0026541388360783458,0.0027900941668772415,100,750,1,mean_squared_error,128,adam
1000,0.0027458370896056294,0.0027243480988435793,100,1000,1,mean_squared_error,128,adam
