round_epochs,val_loss,loss,batch_sizes,epochs,layers,losses,nodes,optimizers
100,0.002470096980687231,0.002931202364234789,100,100,1,mean_squared_error,128,adam
250,0.002616346173454076,0.0028699761317339417,100,250,1,mean_squared_error,128,adam
500,0.0027148136869072914,0.002881555700875641,100,500,1,mean_squared_error,128,adam
750,0.0026682158932089806,0.002854761559167968,100,750,1,mean_squared_error,128,adam
1000,0.0026540568796917796,0.0028580323393647107,100,1000,1,mean_squared_error,128,adam
