round_epochs,val_loss,loss,batch_sizes,epochs,layers,losses,nodes,optimizers
100,0.003066351870074868,0.002887001955224998,100,100,1,mean_squared_error,128,adam
250,0.0030164779163897038,0.002791558147537776,100,250,1,mean_squared_error,128,adam
500,0.002981663099490106,0.0027973211671014223,100,500,1,mean_squared_error,128,adam
750,0.0029750559478998184,0.002808501266195454,100,750,1,mean_squared_error,128,adam
1000,0.0029191828798502684,0.002735873600152535,100,1000,1,mean_squared_error,128,adam
