round_epochs,val_loss,loss,batch_sizes,epochs,layers,losses,nodes,optimizers
100,0.003295894362963736,0.0028161451102490334,100,100,1,mean_squared_error,128,adam
250,0.0033068713964894414,0.002733799060713149,100,250,1,mean_squared_error,128,adam
500,0.0035379993496462703,0.0027369674154378502,100,500,1,mean_squared_error,128,adam
750,0.003307690261863172,0.002707350568803801,100,750,1,mean_squared_error,128,adam
1000,0.0034074235009029508,0.0027007266802834802,100,1000,1,mean_squared_error,128,adam
