round_epochs,val_loss,loss,batch_sizes,epochs,layers,losses,nodes,optimizers
100,0.0044416537620688805,0.003331730345080635,100,100,1,mean_squared_error,128,adam
250,0.004253565806464933,0.0031468557855913962,100,250,1,mean_squared_error,128,adam
500,0.0039045260704342446,0.0029994210268304957,100,500,1,mean_squared_error,128,adam
750,0.004213989936938538,0.002465689240841929,100,750,1,mean_squared_error,128,adam
1000,0.004566254010002817,0.002357341185379115,100,1000,1,mean_squared_error,128,adam
