round_epochs,val_loss,loss,batch_sizes,epochs,layers,losses,nodes,optimizers
100,0.002235428831451128,0.0037706165910801953,100,100,1,mean_squared_error,128,adam
250,0.001827749190852046,0.0033841215998917404,100,250,1,mean_squared_error,128,adam
500,0.001948942488232562,0.0032366111914561404,100,500,1,mean_squared_error,128,adam
750,0.002420814629485035,0.0027033668034945175,100,750,1,mean_squared_error,128,adam
1000,0.0024105102986789976,0.002390648229247561,100,1000,1,mean_squared_error,128,adam
