round_epochs,val_loss,loss,batch_sizes,epochs,layers,losses,nodes,optimizers
100,0.0033366752662064144,0.0036055216991408455,100,100,1,mean_squared_error,128,adam
250,0.003584220406398102,0.003224569061803961,100,250,1,mean_squared_error,128,adam
500,0.0032175971527382656,0.0028721196682785044,100,500,1,mean_squared_error,128,adam
750,0.006755966856963371,0.0023965107678609776,100,750,1,mean_squared_error,128,adam
1000,0.005675978895426545,0.0021172629862158286,100,1000,1,mean_squared_error,128,adam
