round_epochs,val_loss,loss,batch_sizes,epochs,layers,losses,nodes,optimizers
100,0.0018074209872052896,0.0038692904007150745,100,100,1,mean_squared_error,128,adam
250,0.001892289297711385,0.0033681474416163946,100,250,1,mean_squared_error,128,adam
500,0.0019865089643690452,0.003156083401685317,100,500,1,mean_squared_error,128,adam
750,0.0029448125951329067,0.0026215491784063894,100,750,1,mean_squared_error,128,adam
1000,0.0020476967721110464,0.0023502253805583514,100,1000,1,mean_squared_error,128,adam
