round_epochs,val_loss,loss,batch_sizes,epochs,layers,losses,nodes,optimizers
100,0.0022675929153478476,0.0038363287017229154,100,100,1,mean_squared_error,128,adam
250,0.0024232121895830234,0.00335337875429729,100,250,1,mean_squared_error,128,adam
500,0.003380789793559804,0.003103254923263019,100,500,1,mean_squared_error,128,adam
750,0.004023681638116513,0.002454981954257954,100,750,1,mean_squared_error,128,adam
1000,0.0027862437602937523,0.002407304423148603,100,1000,1,mean_squared_error,128,adam
