round_epochs,val_loss,loss,batch_sizes,epochs,layers,losses,nodes,optimizers
100,0.0016254440386400525,0.00395145633721235,100,100,1,mean_squared_error,128,adam
250,0.001436957637849615,0.003534628961451653,100,250,1,mean_squared_error,128,adam
500,0.0023102576413833015,0.0031218673231908018,100,500,1,mean_squared_error,128,adam
750,0.0026810678838279528,0.002580150957466244,100,750,1,mean_squared_error,128,adam
1000,0.002898516477408571,0.002414936702633794,100,1000,1,mean_squared_error,128,adam
