round_epochs,val_loss,loss,batch_sizes,epochs,layers,losses,nodes,optimizers
100,0.0034059533233936857,0.003567028564349231,100,100,1,mean_squared_error,128,adam
250,0.002282247317009535,0.003326975049643843,100,250,1,mean_squared_error,128,adam
500,0.0020989975576106478,0.00314349492787233,100,500,1,mean_squared_error,128,adam
750,0.00388522143358711,0.002384881655370459,100,750,1,mean_squared_error,128,adam
1000,0.0035103217490373094,0.002322573926490308,100,1000,1,mean_squared_error,128,adam
