round_epochs,val_loss,loss,batch_sizes,epochs,layers,losses,nodes,optimizers
100,0.004490436621047743,0.0031282681850669436,100,100,1,mean_squared_error,128,adam
250,0.006332443234974041,0.0026631553182872294,100,250,1,mean_squared_error,128,adam
500,0.005819718779331476,0.002589302446465055,100,500,1,mean_squared_error,128,adam
750,0.007297160071157031,0.002510453154558711,100,750,1,mean_squared_error,128,adam
1000,0.005894314025027968,0.002314138095243834,100,1000,1,mean_squared_error,128,adam
