round_epochs,val_loss,loss,batch_sizes,epochs,layers,losses,nodes,optimizers
100,0.0027390852600953836,0.003628269818639665,100,100,1,mean_squared_error,128,adam
250,0.0026751789978082907,0.003110518720473699,100,250,1,mean_squared_error,128,adam
500,0.0027869981479592357,0.003017502665199866,100,500,1,mean_squared_error,128,adam
750,0.0038039020447519106,0.0026256200299490094,100,750,1,mean_squared_error,128,adam
1000,0.0027730011793050033,0.0023841370676757033,100,1000,1,mean_squared_error,128,adam
