round_epochs,val_loss,loss,batch_sizes,epochs,layers,losses,nodes,optimizers
100,0.004883296214437215,0.0032082527762424726,100,100,1,mean_squared_error,128,adam
250,0.004577913050113911,0.003036393298040793,100,250,1,mean_squared_error,128,adam
500,0.006791409666664037,0.0026150667784744968,100,500,1,mean_squared_error,128,adam
750,0.0076679089878821495,0.0022604439486667155,100,750,1,mean_squared_error,128,adam
1000,0.007681794230587518,0.0021549314589738243,100,1000,1,mean_squared_error,128,adam
