round_epochs,val_loss,loss,batch_sizes,epochs,layers,losses,nodes,optimizers
100,0.003968739334550036,0.0034295037997924167,100,100,1,mean_squared_error,128,adam
250,0.003829399933430118,0.0033628463132466856,100,250,1,mean_squared_error,128,adam
500,0.003497646244046227,0.0033261849758958427,100,500,1,mean_squared_error,128,adam
750,0.004234232399238264,0.0028073047916875268,100,750,1,mean_squared_error,128,adam
1000,0.005063111428171396,0.0023223880758965294,100,1000,1,mean_squared_error,128,adam
