round_epochs,val_loss,loss,batch_sizes,epochs,layers,losses,nodes,optimizers
100,0.006663748904964395,0.0026654456706830497,100,100,1,mean_squared_error,128,adam
250,0.007498344930647006,0.002288910329831068,100,250,1,mean_squared_error,128,adam
500,0.007281019993538233,0.0021235954340998874,100,500,1,mean_squared_error,128,adam
750,0.009183185916843277,0.0017037386723765821,100,750,1,mean_squared_error,128,adam
1000,0.008895713066092537,0.0013374911748799448,100,1000,1,mean_squared_error,128,adam
