round_epochs,val_loss,loss,batch_sizes,epochs,layers,losses,nodes,optimizers
100,0.004370421292868691,0.0032993933653948132,100,100,1,mean_squared_error,128,adam
250,0.0038855136184948475,0.003142832780158091,100,250,1,mean_squared_error,128,adam
500,0.0038862466383912603,0.0030247699639835215,100,500,1,mean_squared_error,128,adam
750,0.005012617860663327,0.0024020613830847046,100,750,1,mean_squared_error,128,adam
1000,0.00508841607443539,0.0023053457029751792,100,1000,1,mean_squared_error,128,adam
