round_epochs,val_loss,loss,batch_sizes,epochs,layers,losses,nodes,optimizers
100,0.002477438378629822,0.003747637405982147,100,100,1,mean_squared_error,128,adam
250,0.002218268962048144,0.00338327116215357,100,250,1,mean_squared_error,128,adam
500,0.002216859651617144,0.003134044947342552,100,500,1,mean_squared_error,128,adam
750,0.004622964623697739,0.0025761814995532424,100,750,1,mean_squared_error,128,adam
1000,0.0033448532436642065,0.002298065404921554,100,1000,1,mean_squared_error,128,adam
