round_epochs,val_loss,loss,batch_sizes,epochs,layers,losses,nodes,optimizers
100,0.0026419206555165237,0.0036964969170947717,100,100,1,mean_squared_error,128,adam
250,0.0027259927718015623,0.003339261904880969,100,250,1,mean_squared_error,128,adam
500,0.004358208193045915,0.003025372777512824,100,500,1,mean_squared_error,128,adam
750,0.0027218785899780205,0.002525269723852457,100,750,1,mean_squared_error,128,adam
1000,0.0031608029001921265,0.0022882166947120557,100,1000,1,mean_squared_error,128,adam
