round_epochs,val_loss,loss,batch_sizes,epochs,layers,losses,nodes,optimizers
100,0.009621406198671115,0.0019464135449850047,100,100,1,mean_squared_error,128,adam
250,0.009752706980248492,0.0016140164960307456,100,250,1,mean_squared_error,128,adam
500,0.010166511337399183,0.0012869399483080464,100,500,1,mean_squared_error,128,adam
750,0.010455723309037674,0.0011615434013579906,100,750,1,mean_squared_error,128,adam
1000,0.011469755771022347,0.001019118357840173,100,1000,1,mean_squared_error,128,adam
