round_epochs,val_loss,loss,batch_sizes,epochs,layers,losses,nodes,optimizers
100,0.007362667550730645,0.002484441164532921,100,100,1,mean_squared_error,128,adam
250,0.007678784425346995,0.0019170683182451423,100,250,1,mean_squared_error,128,adam
500,0.00901049522486464,0.0015484668955917122,100,500,1,mean_squared_error,128,adam
750,0.008574494979714029,0.0012189521165588174,100,750,1,mean_squared_error,128,adam
1000,0.008346935734152794,0.0011520286060098296,100,1000,1,mean_squared_error,128,adam
