round_epochs,val_loss,loss,batch_sizes,epochs,layers,losses,nodes,optimizers
100,0.004432008440264655,0.0034231990669863393,100,100,1,mean_squared_error,128,adam
250,0.00488568624556439,0.0031054698006071227,100,250,1,mean_squared_error,128,adam
500,0.005020360848468602,0.0029478667114597903,100,500,1,mean_squared_error,128,adam
750,0.0045097041968724235,0.0027542106320404196,100,750,1,mean_squared_error,128,adam
1000,0.006679166513190947,0.002162911909493627,100,1000,1,mean_squared_error,128,adam
