round_epochs,val_loss,loss,batch_sizes,epochs,layers,losses,nodes,optimizers
100,0.0029508133510118303,0.0035419030546568185,100,100,1,mean_squared_error,128,adam
250,0.0029461819680885004,0.0031028727176505132,100,250,1,mean_squared_error,128,adam
500,0.004061702125233098,0.00271140530557287,100,500,1,mean_squared_error,128,adam
750,0.005902346575763732,0.002440691901773045,100,750,1,mean_squared_error,128,adam
1000,0.00381071860761611,0.002124641072698822,100,1000,1,mean_squared_error,128,adam
