round_epochs,val_loss,loss,batch_sizes,epochs,layers,losses,nodes,optimizers
100,0.001985358842999567,0.0038962310281196477,100,100,1,mean_squared_error,128,adam
250,0.0019447756802485367,0.0036028047948323113,100,250,1,mean_squared_error,128,adam
500,0.0016127139173129845,0.0034266811409833457,100,500,1,mean_squared_error,128,adam
750,0.0021255469866958096,0.003129729852339046,100,750,1,mean_squared_error,128,adam
1000,0.0036705462659835514,0.0024300827982840175,100,1000,1,mean_squared_error,128,adam
