round_epochs,val_loss,loss,batch_sizes,epochs,layers,losses,nodes,optimizers
100,0.001658479836371601,0.0038318439378553643,100,100,1,mean_squared_error,128,adam
250,0.0015560961363546963,0.0033720930737814857,100,250,1,mean_squared_error,128,adam
500,0.001818594263618503,0.0029974015520161223,100,500,1,mean_squared_error,128,adam
750,0.0021392103593478253,0.0025933381279394257,100,750,1,mean_squared_error,128,adam
1000,0.0017542885867972394,0.0023805364117383807,100,1000,1,mean_squared_error,128,adam
