round_epochs,val_loss,loss,batch_sizes,epochs,layers,losses,nodes,optimizers
100,0.019134612753987312,0.019374211373712067,100,100,1,mean_squared_error,128,adam
250,0.018867632374167442,0.019059080595484792,100,250,1,mean_squared_error,128,adam
500,0.018298747017979622,0.01882353700800253,100,500,1,mean_squared_error,128,adam
750,0.018289905041456223,0.018635322380731515,100,750,1,mean_squared_error,128,adam
1000,0.01850647944957018,0.018534398788453046,100,1000,1,mean_squared_error,128,adam
