round_epochs,val_loss,loss,batch_sizes,epochs,layers,losses,nodes,optimizers
100,0.019550027325749397,0.01933408530903431,100,100,1,mean_squared_error,128,adam
250,0.019255155697464943,0.01876844454047222,100,250,1,mean_squared_error,128,adam
500,0.01906563900411129,0.018592781400123385,100,500,1,mean_squared_error,128,adam
750,0.018764608539640903,0.018537909692267852,100,750,1,mean_squared_error,128,adam
1000,0.01862158067524433,0.01840720316243254,100,1000,1,mean_squared_error,128,adam
