round_epochs,val_loss,loss,batch_sizes,epochs,layers,losses,nodes,optimizers
100,0.021267792209982872,0.01888717272186855,100,100,1,mean_squared_error,128,adam
250,0.02138120774179697,0.018548873506738818,100,250,1,mean_squared_error,128,adam
500,0.02093219757080078,0.01828476531171664,100,500,1,mean_squared_error,128,adam
750,0.020395548082888126,0.01812862876774638,100,750,1,mean_squared_error,128,adam
1000,0.020263451151549816,0.018094631960122395,100,1000,1,mean_squared_error,128,adam
