round_epochs,val_loss,loss,batch_sizes,epochs,layers,losses,nodes,optimizers
100,0.016795984469354153,0.019948280003936107,100,100,1,mean_squared_error,128,adam
250,0.01666761189699173,0.0194624668171856,100,250,1,mean_squared_error,128,adam
500,0.016621180810034275,0.019223504469565198,100,500,1,mean_squared_error,128,adam
750,0.01712703611701727,0.018790246614978336,100,750,1,mean_squared_error,128,adam
1000,0.017329420894384384,0.01875315139063142,100,1000,1,mean_squared_error,128,adam
