round_epochs,val_loss,loss,batch_sizes,epochs,layers,losses,nodes,optimizers
100,0.021876602433621883,0.018708998169118966,100,100,1,mean_squared_error,128,adam
250,0.021833996288478374,0.018226754723100397,100,250,1,mean_squared_error,128,adam
500,0.021097693592309952,0.018043719311542764,100,500,1,mean_squared_error,128,adam
750,0.020765085704624653,0.017970481720359217,100,750,1,mean_squared_error,128,adam
1000,0.02088464517146349,0.017818727165956047,100,1000,1,mean_squared_error,128,adam
