round_epochs,val_loss,loss,batch_sizes,epochs,layers,losses,nodes,optimizers
100,0.020636881701648235,0.019079196886153636,100,100,1,mean_squared_error,128,adam
250,0.019810615107417107,0.018773747500560364,100,250,1,mean_squared_error,128,adam
500,0.01912862155586481,0.018561734889202763,100,500,1,mean_squared_error,128,adam
750,0.018926735036075115,0.018476662542694335,100,750,1,mean_squared_error,128,adam
1000,0.01889376901090145,0.01841806749248856,100,1000,1,mean_squared_error,128,adam
