round_epochs,val_loss,loss,batch_sizes,epochs,layers,losses,nodes,optimizers
100,0.021387113258242607,0.01875170239643515,100,100,1,mean_squared_error,128,adam
250,0.021121876314282417,0.0184455792556331,100,250,1,mean_squared_error,128,adam
500,0.020378781482577324,0.018303393137406376,100,500,1,mean_squared_error,128,adam
750,0.020308347418904305,0.018168755410849075,100,750,1,mean_squared_error,128,adam
1000,0.02007610723376274,0.01808075105053942,100,1000,1,mean_squared_error,128,adam
