round_epochs,val_loss,loss,batch_sizes,epochs,layers,losses,nodes,optimizers
100,0.016716955695301294,0.019992679773527228,100,100,1,mean_squared_error,128,adam
250,0.0167121309787035,0.01942808034279415,100,250,1,mean_squared_error,128,adam
500,0.01621171645820141,0.019269202371949384,100,500,1,mean_squared_error,128,adam
750,0.016279336996376514,0.019162913298274072,100,750,1,mean_squared_error,128,adam
1000,0.016382955946028233,0.018977272109253568,100,1000,1,mean_squared_error,128,adam
