round_epochs,val_loss,loss,batch_sizes,epochs,layers,losses,nodes,optimizers
100,0.020697452127933502,0.019049512682812127,100,100,1,mean_squared_error,128,adam
250,0.020005387254059315,0.018664803879436018,100,250,1,mean_squared_error,128,adam
500,0.019967544823884964,0.018282604173592374,100,500,1,mean_squared_error,128,adam
750,0.01994621381163597,0.018180732716954636,100,750,1,mean_squared_error,128,adam
1000,0.01986008509993553,0.01813439589690235,100,1000,1,mean_squared_error,128,adam
