round_epochs,val_loss,loss,batch_sizes,epochs,layers,losses,nodes,optimizers
100,0.01974170282483101,0.01926825618326963,100,100,1,mean_squared_error,128,adam
250,0.01897456683218479,0.018974974790034134,100,250,1,mean_squared_error,128,adam
500,0.018603925593197346,0.018678766970932858,100,500,1,mean_squared_error,128,adam
750,0.018467640969902277,0.018574691624141097,100,750,1,mean_squared_error,128,adam
1000,0.018610583152621984,0.018422307271318723,100,1000,1,mean_squared_error,128,adam
