round_epochs,val_loss,loss,batch_sizes,epochs,layers,losses,nodes,optimizers
100,0.02028467319905758,0.0190416023724127,100,100,1,mean_squared_error,128,adam
250,0.019984329119324684,0.018667293666923882,100,250,1,mean_squared_error,128,adam
500,0.020095434971153736,0.018286280686893457,100,500,1,mean_squared_error,128,adam
750,0.019862364046275616,0.018164294041515594,100,750,1,mean_squared_error,128,adam
1000,0.01965420786291361,0.018120979908923883,100,1000,1,mean_squared_error,128,adam
