round_epochs,val_loss,loss,batch_sizes,epochs,layers,losses,nodes,optimizers
100,0.016545849852263927,0.019999386632868755,100,100,1,mean_squared_error,128,adam
250,0.016553441528230906,0.01950827486102599,100,250,1,mean_squared_error,128,adam
500,0.016416131053119898,0.019148632386229568,100,500,1,mean_squared_error,128,adam
750,0.016451504081487656,0.019071987228306803,100,750,1,mean_squared_error,128,adam
1000,0.016412862110882998,0.019040071226684482,100,1000,1,mean_squared_error,128,adam
