round_epochs,val_loss,loss,batch_sizes,epochs,layers,losses,nodes,optimizers
100,0.01875755563378334,0.019573533685511,100,100,1,mean_squared_error,128,adam
250,0.017740463372319937,0.019221395649100036,100,250,1,mean_squared_error,128,adam
500,0.017305743414908648,0.01888577607805038,100,500,1,mean_squared_error,128,adam
750,0.017349844332784414,0.018887242601443564,100,750,1,mean_squared_error,128,adam
1000,0.017799406312406063,0.01858657918206721,100,1000,1,mean_squared_error,128,adam
