round_epochs,val_loss,loss,batch_sizes,epochs,layers,losses,nodes,optimizers
100,0.021710260771214962,0.01888190100490673,100,100,1,mean_squared_error,128,adam
250,0.02081515733152628,0.01845362199145548,100,250,1,mean_squared_error,128,adam
500,0.0205767834559083,0.018204379576717597,100,500,1,mean_squared_error,128,adam
750,0.020433541387319565,0.018054673382767023,100,750,1,mean_squared_error,128,adam
1000,0.020342160016298294,0.018053604610067987,100,1000,1,mean_squared_error,128,adam
