round_epochs,val_loss,loss,batch_sizes,epochs,layers,losses,nodes,optimizers
100,0.016651632264256477,0.01991935587550047,100,100,1,mean_squared_error,128,adam
250,0.016728255432099104,0.019414506721750855,100,250,1,mean_squared_error,128,adam
500,0.016530240885913372,0.01914257435139778,100,500,1,mean_squared_error,128,adam
750,0.01665001129731536,0.018924511967920974,100,750,1,mean_squared_error,128,adam
1000,0.01668659271672368,0.018845962811555886,100,1000,1,mean_squared_error,128,adam
