round_epochs,val_loss,loss,batch_sizes,epochs,layers,losses,nodes,optimizers
100,0.020228092558681965,0.019179043973535485,100,100,1,mean_squared_error,128,adam
250,0.020190348848700523,0.018538219884617565,100,250,1,mean_squared_error,128,adam
500,0.02006068453192711,0.018441267671481878,100,500,1,mean_squared_error,128,adam
750,0.019789003767073154,0.018384367087330093,100,750,1,mean_squared_error,128,adam
1000,0.01965004950761795,0.018194173611092896,100,1000,1,mean_squared_error,128,adam
