round_epochs,val_loss,loss,batch_sizes,epochs,layers,losses,nodes,optimizers
100,0.02384789101779461,0.018271578660461505,100,100,1,mean_squared_error,128,adam
250,0.023030410520732403,0.017714879301422213,100,250,1,mean_squared_error,128,adam
500,0.024390497244894505,0.017437752142286808,100,500,1,mean_squared_error,128,adam
750,0.02392504084855318,0.017171355001768623,100,750,1,mean_squared_error,128,adam
1000,0.023943351581692696,0.017123914184691467,100,1000,1,mean_squared_error,128,adam
