round_epochs,val_loss,loss,batch_sizes,epochs,layers,losses,nodes,optimizers
100,0.01730632223188877,0.019812531194356334,100,100,1,mean_squared_error,128,adam
250,0.01718339789658785,0.019368016793202127,100,250,1,mean_squared_error,128,adam
500,0.017024371773004532,0.019079536641276016,100,500,1,mean_squared_error,128,adam
750,0.017090064473450184,0.018857161036530134,100,750,1,mean_squared_error,128,adam
1000,0.017205066047608852,0.01876270552276817,100,1000,1,mean_squared_error,128,adam
