round_epochs,val_loss,loss,batch_sizes,epochs,layers,losses,nodes,optimizers
100,0.020970559678971767,0.018891329357080357,100,100,1,mean_squared_error,128,adam
250,0.02075497852638364,0.018497647939616793,100,250,1,mean_squared_error,128,adam
500,0.020595387555658817,0.0180890786308454,100,500,1,mean_squared_error,128,adam
750,0.020561179146170616,0.018097713538252725,100,750,1,mean_squared_error,128,adam
1000,0.02047586999833584,0.018014044027630627,100,1000,1,mean_squared_error,128,adam
