round_epochs,val_loss,loss,batch_sizes,epochs,layers,losses,nodes,optimizers
100,0.018858670257031918,0.0195845445206709,100,100,1,mean_squared_error,128,adam
250,0.017746851313859224,0.019312505880218826,100,250,1,mean_squared_error,128,adam
500,0.017538837157189846,0.018942690983769883,100,500,1,mean_squared_error,128,adam
750,0.017738886177539825,0.018801452785992115,100,750,1,mean_squared_error,128,adam
1000,0.01745553081855178,0.01868428744450492,100,1000,1,mean_squared_error,128,adam
