round_epochs,val_loss,loss,batch_sizes,epochs,layers,losses,nodes,optimizers
100,0.01944770384579897,0.019436360693243396,100,100,1,mean_squared_error,128,adam
250,0.01839178055524826,0.0190036946923999,100,250,1,mean_squared_error,128,adam
500,0.018356017768383026,0.018826693464701567,100,500,1,mean_squared_error,128,adam
750,0.018102381378412247,0.01884989080765989,100,750,1,mean_squared_error,128,adam
1000,0.01805787067860365,0.018803228852029428,100,1000,1,mean_squared_error,128,adam
