round_epochs,val_loss,loss,batch_sizes,epochs,layers,losses,nodes,optimizers
100,0.015360666904598475,0.020402472080613767,100,100,1,mean_squared_error,128,adam
250,0.01485417876392603,0.01984998981095617,100,250,1,mean_squared_error,128,adam
500,0.015449563041329384,0.01957489038528956,100,500,1,mean_squared_error,128,adam
750,0.015376502647995949,0.019328204720950634,100,750,1,mean_squared_error,128,adam
1000,0.015390579588711262,0.01926217080938771,100,1000,1,mean_squared_error,128,adam
