round_epochs,val_loss,loss,batch_sizes,epochs,layers,losses,nodes,optimizers
100,0.016337036155164242,0.02013978906387143,100,100,1,mean_squared_error,128,adam
250,0.01598908193409443,0.01959567237294827,100,250,1,mean_squared_error,128,adam
500,0.01639816164970398,0.019211220918421913,100,500,1,mean_squared_error,128,adam
750,0.01649023685604334,0.019005556412069233,100,750,1,mean_squared_error,128,adam
1000,0.016382253728806973,0.018901327963792246,100,1000,1,mean_squared_error,128,adam
