round_epochs,val_loss,loss,batch_sizes,epochs,layers,losses,nodes,optimizers
100,0.01661063637584448,0.020130651606856804,100,100,1,mean_squared_error,128,adam
250,0.016612598206847906,0.01939754231997685,100,250,1,mean_squared_error,128,adam
500,0.016767194494605064,0.01910090242913332,100,500,1,mean_squared_error,128,adam
750,0.01678187446668744,0.019095620734049207,100,750,1,mean_squared_error,128,adam
1000,0.016582702286541462,0.01896726491731338,100,1000,1,mean_squared_error,128,adam
