round_epochs,val_loss,loss,batch_sizes,epochs,layers,losses,nodes,optimizers
100,0.022022459656000137,0.018684916094253996,100,100,1,mean_squared_error,128,adam
250,0.021637209691107273,0.018216075473833113,100,250,1,mean_squared_error,128,adam
500,0.021665560081601143,0.017882741583392044,100,500,1,mean_squared_error,128,adam
750,0.021548966877162457,0.01779365802471207,100,750,1,mean_squared_error,128,adam
1000,0.02147522382438183,0.017820233813343262,100,1000,1,mean_squared_error,128,adam
