round_epochs,val_loss,loss,batch_sizes,epochs,layers,losses,nodes,optimizers
100,0.0195958549156785,0.019253936321608992,100,100,1,mean_squared_error,128,adam
250,0.019774925895035267,0.018628741190342264,100,250,1,mean_squared_error,128,adam
500,0.01995158102363348,0.01828499459936149,100,500,1,mean_squared_error,128,adam
750,0.01996319182217121,0.018193252524886856,100,750,1,mean_squared_error,128,adam
1000,0.01968427188694477,0.018163829782470556,100,1000,1,mean_squared_error,128,adam
