round_epochs,val_loss,loss,batch_sizes,epochs,layers,losses,nodes,optimizers
100,0.02084850799292326,0.018985375899872935,100,100,1,mean_squared_error,128,adam
250,0.02065193559974432,0.01838976065096547,100,250,1,mean_squared_error,128,adam
500,0.02032521739602089,0.018208038036149447,100,500,1,mean_squared_error,128,adam
750,0.020320525392889977,0.018016367664600404,100,750,1,mean_squared_error,128,adam
1000,0.020302221179008484,0.018004542020344676,100,1000,1,mean_squared_error,128,adam
