round_epochs,val_loss,loss,batch_sizes,epochs,layers,losses,nodes,optimizers
100,0.019021718762815,0.019495963416946878,100,100,1,mean_squared_error,128,adam
250,0.01877520326524973,0.0190064250590885,100,250,1,mean_squared_error,128,adam
500,0.018193059600889683,0.01876815231084599,100,500,1,mean_squared_error,128,adam
750,0.01834789477288723,0.018600522472734658,100,750,1,mean_squared_error,128,adam
1000,0.018134084530174732,0.01863444312107533,100,1000,1,mean_squared_error,128,adam
