round_epochs,val_loss,loss,batch_sizes,epochs,layers,losses,nodes,optimizers
100,0.02000770252197981,0.019129029658612524,100,100,1,mean_squared_error,128,adam
250,0.01943859551101923,0.018770050741217965,100,250,1,mean_squared_error,128,adam
500,0.019098217599093914,0.018531481922373944,100,500,1,mean_squared_error,128,adam
750,0.01894734287634492,0.018454955820662613,100,750,1,mean_squared_error,128,adam
1000,0.018830837681889534,0.018357455698887783,100,1000,1,mean_squared_error,128,adam
