round_epochs,val_loss,loss,batch_sizes,epochs,layers,losses,nodes,optimizers
100,0.0024306946273205156,0.0013854827668375088,100,100,1,mean_squared_error,128,adam
250,0.004770586512083113,0.001180413678032814,100,250,1,mean_squared_error,128,adam
500,0.0037930001519051798,0.0011569494848085763,100,500,1,mean_squared_error,128,adam
750,0.0026906363643535024,0.0011560132090983931,100,750,1,mean_squared_error,128,adam
1000,0.0014399826538634378,0.001119991635872126,100,1000,1,mean_squared_error,128,adam
