round_epochs,val_loss,loss,batch_sizes,epochs,layers,losses,nodes,optimizers
100,0.0025723110439826793,0.0011444581437378598,100,100,1,mean_squared_error,128,adam
250,0.006046605855109516,0.0008715792201066287,100,250,1,mean_squared_error,128,adam
500,0.004347266922716576,0.0008888445010972701,100,500,1,mean_squared_error,128,adam
750,0.0032675584945500123,0.0008364089753100855,100,750,1,mean_squared_error,128,adam
1000,0.0027864937525448486,0.0008107361013137609,100,1000,1,mean_squared_error,128,adam
