round_epochs,val_loss,loss,batch_sizes,epochs,layers,losses,nodes,optimizers
100,0.005138267002456901,0.0008956401252910851,100,100,1,mean_squared_error,128,adam
250,0.005117697844834034,0.0007832853140218193,100,250,1,mean_squared_error,128,adam
500,0.00882634240665927,0.0007416358367942423,100,500,1,mean_squared_error,128,adam
750,0.007919910326412875,0.0006781281938047462,100,750,1,mean_squared_error,128,adam
1000,0.006754434597327482,0.000645287234627761,100,1000,1,mean_squared_error,128,adam
