round_epochs,val_loss,loss,batch_sizes,epochs,layers,losses,nodes,optimizers
100,0.0008160693637661674,0.0015473709012915253,100,100,1,mean_squared_error,128,adam
250,0.0008563392716062129,0.0010080089224133893,100,250,1,mean_squared_error,128,adam
500,0.0008570675377794846,0.0009952642170691292,100,500,1,mean_squared_error,128,adam
750,0.0008422238453895079,0.0010005396994968044,100,750,1,mean_squared_error,128,adam
1000,0.000782943880606686,0.0009808233858966012,100,1000,1,mean_squared_error,128,adam
