round_epochs,val_loss,loss,batch_sizes,epochs,layers,losses,nodes,optimizers
100,0.0013483843608787425,0.0014266626215124522,100,100,1,mean_squared_error,128,adam
250,0.0012196375781918253,0.0009285067858925586,100,250,1,mean_squared_error,128,adam
500,0.0012008801123698303,0.000905159229596073,100,500,1,mean_squared_error,128,adam
750,0.0011816443287505389,0.0008941414100501157,100,750,1,mean_squared_error,128,adam
1000,0.001158166410583984,0.0008786633306817063,100,1000,1,mean_squared_error,128,adam
