round_epochs,val_loss,loss,batch_sizes,epochs,layers,losses,nodes,optimizers
100,0.0032017067172470967,0.001140480032412981,100,100,1,mean_squared_error,128,adam
250,0.004231162228850863,0.0009596196369469241,100,250,1,mean_squared_error,128,adam
500,0.0028222295263754063,0.0009360193994759708,100,500,1,mean_squared_error,128,adam
750,0.0023437251223382264,0.0009252871819608026,100,750,1,mean_squared_error,128,adam
1000,0.002768304505521179,0.0009251664460729691,100,1000,1,mean_squared_error,128,adam
