round_epochs,val_loss,loss,batch_sizes,epochs,layers,losses,nodes,optimizers
100,0.001328184247138587,0.0014120952375981976,100,100,1,mean_squared_error,128,adam
250,0.0018796345632027217,0.0008663848991214471,100,250,1,mean_squared_error,128,adam
500,0.0023538234647148145,0.0008271390966481375,100,500,1,mean_squared_error,128,adam
750,0.0024747069434838454,0.0007964609673155481,100,750,1,mean_squared_error,128,adam
1000,0.0024914990176900698,0.000765425440751194,100,1000,1,mean_squared_error,128,adam
