round_epochs,val_loss,loss,batch_sizes,epochs,layers,losses,nodes,optimizers
100,0.0005625011124437553,0.0016289465167400564,100,100,1,mean_squared_error,128,adam
250,0.0008061977794239457,0.0011477120430969244,100,250,1,mean_squared_error,128,adam
500,0.0010614246337665198,0.0011119547834000949,100,500,1,mean_squared_error,128,adam
750,0.0012744339137635283,0.0010817285834656017,100,750,1,mean_squared_error,128,adam
1000,0.001748113937725093,0.0010610594762689271,100,1000,1,mean_squared_error,128,adam
