round_epochs,val_loss,loss,batch_sizes,epochs,layers,losses,nodes,optimizers
100,0.00055309156793633,0.0015572941403990453,100,100,1,mean_squared_error,128,adam
250,0.00039825518059792304,0.0011190931728383498,100,250,1,mean_squared_error,128,adam
500,0.0004163047652130001,0.001114057486376084,100,500,1,mean_squared_error,128,adam
750,0.0004027627256989067,0.001086952557378383,100,750,1,mean_squared_error,128,adam
1000,0.0003794236858925272,0.001068546565500528,100,1000,1,mean_squared_error,128,adam
