round_epochs,val_loss,loss,batch_sizes,epochs,layers,losses,nodes,optimizers
100,0.006059789082419184,0.001136924645011711,100,100,1,mean_squared_error,128,adam
250,0.008427487747116604,0.0009936326488018288,100,250,1,mean_squared_error,128,adam
500,0.002675456991746797,0.001714162541640836,100,500,1,mean_squared_error,128,adam
750,0.005863927433445076,0.0009674768809061825,100,750,1,mean_squared_error,128,adam
1000,0.003951055917364718,0.0009269726246357872,100,1000,1,mean_squared_error,128,adam
