round_epochs,val_loss,loss,batch_sizes,epochs,layers,losses,nodes,optimizers
100,0.002288407378188854,0.0011814339806696624,100,100,1,mean_squared_error,128,adam
250,0.002580288405665875,0.0006792918959136435,100,250,1,mean_squared_error,128,adam
500,0.002829462436060585,0.0005771729265323293,100,500,1,mean_squared_error,128,adam
750,0.0029066791746241213,0.000564804057085807,100,750,1,mean_squared_error,128,adam
1000,0.002802448123740266,0.0005556123187717509,100,1000,1,mean_squared_error,128,adam
