round_epochs,val_loss,loss,batch_sizes,epochs,layers,losses,nodes,optimizers
100,0.003247729069717116,0.0007374636087702335,100,100,1,mean_squared_error,128,adam
250,0.0038011912467079845,0.0006550493677633454,100,250,1,mean_squared_error,128,adam
500,0.0043572109992892,0.0006144982470865198,100,500,1,mean_squared_error,128,adam
750,0.004693903520366355,0.000562982248266967,100,750,1,mean_squared_error,128,adam
1000,0.005390867969985284,0.0005378775289381653,100,1000,1,mean_squared_error,128,adam
