round_epochs,val_loss,loss,batch_sizes,epochs,layers,losses,nodes,optimizers
100,0.0010356718859162613,0.0014675813573517898,100,100,1,mean_squared_error,128,adam
250,0.0009609107907987832,0.0009824136037633394,100,250,1,mean_squared_error,128,adam
500,0.0009711290038092502,0.0009643045868595884,100,500,1,mean_squared_error,128,adam
750,0.0010337289966801976,0.0009293675414039683,100,750,1,mean_squared_error,128,adam
1000,0.001114265262424225,0.0009210593972107087,100,1000,1,mean_squared_error,128,adam
