round_epochs,val_loss,loss,batch_sizes,epochs,layers,losses,nodes,optimizers
100,0.0021076135626343553,0.00143943730643459,100,100,1,mean_squared_error,128,adam
250,0.0015194828893483883,0.0010336326291444174,100,250,1,mean_squared_error,128,adam
500,0.0024799029108829532,0.0009291770389910797,100,500,1,mean_squared_error,128,adam
750,0.004959054143827914,0.0009575784527410019,100,750,1,mean_squared_error,128,adam
1000,0.007980761265653611,0.0008753321033226205,100,1000,1,mean_squared_error,128,adam
