round_epochs,val_loss,loss,batch_sizes,epochs,layers,losses,nodes,optimizers
100,0.001879471250056247,0.0010758301225050947,100,100,1,mean_squared_error,128,adam
250,0.0016974310955762788,0.001007413735333011,100,250,1,mean_squared_error,128,adam
500,0.00166037732655716,0.0009854938450267062,100,500,1,mean_squared_error,128,adam
750,0.002176787611799099,0.000945877569146108,100,750,1,mean_squared_error,128,adam
1000,0.0026869180485905716,0.0009260758494048019,100,1000,1,mean_squared_error,128,adam
