round_epochs,val_loss,loss,batch_sizes,epochs,layers,losses,nodes,optimizers
100,0.0018163352980086552,0.0013598854082136943,100,100,1,mean_squared_error,128,adam
250,0.0019883098579175657,0.0008698785842083929,100,250,1,mean_squared_error,128,adam
500,0.0025063880348353456,0.0007758309689394887,100,500,1,mean_squared_error,128,adam
750,0.002820648452449571,0.0007728755956131908,100,750,1,mean_squared_error,128,adam
1000,0.004352040383520175,0.0007942962555575123,100,1000,1,mean_squared_error,128,adam
