round_epochs,val_loss,loss,batch_sizes,epochs,layers,losses,nodes,optimizers
100,0.0024824917647547685,0.001326457911168679,100,100,1,mean_squared_error,128,adam
250,0.002447210371040332,0.0011778771769794772,100,250,1,mean_squared_error,128,adam
500,0.0016061833956695381,0.0011042671290696622,100,500,1,mean_squared_error,128,adam
750,0.0014861226190073444,0.0011008311136615177,100,750,1,mean_squared_error,128,adam
1000,0.0015372478288490719,0.0010696787442122796,100,1000,1,mean_squared_error,128,adam
