round_epochs,val_loss,loss,batch_sizes,epochs,layers,losses,nodes,optimizers
100,0.002600408762918046,0.0012928731030206566,100,100,1,mean_squared_error,128,adam
250,0.0025776342299284796,0.001155847177376278,100,250,1,mean_squared_error,128,adam
500,0.0014795027415843765,0.001109401516419784,100,500,1,mean_squared_error,128,adam
750,0.0014335155532690673,0.0010714629932216616,100,750,1,mean_squared_error,128,adam
1000,0.002088158397266089,0.0010609907273907476,100,1000,1,mean_squared_error,128,adam
