round_epochs,val_loss,loss,batch_sizes,epochs,layers,losses,nodes,optimizers
100,0.0003115772856130316,0.001706378193672784,100,100,1,mean_squared_error,128,adam
250,0.0007490655214258999,0.0011850557025743125,100,250,1,mean_squared_error,128,adam
500,0.0006945215823156899,0.0011309852242123468,100,500,1,mean_squared_error,128,adam
750,0.0017193114711439713,0.0011217236243104725,100,750,1,mean_squared_error,128,adam
1000,0.0005118435116522202,0.0010883233232959525,100,1000,1,mean_squared_error,128,adam
