round_epochs,val_loss,loss,batch_sizes,epochs,layers,losses,nodes,optimizers
100,0.002380780681462294,0.0011473623787090369,100,100,1,mean_squared_error,128,adam
250,0.0018069868493151276,0.0009809697973226015,100,250,1,mean_squared_error,128,adam
500,0.0024710193483495906,0.0009167845136879115,100,500,1,mean_squared_error,128,adam
750,0.004802239659808614,0.0007999869648205706,100,750,1,mean_squared_error,128,adam
1000,0.008575041965586156,0.0006894761043888559,100,1000,1,mean_squared_error,128,adam
