round_epochs,val_loss,loss,batch_sizes,epochs,layers,losses,nodes,optimizers
100,0.0006956915984201671,0.0015641172729776564,100,100,1,mean_squared_error,128,adam
250,0.0013274390042183836,0.0010609547834288815,100,250,1,mean_squared_error,128,adam
500,0.0023794830168349357,0.0010553253179851302,100,500,1,mean_squared_error,128,adam
750,0.002827324493830303,0.0009973359221988006,100,750,1,mean_squared_error,128,adam
1000,0.002680433165263291,0.000988501830619699,100,1000,1,mean_squared_error,128,adam
