round_epochs,val_loss,loss,batch_sizes,epochs,layers,losses,nodes,optimizers
100,0.0006255350448893167,0.0015190600965408394,100,100,1,mean_squared_error,128,adam
250,0.0008047948896781958,0.001106823640103316,100,250,1,mean_squared_error,128,adam
500,0.001769040790784299,0.0010951000463068907,100,500,1,mean_squared_error,128,adam
750,0.0007287099312209342,0.0010815625179596432,100,750,1,mean_squared_error,128,adam
1000,0.0009560213885246659,0.001046694635782723,100,1000,1,mean_squared_error,128,adam
