round_epochs,val_loss,loss,batch_sizes,epochs,layers,losses,nodes,optimizers
100,0.0008483859715514101,0.001581743597588268,100,100,1,mean_squared_error,128,adam
250,0.0018741586092764736,0.0010463753026318104,100,250,1,mean_squared_error,128,adam
500,0.0018484089835798462,0.0009534702452464759,100,500,1,mean_squared_error,128,adam
750,0.003247149411431542,0.0008922303829636968,100,750,1,mean_squared_error,128,adam
1000,0.005713059737296756,0.0008350981182381323,100,1000,1,mean_squared_error,128,adam
