round_epochs,val_loss,loss,batch_sizes,epochs,layers,losses,nodes,optimizers
100,0.0005328870214926706,0.0015710688450013349,100,100,1,mean_squared_error,128,adam
250,0.0004976013837743144,0.0011131062031806628,100,250,1,mean_squared_error,128,adam
500,0.00048383414620579215,0.0010896121428451084,100,500,1,mean_squared_error,128,adam
750,0.0004755811835332053,0.001080526198563517,100,750,1,mean_squared_error,128,adam
1000,0.00048349346086147695,0.0010336820122021854,100,1000,1,mean_squared_error,128,adam
