round_epochs,val_loss,loss,batch_sizes,epochs,layers,losses,nodes,optimizers
100,0.0027277755583800262,0.001330971851434217,100,100,1,mean_squared_error,128,adam
250,0.0020114165220652992,0.001140931162918244,100,250,1,mean_squared_error,128,adam
500,0.0017391455724797957,0.0011061260831511893,100,500,1,mean_squared_error,128,adam
750,0.0019496741831003122,0.001099549240933441,100,750,1,mean_squared_error,128,adam
1000,0.0019440310691300798,0.0010961606401988732,100,1000,1,mean_squared_error,128,adam
