round_epochs,val_loss,loss,batch_sizes,epochs,layers,losses,nodes,optimizers
100,0.0077149061920196195,0.0008944778247729374,100,100,1,mean_squared_error,128,adam
250,0.012110051511782198,0.0007524696758909657,100,250,1,mean_squared_error,128,adam
500,0.002329878553797271,0.0013415766164020463,100,500,1,mean_squared_error,128,adam
750,0.003577941437205066,0.0006503462047759565,100,750,1,mean_squared_error,128,adam
1000,0.0028841890663495896,0.0006102175098912902,100,1000,1,mean_squared_error,128,adam
