round_epochs,val_loss,loss,batch_sizes,epochs,layers,losses,nodes,optimizers
100,0.005931049701757729,0.0023528947853349216,100,100,1,mean_squared_error,128,adam
100,0.005721302004531026,0.0023509033459375083,100,100,2,mean_squared_error,128,adam
100,0.005705713992938399,0.002348184171196852,100,100,3,mean_squared_error,128,adam
100,0.005843216669745743,0.002484120963868663,100,100,4,mean_squared_error,128,adam
100,0.005912871798500419,0.0024639540270334566,100,100,5,mean_squared_error,128,adam
