round_epochs,val_loss,loss,batch_sizes,epochs,layers,losses,nodes,optimizers
100,0.002935724798589945,0.003060333264376199,100,100,1,mean_squared_error,128,adam
100,0.0029102724511176348,0.003061768977677867,100,100,2,mean_squared_error,128,adam
100,0.0029789733234792948,0.003081355865482936,100,100,3,mean_squared_error,128,adam
100,0.003016360104084015,0.003106745068060796,100,100,4,mean_squared_error,128,adam
100,0.0029197457479313016,0.0031523754819062014,100,100,5,mean_squared_error,128,adam
