round_epochs,val_loss,loss,batch_sizes,epochs,layers,losses,nodes,optimizers
100,0.0026409804122522473,0.0031270174515341527,100,100,1,mean_squared_error,128,adam
100,0.002673522219993174,0.0031416068309323584,100,100,2,mean_squared_error,128,adam
100,0.002707561361603439,0.0031660016622039977,100,100,3,mean_squared_error,128,adam
100,0.0026951851323246956,0.0032371707690136042,100,100,4,mean_squared_error,128,adam
100,0.002734045614488423,0.003162762403105839,100,100,5,mean_squared_error,128,adam
