round_epochs,val_loss,loss,batch_sizes,epochs,layers,losses,nodes,optimizers
100,0.0026647091726772487,0.003154006004228591,100,100,1,mean_squared_error,128,adam
100,0.002552022284362465,0.0031484154817089903,100,100,2,mean_squared_error,128,adam
100,0.0025871529360301793,0.003148565294240859,100,100,3,mean_squared_error,128,adam
100,0.0026856070035137236,0.0031710794593005887,100,100,4,mean_squared_error,128,adam
100,0.0027621722547337413,0.003163629536107835,100,100,5,mean_squared_error,128,adam
