round_epochs,val_loss,loss,batch_sizes,epochs,layers,losses,nodes,optimizers
100,0.004534634528681636,0.002676503911138849,100,100,1,mean_squared_error,128,adam
100,0.004590368014760315,0.0026461281697120103,100,100,2,mean_squared_error,128,adam
100,0.004558829008601606,0.00267921607750229,100,100,3,mean_squared_error,128,adam
100,0.004700213437899947,0.002665185590725723,100,100,4,mean_squared_error,128,adam
100,0.0048485195729881525,0.0028315398481339963,100,100,5,mean_squared_error,128,adam
