round_epochs,val_loss,loss,batch_sizes,epochs,layers,losses,nodes,optimizers
100,0.004918708465993404,0.002596846576815049,100,100,1,mean_squared_error,128,adam
100,0.0048955517122522,0.0025883198644935583,100,100,2,mean_squared_error,128,adam
100,0.00488364789634943,0.0026194745175265365,100,100,3,mean_squared_error,128,adam
100,0.004889051895588636,0.0025991490601768277,100,100,4,mean_squared_error,128,adam
100,0.004990942543372512,0.002675121357240184,100,100,5,mean_squared_error,128,adam
