round_epochs,val_loss,loss,batch_sizes,epochs,layers,losses,nodes,optimizers
100,0.0033010755432769656,0.002998293888870538,100,100,1,mean_squared_error,128,adam
100,0.003288480802439153,0.0030066618673708547,100,100,2,mean_squared_error,128,adam
100,0.0033477528486400843,0.0030238271856421746,100,100,3,mean_squared_error,128,adam
100,0.0033896989189088345,0.0030383259879462467,100,100,4,mean_squared_error,128,adam
100,0.0032791103003546596,0.003097749808838169,100,100,5,mean_squared_error,128,adam
