round_epochs,val_loss,loss,batch_sizes,epochs,layers,losses,nodes,optimizers
100,0.0026582631981000304,0.0031240234790819795,100,100,1,mean_squared_error,128,adam
100,0.0027519012801349163,0.003139664815302859,100,100,2,mean_squared_error,128,adam
100,0.0028254740172997117,0.0031830495484499667,100,100,3,mean_squared_error,128,adam
100,0.0026692203246057034,0.0031568823785559554,100,100,4,mean_squared_error,128,adam
100,0.0026391035644337535,0.0031797383021381458,100,100,5,mean_squared_error,128,adam
