round_epochs,val_loss,loss,batch_sizes,epochs,layers,losses,nodes,optimizers
100,0.0016904540825635195,0.0033692098018691147,100,100,1,mean_squared_error,128,adam
100,0.0016862155753187835,0.0034030862916051147,100,100,2,mean_squared_error,128,adam
100,0.0017020353116095066,0.0034080257673383,100,100,3,mean_squared_error,128,adam
100,0.0017098202952183783,0.003416720157936775,100,100,4,mean_squared_error,128,adam
100,0.0016819141455926,0.0033825719807744586,100,100,5,mean_squared_error,128,adam
