round_epochs,val_loss,loss,batch_sizes,epochs,layers,losses,nodes,optimizers
100,0.0036641013575717807,0.002869742569450676,100,100,1,mean_squared_error,128,adam
100,0.0037070567486807704,0.0029417548080363097,100,100,2,mean_squared_error,128,adam
100,0.0036119057331234217,0.0028604144227279533,100,100,3,mean_squared_error,128,adam
100,0.0036628489615395665,0.0028668047952930794,100,100,4,mean_squared_error,128,adam
100,0.0036688324762508273,0.0028992557069997724,100,100,5,mean_squared_error,128,adam
