round_epochs,val_loss,loss,batch_sizes,epochs,layers,losses,nodes,optimizers
100,0.0033909950871020555,0.002963970487562005,100,100,1,mean_squared_error,128,adam
100,0.0034064826322719455,0.0029606454596576167,100,100,2,mean_squared_error,128,adam
100,0.003409702447243035,0.002967464378294774,100,100,3,mean_squared_error,128,adam
100,0.003341179806739092,0.002967396885091357,100,100,4,mean_squared_error,128,adam
100,0.0034888539230450988,0.002964265221142407,100,100,5,mean_squared_error,128,adam
