round_epochs,val_loss,loss,batch_sizes,epochs,layers,losses,nodes,optimizers
100,0.0040726023726165295,0.0028658734782551123,100,100,1,mean_squared_error,128,adam
100,0.003945938195101917,0.0028756620736561894,100,100,2,mean_squared_error,128,adam
100,0.004051895579323173,0.002858501989266209,100,100,3,mean_squared_error,128,adam
100,0.004132903763093054,0.002866647528100978,100,100,4,mean_squared_error,128,adam
100,0.004281646455638111,0.0028113896649060435,100,100,5,mean_squared_error,128,adam
