round_epochs,val_loss,loss,batch_sizes,epochs,layers,losses,nodes,optimizers
100,0.002217709901742637,0.0032625055335140387,100,100,1,mean_squared_error,128,adam
100,0.0025425588246434927,0.003318968893976437,100,100,2,mean_squared_error,128,adam
100,0.0024442829890176654,0.0032464405174981404,100,100,3,mean_squared_error,128,adam
100,0.0023933027987368405,0.0032674965710357035,100,100,4,mean_squared_error,128,adam
100,0.002494454907719046,0.003378711544963367,100,100,5,mean_squared_error,128,adam
