round_epochs,val_loss,loss,batch_sizes,epochs,layers,losses,nodes,optimizers
100,0.003954717773012817,0.002830180279777685,100,100,1,mean_squared_error,128,adam
100,0.004060689127072692,0.0027745028465837054,100,100,2,mean_squared_error,128,adam
100,0.004113567294552922,0.0028174798263968883,100,100,3,mean_squared_error,128,adam
100,0.004206240409985185,0.002861366681847838,100,100,4,mean_squared_error,128,adam
100,0.0041320150485262275,0.002821043185022507,100,100,5,mean_squared_error,128,adam
