round_epochs,val_loss,loss,batch_sizes,epochs,layers,losses,nodes,optimizers
100,0.004223601776175201,0.002763291347063192,100,100,1,mean_squared_error,128,adam
100,0.0042676497250795364,0.0027670044771329182,100,100,2,mean_squared_error,128,adam
100,0.004135429975576699,0.0027854193383140095,100,100,3,mean_squared_error,128,adam
100,0.004469827632419765,0.0027673725223516083,100,100,4,mean_squared_error,128,adam
100,0.004413629532791674,0.002827079375117122,100,100,5,mean_squared_error,128,adam
