round_epochs,val_loss,loss,batch_sizes,epochs,layers,losses,nodes,optimizers
100,0.0037055512657389045,0.0028794255038870216,100,100,1,mean_squared_error,128,adam
100,0.0037146660033613443,0.0028577508602713295,100,100,2,mean_squared_error,128,adam
100,0.003779569931793958,0.002969236297880268,100,100,3,mean_squared_error,128,adam
100,0.0037256107898429036,0.002919714078447025,100,100,4,mean_squared_error,128,adam
100,0.003773636824917048,0.0029273130068408607,100,100,5,mean_squared_error,128,adam
