round_epochs,val_loss,loss,batch_sizes,epochs,layers,losses,nodes,optimizers
100,0.0024329707375727594,0.003186161464484681,100,100,1,mean_squared_error,128,adam
100,0.0025142936501652002,0.0031948557289058484,100,100,2,mean_squared_error,128,adam
100,0.0025445049977861345,0.003184599187621411,100,100,3,mean_squared_error,128,adam
100,0.0024851979105733335,0.003236764593770231,100,100,4,mean_squared_error,128,adam
100,0.002464613877236843,0.0032384022152417333,100,100,5,mean_squared_error,128,adam
