round_epochs,val_loss,loss,batch_sizes,epochs,layers,losses,nodes,optimizers
100,0.002072078757919371,0.0032749558167790853,100,100,1,mean_squared_error,128,adam
100,0.0020503822015598416,0.0032905250570931482,100,100,2,mean_squared_error,128,adam
100,0.002052753698080778,0.003367014889907236,100,100,3,mean_squared_error,128,adam
100,0.0020884076366201043,0.0033792791831585693,100,100,4,mean_squared_error,128,adam
100,0.0021772257750853896,0.0033217928796605636,100,100,5,mean_squared_error,128,adam
