round_epochs,val_loss,loss,batch_sizes,epochs,layers,losses,nodes,optimizers
100,0.003017190843820572,0.003042403568201308,100,100,1,mean_squared_error,128,adam
100,0.0030237664468586445,0.003040930848086115,100,100,2,mean_squared_error,128,adam
100,0.0030229121912270784,0.0030744267745323487,100,100,3,mean_squared_error,128,adam
100,0.0030857797246426344,0.0031050130062257506,100,100,4,mean_squared_error,128,adam
100,0.0032390764681622386,0.0030797023555783737,100,100,5,mean_squared_error,128,adam
