round_epochs,val_loss,loss,batch_sizes,epochs,layers,losses,nodes,optimizers
100,0.005386800272390246,0.002454844354133172,100,100,1,mean_squared_error,128,adam
100,0.005408308934420347,0.0024610017730827645,100,100,2,mean_squared_error,128,adam
100,0.005289473570883274,0.0024504530666400685,100,100,3,mean_squared_error,128,adam
100,0.005305948434397578,0.002493578001148113,100,100,4,mean_squared_error,128,adam
100,0.005352317122742534,0.002513166152328971,100,100,5,mean_squared_error,128,adam
