round_epochs,val_loss,loss,batch_sizes,epochs,layers,losses,nodes,optimizers
100,0.002884067303966731,0.0030602203962977075,100,100,1,mean_squared_error,128,adam
100,0.0028866850188933313,0.0030715897917113406,100,100,2,mean_squared_error,128,adam
100,0.002901427447795868,0.0031129148926000777,100,100,3,mean_squared_error,128,adam
100,0.002905921544879675,0.003108447527329907,100,100,4,mean_squared_error,128,adam
100,0.0031321007409133017,0.003141752662468184,100,100,5,mean_squared_error,128,adam
