round_epochs,val_loss,loss,batch_sizes,epochs,layers,losses,nodes,optimizers
100,0.001647547702305019,0.0033846484338083726,100,100,1,mean_squared_error,128,adam
100,0.0016646579606458545,0.0034239235598109057,100,100,2,mean_squared_error,128,adam
100,0.001626376761123538,0.003403278337546784,100,100,3,mean_squared_error,128,adam
100,0.0017373766168020666,0.0034423075139625127,100,100,4,mean_squared_error,128,adam
100,0.0016723487642593682,0.003459673950411333,100,100,5,mean_squared_error,128,adam
