round_epochs,val_loss,loss,batch_sizes,epochs,layers,losses,nodes,optimizers
100,0.00482851336710155,0.0025953364666919682,100,100,1,mean_squared_error,128,adam
100,0.004852891433984041,0.0025891293532614864,100,100,2,mean_squared_error,128,adam
100,0.004895001649856567,0.002635260558720953,100,100,3,mean_squared_error,128,adam
100,0.004940947401337326,0.0025931544146163667,100,100,4,mean_squared_error,128,adam
100,0.004858058877289295,0.0025990075918114995,100,100,5,mean_squared_error,128,adam
