round_epochs,val_loss,loss,batch_sizes,epochs,layers,losses,nodes,optimizers
100,0.0023467349819839,0.0032107497249859313,100,100,1,mean_squared_error,128,adam
100,0.002328335423953831,0.003209425480884776,100,100,2,mean_squared_error,128,adam
100,0.0023100574617274106,0.003262509863173242,100,100,3,mean_squared_error,128,adam
100,0.00235710758715868,0.0032477221656847135,100,100,4,mean_squared_error,128,adam
100,0.0023504503187723458,0.0032788708057716136,100,100,5,mean_squared_error,128,adam
