round_epochs,val_loss,loss,batch_sizes,epochs,layers,losses,nodes,optimizers
100,0.0019346022745594382,0.0033106675268953973,100,100,1,mean_squared_error,128,adam
100,0.0019661164842545986,0.003347292778785055,100,100,2,mean_squared_error,128,adam
100,0.0019436446018517017,0.00329327497261813,100,100,3,mean_squared_error,128,adam
100,0.0021014585508964956,0.003464120564031157,100,100,4,mean_squared_error,128,adam
100,0.0019225574214942753,0.003414638836148926,100,100,5,mean_squared_error,128,adam
