round_epochs,val_loss,loss,batch_sizes,epochs,layers,losses,nodes,optimizers
100,0.0026366182137280703,0.003142074958650915,100,100,1,mean_squared_error,128,adam
100,0.002665268024429679,0.0031548686222393576,100,100,2,mean_squared_error,128,adam
100,0.0026349108666181564,0.0031450917499631793,100,100,3,mean_squared_error,128,adam
100,0.0026274058036506176,0.0031353356648884593,100,100,4,mean_squared_error,128,adam
100,0.0026620388962328434,0.0031385595031089624,100,100,5,mean_squared_error,128,adam
