round_epochs,val_loss,loss,batch_sizes,epochs,layers,losses,nodes,optimizers
100,0.004467234946787357,0.002733680421372267,100,100,1,mean_squared_error,128,adam
100,0.004284152179025114,0.002916872097489346,100,100,2,mean_squared_error,128,adam
100,0.004483714001253247,0.0027687362676721825,100,100,3,mean_squared_error,128,adam
100,0.004828242585062981,0.002876696143024257,100,100,4,mean_squared_error,128,adam
100,0.004676446900703013,0.002761415287488617,100,100,5,mean_squared_error,128,adam
