round_epochs,val_loss,loss,batch_sizes,epochs,layers,losses,nodes,optimizers
100,0.0035185744054615498,0.0029124181709766334,100,100,1,mean_squared_error,128,adam
100,0.0035068116849288344,0.0029774474726642513,100,100,2,mean_squared_error,128,adam
100,0.003494985227007419,0.0029391400709524473,100,100,3,mean_squared_error,128,adam
100,0.0035266533959656954,0.002961610321792423,100,100,4,mean_squared_error,128,adam
100,0.0035197362885810435,0.0029782784335753497,100,100,5,mean_squared_error,128,adam
