round_epochs,val_loss,loss,batch_sizes,epochs,layers,losses,nodes,optimizers
100,0.0016466944944113493,0.0033725734038956845,100,100,1,mean_squared_error,128,adam
100,0.0016536941402591765,0.003452030207509541,100,100,2,mean_squared_error,128,adam
100,0.0016466769156977534,0.0034730008113266755,100,100,3,mean_squared_error,128,adam
100,0.001640436879824847,0.0033901334496608962,100,100,4,mean_squared_error,128,adam
100,0.0018956017447635531,0.0034124457559435253,100,100,5,mean_squared_error,128,adam
