round_epochs,val_loss,loss,batch_sizes,epochs,layers,losses,nodes,optimizers
100,0.0016127275303006172,0.0034438900213026548,100,100,1,mean_squared_error,128,adam
100,0.001591049658600241,0.0033935449168887993,100,100,2,mean_squared_error,128,adam
100,0.0015785311697982252,0.0034544461118861643,100,100,3,mean_squared_error,128,adam
100,0.0015464924508705735,0.00343495069446977,100,100,4,mean_squared_error,128,adam
100,0.0016328986966982484,0.003459549984849234,100,100,5,mean_squared_error,128,adam
