round_epochs,val_loss,loss,batch_sizes,epochs,layers,losses,nodes,optimizers
100,0.005919671384617686,0.002373393512248191,100,100,1,mean_squared_error,128,adam
100,0.0057121701538562775,0.002412413140276309,100,100,2,mean_squared_error,128,adam
100,0.005995069397613406,0.002426907158478889,100,100,3,mean_squared_error,128,adam
100,0.00604471261613071,0.0024390460262413093,100,100,4,mean_squared_error,128,adam
100,0.005911984480917454,0.002389890783453577,100,100,5,mean_squared_error,128,adam
