round_epochs,val_loss,loss,batch_sizes,epochs,layers,losses,nodes,optimizers
100,0.00273307622410357,0.003128783190762799,100,100,1,mean_squared_error,128,adam
100,0.002719993586651981,0.003111492441465917,100,100,2,mean_squared_error,128,adam
100,0.0027056137332692742,0.0031179909457980616,100,100,3,mean_squared_error,128,adam
100,0.0026738070882856846,0.003147266773991893,100,100,4,mean_squared_error,128,adam
100,0.0027315920451655984,0.0032110243015229067,100,100,5,mean_squared_error,128,adam
