round_epochs,val_loss,loss,batch_sizes,epochs,layers,losses,nodes,optimizers
100,0.0015218830085359514,0.0034471097552638327,100,100,1,mean_squared_error,128,adam
100,0.0015078283613547683,0.0034338499350037347,100,100,2,mean_squared_error,128,adam
100,0.0015811336343176663,0.0034774369717539477,100,100,3,mean_squared_error,128,adam
100,0.0017387038096785545,0.0035068339970398773,100,100,4,mean_squared_error,128,adam
100,0.001534561044536531,0.003429868752171795,100,100,5,mean_squared_error,128,adam
