round_epochs,val_loss,loss,batch_sizes,epochs,layers,losses,nodes,optimizers
100,0.004384872619993985,0.0027006119415362148,100,100,1,mean_squared_error,128,adam
100,0.004428662941791117,0.0026933414222222655,100,100,2,mean_squared_error,128,adam
100,0.004397769516799599,0.0026802817171320634,100,100,3,mean_squared_error,128,adam
100,0.004551702761091292,0.0027341041947075064,100,100,4,mean_squared_error,128,adam
100,0.004378389683552086,0.002770903291826478,100,100,5,mean_squared_error,128,adam
