round_epochs,val_loss,loss,batch_sizes,epochs,layers,losses,nodes,optimizers
100,0.0023107806919142604,0.0032038587706165857,100,100,1,mean_squared_error,128,adam
100,0.0023223768221214414,0.003247997770581315,100,100,2,mean_squared_error,128,adam
100,0.002313451550435275,0.0032408323575473285,100,100,3,mean_squared_error,128,adam
100,0.0023158080293796957,0.003293214070357765,100,100,4,mean_squared_error,128,adam
100,0.0023209720384329557,0.003314081981873725,100,100,5,mean_squared_error,128,adam
