round_epochs,val_loss,loss,batch_sizes,epochs,layers,losses,nodes,optimizers
100,0.0018005168531090021,0.0033353344666700487,100,100,1,mean_squared_error,128,adam
100,0.0018039934802800417,0.0033656933408426366,100,100,2,mean_squared_error,128,adam
100,0.0018412255449220538,0.0033546998319991203,100,100,3,mean_squared_error,128,adam
100,0.0018023368320427835,0.0033571194706995214,100,100,4,mean_squared_error,128,adam
100,0.001947601092979312,0.0034519219205706602,100,100,5,mean_squared_error,128,adam
