round_epochs,val_loss,loss,batch_sizes,epochs,layers,losses,nodes,optimizers
100,0.0016795273404568434,0.0033905797460826305,100,100,1,mean_squared_error,128,adam
100,0.0017825447139330208,0.0034215803539615884,100,100,2,mean_squared_error,128,adam
100,0.0016619313973933458,0.003384638946323897,100,100,3,mean_squared_error,128,adam
100,0.0016472195857204497,0.0034911034815829334,100,100,4,mean_squared_error,128,adam
100,0.0017412177403457463,0.003494526110111604,100,100,5,mean_squared_error,128,adam
