round_epochs,val_loss,loss,batch_sizes,epochs,layers,losses,nodes,optimizers
100,0.002230417914688587,0.0032686497019522257,100,100,1,mean_squared_error,128,adam
100,0.0022131172008812428,0.003219219864851962,100,100,2,mean_squared_error,128,adam
100,0.002223687246441841,0.0033252207103076953,100,100,3,mean_squared_error,128,adam
100,0.002290418022312224,0.0033042490026576722,100,100,4,mean_squared_error,128,adam
100,0.002130414533894509,0.003196745001838003,100,100,5,mean_squared_error,128,adam
