round_epochs,val_loss,loss,batch_sizes,epochs,layers,losses,nodes,optimizers
100,0.0026627255138009787,0.003142114351614284,100,100,1,mean_squared_error,128,adam
100,0.0026185872266069055,0.003152253640377346,100,100,2,mean_squared_error,128,adam
100,0.002645447268150747,0.0031930297340391125,100,100,3,mean_squared_error,128,adam
100,0.0026427905540913343,0.0031650629930794986,100,100,4,mean_squared_error,128,adam
100,0.0026234169490635395,0.003181962970089405,100,100,5,mean_squared_error,128,adam
