round_epochs,val_loss,loss,batch_sizes,epochs,layers,losses,nodes,optimizers
100,0.023004896938800812,0.020869258343613938,100,100,1,mean_squared_error,128,adam
100,0.021823030896484852,0.020362472066070617,100,100,2,mean_squared_error,128,adam
100,0.02101875189691782,0.020311367225941637,100,100,3,mean_squared_error,128,adam
100,0.02099386416375637,0.020351014411233097,100,100,4,mean_squared_error,128,adam
100,0.020960364490747452,0.020200560107193094,100,100,5,mean_squared_error,128,adam
