round_epochs,val_loss,loss,batch_sizes,epochs,layers,losses,nodes,optimizers
100,0.01877692248672247,0.02187515747673968,100,100,1,mean_squared_error,128,adam
100,0.01789789041504264,0.02127539273701114,100,100,2,mean_squared_error,128,adam
100,0.017742845695465803,0.020975854914537507,100,100,3,mean_squared_error,128,adam
100,0.017743670381605625,0.020972134146806744,100,100,4,mean_squared_error,128,adam
100,0.01790072536095977,0.02096839435631701,100,100,5,mean_squared_error,128,adam
