round_epochs,val_loss,loss,batch_sizes,epochs,layers,losses,nodes,optimizers
100,0.023465251550078392,0.02060418007650572,100,100,1,mean_squared_error,128,adam
100,0.02307384368032217,0.019827516214486134,100,100,2,mean_squared_error,128,adam
100,0.023575705476105213,0.019772828560094064,100,100,3,mean_squared_error,128,adam
100,0.02334389928728342,0.019646293230737105,100,100,4,mean_squared_error,128,adam
100,0.02317013405263424,0.01968631652814426,100,100,5,mean_squared_error,128,adam
