round_epochs,val_loss,loss,batch_sizes,epochs,layers,losses,nodes,optimizers
100,0.020355528220534325,0.021422075678842686,100,100,1,mean_squared_error,128,adam
100,0.02016488090157509,0.020689388517947757,100,100,2,mean_squared_error,128,adam
100,0.020035093650221825,0.02041516543245957,100,100,3,mean_squared_error,128,adam
100,0.020030701532959938,0.020398334687452144,100,100,4,mean_squared_error,128,adam
100,0.01976363081485033,0.02039706402776462,100,100,5,mean_squared_error,128,adam
