round_epochs,val_loss,loss,batch_sizes,epochs,layers,losses,nodes,optimizers
100,0.014208152424544096,0.023007461073830518,100,100,1,mean_squared_error,128,adam
100,0.01325839338824153,0.02234253732112233,100,100,2,mean_squared_error,128,adam
100,0.012884339783340693,0.02215330098500389,100,100,3,mean_squared_error,128,adam
100,0.013034461066126823,0.02212749804616049,100,100,4,mean_squared_error,128,adam
100,0.01331834401935339,0.022314050844468372,100,100,5,mean_squared_error,128,adam
