round_epochs,val_loss,loss,batch_sizes,epochs,layers,losses,nodes,optimizers
100,0.021318032406270504,0.021151851119009663,100,100,1,mean_squared_error,128,adam
100,0.020881320349872112,0.02034685283535637,100,100,2,mean_squared_error,128,adam
100,0.021044493652880192,0.020126497862541184,100,100,3,mean_squared_error,128,adam
100,0.021238760091364384,0.020127371009509166,100,100,4,mean_squared_error,128,adam
100,0.020996911451220512,0.0201286106593021,100,100,5,mean_squared_error,128,adam
