round_epochs,val_loss,loss,batch_sizes,epochs,layers,losses,nodes,optimizers
100,0.017993628047406673,0.022023250007342187,100,100,1,mean_squared_error,128,adam
100,0.017434258945286274,0.021209581056901152,100,100,2,mean_squared_error,128,adam
100,0.017733830027282238,0.02101694912683494,100,100,3,mean_squared_error,128,adam
100,0.017613819800317287,0.021029344765709546,100,100,4,mean_squared_error,128,adam
100,0.017540184780955315,0.02099893443887874,100,100,5,mean_squared_error,128,adam
