round_epochs,val_loss,loss,batch_sizes,epochs,layers,losses,nodes,optimizers
100,0.021604913286864758,0.021131726396788793,100,100,1,mean_squared_error,128,adam
100,0.020831769332289696,0.02047051388644456,100,100,2,mean_squared_error,128,adam
100,0.020600052550435066,0.020237336902691517,100,100,3,mean_squared_error,128,adam
100,0.02045776043087244,0.020306790704478758,100,100,4,mean_squared_error,128,adam
100,0.020456761121749878,0.02026722730325071,100,100,5,mean_squared_error,128,adam
