round_epochs,val_loss,loss,batch_sizes,epochs,layers,losses,nodes,optimizers
100,0.02247610967606306,0.020942375250393816,100,100,1,mean_squared_error,128,adam
100,0.021725907921791077,0.020200247371636882,100,100,2,mean_squared_error,128,adam
100,0.021563337184488773,0.01998681581354186,100,100,3,mean_squared_error,128,adam
100,0.02173466794192791,0.02011440583366029,100,100,4,mean_squared_error,128,adam
100,0.021706572733819485,0.020118372279390673,100,100,5,mean_squared_error,128,adam
