round_epochs,val_loss,loss,batch_sizes,epochs,layers,losses,nodes,optimizers
100,0.01740479562431574,0.022341234376362627,100,100,1,mean_squared_error,128,adam
100,0.016108169686049223,0.02188901284077812,100,100,2,mean_squared_error,128,adam
100,0.015033978968858719,0.0217161584267852,100,100,3,mean_squared_error,128,adam
100,0.015127395745366812,0.021845513672680967,100,100,4,mean_squared_error,128,adam
100,0.014761998318135738,0.02168505141821612,100,100,5,mean_squared_error,128,adam
