round_epochs,val_loss,loss,batch_sizes,epochs,layers,losses,nodes,optimizers
100,0.02026662975549698,0.021494756749969847,100,100,1,mean_squared_error,128,adam
100,0.01922544091939926,0.020936081537951217,100,100,2,mean_squared_error,128,adam
100,0.01893532183021307,0.020717322812398176,100,100,3,mean_squared_error,128,adam
100,0.018857008777558804,0.020655817042182997,100,100,4,mean_squared_error,128,adam
100,0.01896811742335558,0.02069231507849783,100,100,5,mean_squared_error,128,adam
