round_epochs,val_loss,loss,batch_sizes,epochs,layers,losses,nodes,optimizers
100,0.016812914982438087,0.02234486145467424,100,100,1,mean_squared_error,128,adam
100,0.016394537407904863,0.021551927122682595,100,100,2,mean_squared_error,128,adam
100,0.017063579987734556,0.02138098668031982,100,100,3,mean_squared_error,128,adam
100,0.01659578364342451,0.02123564117365471,100,100,4,mean_squared_error,128,adam
100,0.016591483261436224,0.021650437871751856,100,100,5,mean_squared_error,128,adam
