round_epochs,val_loss,loss,batch_sizes,epochs,layers,losses,nodes,optimizers
100,0.023976054042577744,0.020555606613096515,100,100,1,mean_squared_error,128,adam
100,0.02310366742312908,0.020027880439154794,100,100,2,mean_squared_error,128,adam
100,0.022478080354630947,0.019791246628451706,100,100,3,mean_squared_error,128,adam
100,0.022408231161534786,0.019837438876044763,100,100,4,mean_squared_error,128,adam
100,0.022406652569770813,0.019872902979950733,100,100,5,mean_squared_error,128,adam
