round_epochs,val_loss,loss,batch_sizes,epochs,layers,losses,nodes,optimizers
100,0.024661255069077015,0.020435504016183194,100,100,1,mean_squared_error,128,adam
100,0.02416971605271101,0.019510611558381994,100,100,2,mean_squared_error,128,adam
100,0.02475048042833805,0.019350819844514765,100,100,3,mean_squared_error,128,adam
100,0.024683083407580853,0.01929129523053784,100,100,4,mean_squared_error,128,adam
100,0.024489554576575756,0.019545068076167148,100,100,5,mean_squared_error,128,adam
