round_epochs,val_loss,loss,batch_sizes,epochs,layers,losses,nodes,optimizers
100,0.015775827690958977,0.022627387289074395,100,100,1,mean_squared_error,128,adam
100,0.015099856536835432,0.02194838981623196,100,100,2,mean_squared_error,128,adam
100,0.015066908206790686,0.02187847908124682,100,100,3,mean_squared_error,128,adam
100,0.015418977476656437,0.02167021997683263,100,100,4,mean_squared_error,128,adam
100,0.015168636571615934,0.021652808051570337,100,100,5,mean_squared_error,128,adam
