round_epochs,val_loss,loss,batch_sizes,epochs,layers,losses,nodes,optimizers
100,0.021407069638371468,0.021162274564023087,100,100,1,mean_squared_error,128,adam
100,0.02124613244086504,0.020218289225305126,100,100,2,mean_squared_error,128,adam
100,0.02144371997565031,0.020060992187753934,100,100,3,mean_squared_error,128,adam
100,0.02146575879305601,0.02002482775025284,100,100,4,mean_squared_error,128,adam
100,0.02149276528507471,0.02015223207700536,100,100,5,mean_squared_error,128,adam
