round_epochs,val_loss,loss,batch_sizes,epochs,layers,losses,nodes,optimizers
100,0.019887764938175678,0.021678897956658963,100,100,1,mean_squared_error,128,adam
100,0.019040530547499657,0.020923319201594747,100,100,2,mean_squared_error,128,adam
100,0.018955236300826073,0.02069302209103958,100,100,3,mean_squared_error,128,adam
100,0.0186911104246974,0.020692387253083335,100,100,4,mean_squared_error,128,adam
100,0.01885430607944727,0.020731456279381645,100,100,5,mean_squared_error,128,adam
