round_epochs,val_loss,loss,batch_sizes,epochs,layers,losses,nodes,optimizers
100,0.022517025470733643,0.020935665841712074,100,100,1,mean_squared_error,128,adam
100,0.022053674794733524,0.02020170684386329,100,100,2,mean_squared_error,128,adam
100,0.022130858153104782,0.020031840742119264,100,100,3,mean_squared_error,128,adam
100,0.021852956153452396,0.019908770788297784,100,100,4,mean_squared_error,128,adam
100,0.02184490952640772,0.019944825798310386,100,100,5,mean_squared_error,128,adam
