round_epochs,val_loss,loss,batch_sizes,epochs,layers,losses,nodes,optimizers
100,0.025743051432073116,0.020130955685251795,100,100,1,mean_squared_error,128,adam
100,0.024881599470973015,0.019475740388744466,100,100,2,mean_squared_error,128,adam
100,0.0247937785461545,0.01945380531064933,100,100,3,mean_squared_error,128,adam
100,0.02481488138437271,0.01931674702347108,100,100,4,mean_squared_error,128,adam
100,0.024772200733423233,0.019217385174951356,100,100,5,mean_squared_error,128,adam
