round_epochs,val_loss,loss,batch_sizes,epochs,layers,losses,nodes,optimizers
100,0.020275717601180077,0.021529288570838367,100,100,1,mean_squared_error,128,adam
100,0.019534206949174404,0.020855582870533677,100,100,2,mean_squared_error,128,adam
100,0.018851753789931536,0.020636010231993376,100,100,3,mean_squared_error,128,adam
100,0.019123378675431013,0.02067304367388369,100,100,4,mean_squared_error,128,adam
100,0.018970224540680647,0.020676067052350772,100,100,5,mean_squared_error,128,adam
