round_epochs,val_loss,loss,batch_sizes,epochs,layers,losses,nodes,optimizers
100,0.025479075498878956,0.020197116365383502,100,100,1,mean_squared_error,128,adam
100,0.024426866322755814,0.019747896700426096,100,100,2,mean_squared_error,128,adam
100,0.02374703623354435,0.019525814563670058,100,100,3,mean_squared_error,128,adam
100,0.02370343916118145,0.019473293882436835,100,100,4,mean_squared_error,128,adam
100,0.02381989825516939,0.019441663637263084,100,100,5,mean_squared_error,128,adam
