round_epochs,val_loss,loss,batch_sizes,epochs,layers,losses,nodes,optimizers
100,0.015466829296201468,0.022744620158261293,100,100,1,mean_squared_error,128,adam
100,0.014587579760700464,0.02210649884118231,100,100,2,mean_squared_error,128,adam
100,0.014299660455435514,0.021920600961963733,100,100,3,mean_squared_error,128,adam
100,0.014416731894016266,0.022122146228377302,100,100,4,mean_squared_error,128,adam
100,0.014202107209712267,0.021922064070894063,100,100,5,mean_squared_error,128,adam
