round_epochs,val_loss,loss,batch_sizes,epochs,layers,losses,nodes,optimizers
100,0.022853991948068142,0.020798113826517767,100,100,1,mean_squared_error,128,adam
100,0.022118141874670982,0.02007269960022689,100,100,2,mean_squared_error,128,adam
100,0.02243332378566265,0.019895824630545435,100,100,3,mean_squared_error,128,adam
100,0.022403810173273087,0.019860161501023738,100,100,4,mean_squared_error,128,adam
100,0.02245738822966814,0.019755985480599172,100,100,5,mean_squared_error,128,adam
