round_epochs,val_loss,loss,batch_sizes,epochs,layers,losses,nodes,optimizers
100,0.01861286722123623,0.021938883711132822,100,100,1,mean_squared_error,128,adam
100,0.01779505331069231,0.021239670266272576,100,100,2,mean_squared_error,128,adam
100,0.017620829865336418,0.02092628936762356,100,100,3,mean_squared_error,128,adam
100,0.017722096294164658,0.0209591587672059,100,100,4,mean_squared_error,128,adam
100,0.017876568250358105,0.02092541850525163,100,100,5,mean_squared_error,128,adam
