round_epochs,val_loss,loss,batch_sizes,epochs,layers,losses,nodes,optimizers
100,0.022453106939792633,0.02092658008713373,100,100,1,mean_squared_error,128,adam
100,0.0217200955376029,0.0202749198528755,100,100,2,mean_squared_error,128,adam
100,0.021255721803754568,0.02008516718639301,100,100,3,mean_squared_error,128,adam
100,0.021320538595318794,0.020248626196787266,100,100,4,mean_squared_error,128,adam
100,0.021168039180338383,0.020111580662550557,100,100,5,mean_squared_error,128,adam
