round_epochs,val_loss,loss,batch_sizes,epochs,layers,losses,nodes,optimizers
100,0.022684218361973763,0.02090618946707256,100,100,1,mean_squared_error,128,adam
100,0.02163913380354643,0.020353952774752365,100,100,2,mean_squared_error,128,adam
100,0.021157514303922653,0.02010875779235542,100,100,3,mean_squared_error,128,adam
100,0.021057818084955215,0.020148031314478277,100,100,4,mean_squared_error,128,adam
100,0.021064252592623234,0.020145058631896973,100,100,5,mean_squared_error,128,adam
