round_epochs,val_loss,loss,batch_sizes,epochs,layers,losses,nodes,optimizers
100,0.02342976536601782,0.020718753265592273,100,100,1,mean_squared_error,128,adam
100,0.02272629737854004,0.019988607249230857,100,100,2,mean_squared_error,128,adam
100,0.02247139811515808,0.01992862771389929,100,100,3,mean_squared_error,128,adam
100,0.022415506653487682,0.019781212661606498,100,100,4,mean_squared_error,128,adam
100,0.022480902262032032,0.019761417424760862,100,100,5,mean_squared_error,128,adam
