round_epochs,val_loss,loss,batch_sizes,epochs,layers,losses,nodes,optimizers
100,0.029453987255692482,0.019233708900489258,100,100,1,mean_squared_error,128,adam
100,0.02825317345559597,0.01880143752766864,100,100,2,mean_squared_error,128,adam
100,0.027813744731247425,0.018710082583362528,100,100,3,mean_squared_error,128,adam
100,0.027237990871071815,0.0187373386441878,100,100,4,mean_squared_error,128,adam
100,0.026939580217003822,0.018733492776173376,100,100,5,mean_squared_error,128,adam
