round_epochs,val_loss,loss,batch_sizes,epochs,layers,losses,nodes,optimizers
100,0.019167364574968815,0.021772903419369005,100,100,1,mean_squared_error,128,adam
100,0.018190509639680386,0.021238444573496548,100,100,2,mean_squared_error,128,adam
100,0.0176205700263381,0.021143392838062124,100,100,3,mean_squared_error,128,adam
100,0.017637030221521854,0.021180560292491924,100,100,4,mean_squared_error,128,adam
100,0.017458763904869556,0.02115743018882594,100,100,5,mean_squared_error,128,adam
