round_epochs,val_loss,loss,batch_sizes,epochs,layers,losses,nodes,optimizers
100,0.021752770990133286,0.02112988220791196,100,100,1,mean_squared_error,128,adam
100,0.020888318307697773,0.020498397320658154,100,100,2,mean_squared_error,128,adam
100,0.020497459918260574,0.02032308637144718,100,100,3,mean_squared_error,128,adam
100,0.020443381741642952,0.020570269882567088,100,100,4,mean_squared_error,128,adam
100,0.020497044548392296,0.020337494397920573,100,100,5,mean_squared_error,128,adam
