round_epochs,val_loss,loss,batch_sizes,epochs,layers,losses,nodes,optimizers
100,0.019222354516386986,0.021734676031262914,100,100,1,mean_squared_error,128,adam
100,0.01864816015586257,0.020988828114447217,100,100,2,mean_squared_error,128,adam
100,0.019005869515240192,0.020685386926737687,100,100,3,mean_squared_error,128,adam
100,0.01874243700876832,0.02084537460532818,100,100,4,mean_squared_error,128,adam
100,0.01886276574805379,0.020762980521629764,100,100,5,mean_squared_error,128,adam
