round_epochs,val_loss,loss,batch_sizes,epochs,layers,losses,nodes,optimizers
100,0.01571950549259782,0.022591120310510054,100,100,1,mean_squared_error,128,adam
100,0.015136756468564272,0.02186960410163534,100,100,2,mean_squared_error,128,adam
100,0.015008082147687674,0.02175620482425591,100,100,3,mean_squared_error,128,adam
100,0.014944711234420538,0.02168851307545496,100,100,4,mean_squared_error,128,adam
100,0.015146201476454735,0.021631976855319642,100,100,5,mean_squared_error,128,adam
