round_epochs,val_loss,loss,batch_sizes,epochs,layers,losses,nodes,optimizers
100,0.017588081769645214,0.022168200658879082,100,100,1,mean_squared_error,128,adam
100,0.016641458496451378,0.02157925230885701,100,100,2,mean_squared_error,128,adam
100,0.015931944828480482,0.021553447439763066,100,100,3,mean_squared_error,128,adam
100,0.01598232425749302,0.02140237538794403,100,100,4,mean_squared_error,128,adam
100,0.016398184932768345,0.021485208299416626,100,100,5,mean_squared_error,128,adam
