round_epochs,val_loss,loss,batch_sizes,epochs,layers,losses,nodes,optimizers
100,0.017960673198103905,0.022055684482779014,100,100,1,mean_squared_error,128,adam
100,0.01730171125382185,0.021355464359808327,100,100,2,mean_squared_error,128,adam
100,0.01715423073619604,0.021111409470103263,100,100,3,mean_squared_error,128,adam
100,0.017610548995435238,0.02110004338793671,100,100,4,mean_squared_error,128,adam
100,0.01741791609674692,0.021076527124594836,100,100,5,mean_squared_error,128,adam
