round_epochs,val_loss,loss,batch_sizes,epochs,layers,losses,nodes,optimizers
100,0.02421414013952017,0.02051376606173375,100,100,1,mean_squared_error,128,adam
100,0.023373233154416084,0.0198832027152535,100,100,2,mean_squared_error,128,adam
100,0.022809096612036228,0.01970342323370511,100,100,3,mean_squared_error,128,adam
100,0.02275264635682106,0.01972352711714627,100,100,4,mean_squared_error,128,adam
100,0.022745542228221893,0.019723861896723174,100,100,5,mean_squared_error,128,adam
