round_epochs,val_loss,loss,batch_sizes,epochs,layers,losses,nodes,optimizers
100,0.022621942684054375,0.020948627238652585,100,100,1,mean_squared_error,128,adam
100,0.02158475387841463,0.0205046158908716,100,100,2,mean_squared_error,128,adam
100,0.021185689605772495,0.02010562576269626,100,100,3,mean_squared_error,128,adam
100,0.02098177559673786,0.020206492298628868,100,100,4,mean_squared_error,128,adam
100,0.021066725254058838,0.02014785639018529,100,100,5,mean_squared_error,128,adam
