round_epochs,val_loss,loss,batch_sizes,epochs,layers,losses,nodes,optimizers
100,0.02069337945431471,0.02151230199539915,100,100,1,mean_squared_error,128,adam
100,0.019727389328181744,0.020936055740665583,100,100,2,mean_squared_error,128,adam
100,0.019127088598906994,0.020612835252333494,100,100,3,mean_squared_error,128,adam
100,0.018940262496471405,0.020605637756023597,100,100,4,mean_squared_error,128,adam
100,0.01915834192186594,0.020659160677889112,100,100,5,mean_squared_error,128,adam
