round_epochs,val_loss,loss,batch_sizes,epochs,layers,losses,nodes,optimizers
100,0.020323583856225014,0.02146625007795303,100,100,1,mean_squared_error,128,adam
100,0.019568215124309063,0.020824030969520384,100,100,2,mean_squared_error,128,adam
100,0.019234669394791126,0.020596797467303814,100,100,3,mean_squared_error,128,adam
100,0.019278509542346,0.02059059593831195,100,100,4,mean_squared_error,128,adam
100,0.019146877340972424,0.020827481476531757,100,100,5,mean_squared_error,128,adam
