round_epochs,val_loss,loss,batch_sizes,epochs,layers,losses,nodes,optimizers
100,0.020669144578278065,0.021455343465352238,100,100,1,mean_squared_error,128,adam
100,0.019964952021837234,0.020734625380108593,100,100,2,mean_squared_error,128,adam
100,0.01953501906245947,0.02055463215594969,100,100,3,mean_squared_error,128,adam
100,0.019480080343782902,0.020554707591912625,100,100,4,mean_squared_error,128,adam
100,0.019178842194378376,0.020927436220854783,100,100,5,mean_squared_error,128,adam
