round_epochs,val_loss,loss,batch_sizes,epochs,layers,losses,nodes,optimizers
100,0.016315878834575415,0.022491227399478567,100,100,1,mean_squared_error,128,adam
100,0.015383886639028788,0.022015905154586884,100,100,2,mean_squared_error,128,adam
100,0.014650968369096518,0.021754156711869158,100,100,3,mean_squared_error,128,adam
100,0.014569781254976988,0.021756439202829953,100,100,4,mean_squared_error,128,adam
100,0.01456784876063466,0.02185357127511158,100,100,5,mean_squared_error,128,adam
