round_epochs,val_loss,loss,batch_sizes,epochs,layers,losses,nodes,optimizers
100,0.015831184573471546,0.01695794373853389,100,100,1,mean_squared_error,128,adam
250,0.015157990623265505,0.016754229835475,100,250,1,mean_squared_error,128,adam
500,0.014414298348128796,0.01662696778242077,100,500,1,mean_squared_error,128,adam
750,0.014331383630633354,0.01661150157685044,100,750,1,mean_squared_error,128,adam
1000,0.014316510409116745,0.016610787119389625,100,1000,1,mean_squared_error,128,adam
