round_epochs,val_loss,loss,batch_sizes,epochs,layers,losses,nodes,optimizers
100,0.02070343540981412,0.015731182806007098,100,100,1,mean_squared_error,128,adam
250,0.020095983054488897,0.015532146107620165,100,250,1,mean_squared_error,128,adam
500,0.019349646288901567,0.015348091950280624,100,500,1,mean_squared_error,128,adam
750,0.019318317994475365,0.015367601001471803,100,750,1,mean_squared_error,128,adam
1000,0.019341599196195602,0.015322076882653517,100,1000,1,mean_squared_error,128,adam
