round_epochs,val_loss,loss,batch_sizes,epochs,layers,losses,nodes,optimizers
100,0.013712790794670582,0.01753008230717708,100,100,1,mean_squared_error,128,adam
250,0.013346688356250525,0.01703898258329857,100,250,1,mean_squared_error,128,adam
500,0.013328601140528917,0.016907401630342156,100,500,1,mean_squared_error,128,adam
750,0.013249827083200216,0.016848378546330565,100,750,1,mean_squared_error,128,adam
1000,0.013361105229705572,0.016835949582078104,100,1000,1,mean_squared_error,128,adam
