round_epochs,val_loss,loss,batch_sizes,epochs,layers,losses,nodes,optimizers
100,0.015623266343027353,0.01694722458682861,100,100,1,mean_squared_error,128,adam
250,0.015281875617802143,0.016683177558009635,100,250,1,mean_squared_error,128,adam
500,0.01486239256337285,0.016435537300537106,100,500,1,mean_squared_error,128,adam
750,0.014884694945067167,0.016428911092137934,100,750,1,mean_squared_error,128,adam
1000,0.0148846167139709,0.016430381617805266,100,1000,1,mean_squared_error,128,adam
