round_epochs,val_loss,loss,batch_sizes,epochs,layers,losses,nodes,optimizers
100,0.013623683713376522,0.017422053216020566,100,100,1,mean_squared_error,128,adam
250,0.013465104158967733,0.016912034406959264,100,250,1,mean_squared_error,128,adam
500,0.013661841861903667,0.01674968684862431,100,500,1,mean_squared_error,128,adam
750,0.013699654024094343,0.0167448933056572,100,750,1,mean_squared_error,128,adam
1000,0.01369516784325242,0.016812332245266827,100,1000,1,mean_squared_error,128,adam
