round_epochs,val_loss,loss,batch_sizes,epochs,layers,losses,nodes,optimizers
100,0.016538115683943033,0.016743405754759647,100,100,1,mean_squared_error,128,adam
250,0.016212403308600187,0.016494503389474443,100,250,1,mean_squared_error,128,adam
500,0.015622130129486322,0.016380583279226955,100,500,1,mean_squared_error,128,adam
750,0.01532981963828206,0.016365157820769867,100,750,1,mean_squared_error,128,adam
1000,0.01545969070866704,0.01637805176240609,100,1000,1,mean_squared_error,128,adam
