round_epochs,val_loss,loss,batch_sizes,epochs,layers,losses,nodes,optimizers
100,0.017568481154739857,0.016436316745173662,100,100,1,mean_squared_error,128,adam
250,0.017437905073165894,0.01611189241696121,100,250,1,mean_squared_error,128,adam
500,0.017373668029904366,0.01587098593681229,100,500,1,mean_squared_error,128,adam
750,0.017334138974547386,0.015830623135344127,100,750,1,mean_squared_error,128,adam
1000,0.01731679029762745,0.015825258714980202,100,1000,1,mean_squared_error,128,adam
