round_epochs,val_loss,loss,batch_sizes,epochs,layers,losses,nodes,optimizers
100,0.013466783333569765,0.017566070595480744,100,100,1,mean_squared_error,128,adam
250,0.013142595533281565,0.01722823347625577,100,250,1,mean_squared_error,128,adam
500,0.012833941262215376,0.016985921112162277,100,500,1,mean_squared_error,128,adam
750,0.012972986325621605,0.016950626794556927,100,750,1,mean_squared_error,128,adam
1000,0.013193509075790644,0.016970893111369366,100,1000,1,mean_squared_error,128,adam
