round_epochs,val_loss,loss,batch_sizes,epochs,layers,losses,nodes,optimizers
100,0.01778572890907526,0.01641019299523648,100,100,1,mean_squared_error,128,adam
250,0.017510647885501385,0.01598347968335513,100,250,1,mean_squared_error,128,adam
500,0.017498884350061417,0.015772053159605292,100,500,1,mean_squared_error,128,adam
750,0.017502326518297195,0.01577248408886275,100,750,1,mean_squared_error,128,adam
1000,0.017508098855614662,0.01579042445672186,100,1000,1,mean_squared_error,128,adam
