round_epochs,val_loss,loss,batch_sizes,epochs,layers,losses,nodes,optimizers
100,0.017214856576174498,0.01654714603154432,100,100,1,mean_squared_error,128,adam
250,0.017205790150910616,0.016067289917690113,100,250,1,mean_squared_error,128,adam
500,0.01725171972066164,0.015842006656161527,100,500,1,mean_squared_error,128,adam
750,0.017368134111166,0.01589526581043438,100,750,1,mean_squared_error,128,adam
1000,0.017300670966506004,0.01584042012598132,100,1000,1,mean_squared_error,128,adam
