round_epochs,val_loss,loss,batch_sizes,epochs,layers,losses,nodes,optimizers
100,0.016083124559372663,0.016831001336861374,100,100,1,mean_squared_error,128,adam
250,0.01588110439479351,0.016325011905422786,100,250,1,mean_squared_error,128,adam
500,0.015950698871165514,0.016157919064836393,100,500,1,mean_squared_error,128,adam
750,0.015976177528500557,0.016204898957545896,100,750,1,mean_squared_error,128,adam
1000,0.015924520790576935,0.01625261441069214,100,1000,1,mean_squared_error,128,adam
