round_epochs,val_loss,loss,batch_sizes,epochs,layers,losses,nodes,optimizers
100,0.017640968784689903,0.016434193390391226,100,100,1,mean_squared_error,128,adam
250,0.017226493917405605,0.016186478143945374,100,250,1,mean_squared_error,128,adam
500,0.016709526535123587,0.01599471111382757,100,500,1,mean_squared_error,128,adam
750,0.01668805116787553,0.015974519573581546,100,750,1,mean_squared_error,128,adam
1000,0.016679889988154173,0.015967623804483497,100,1000,1,mean_squared_error,128,adam
