round_epochs,val_loss,loss,batch_sizes,epochs,layers,losses,nodes,optimizers
100,0.01577194221317768,0.01691795687627673,100,100,1,mean_squared_error,128,adam
250,0.015237651765346527,0.016549374814843174,100,250,1,mean_squared_error,128,adam
500,0.015151796862483025,0.016378825100927724,100,500,1,mean_squared_error,128,adam
750,0.015174733940511942,0.016403409482019588,100,750,1,mean_squared_error,128,adam
1000,0.015151660423725843,0.01641325692279745,100,1000,1,mean_squared_error,128,adam
