round_epochs,val_loss,loss,batch_sizes,epochs,layers,losses,nodes,optimizers
100,0.017172520980238914,0.01657886694845998,100,100,1,mean_squared_error,128,adam
250,0.016733909025788307,0.01627640013949465,100,250,1,mean_squared_error,128,adam
500,0.016500058583915234,0.01612477537646031,100,500,1,mean_squared_error,128,adam
750,0.016418300569057465,0.016131468964530563,100,750,1,mean_squared_error,128,adam
1000,0.016343943309038877,0.01607258147314975,100,1000,1,mean_squared_error,128,adam
