round_epochs,val_loss,loss,batch_sizes,epochs,layers,losses,nodes,optimizers
100,0.016275929287075996,0.01681242092398175,100,100,1,mean_squared_error,128,adam
250,0.0163222118280828,0.01646375257456512,100,250,1,mean_squared_error,128,adam
500,0.015982563607394695,0.016268719603916758,100,500,1,mean_squared_error,128,adam
750,0.016275264788419008,0.01622627393102138,100,750,1,mean_squared_error,128,adam
1000,0.015892441384494305,0.016267713570131695,100,1000,1,mean_squared_error,128,adam
