round_epochs,val_loss,loss,batch_sizes,epochs,layers,losses,nodes,optimizers
100,0.015723999589681625,0.016928298604256826,100,100,1,mean_squared_error,128,adam
250,0.015366788022220135,0.016527735275732244,100,250,1,mean_squared_error,128,adam
500,0.015171175822615623,0.016404126805806517,100,500,1,mean_squared_error,128,adam
750,0.015157798770815134,0.016374962320341205,100,750,1,mean_squared_error,128,adam
1000,0.015157541260123253,0.016357580725019586,100,1000,1,mean_squared_error,128,adam
