round_epochs,val_loss,loss,batch_sizes,epochs,layers,losses,nodes,optimizers
100,0.01508803991600871,0.017108117587360226,100,100,1,mean_squared_error,128,adam
250,0.014659998938441277,0.016883305154908868,100,250,1,mean_squared_error,128,adam
500,0.013957042712718248,0.016704143956303596,100,500,1,mean_squared_error,128,adam
750,0.013943683356046677,0.01668644828119672,100,750,1,mean_squared_error,128,adam
1000,0.013834986835718155,0.016732089842359226,100,1000,1,mean_squared_error,128,adam
