round_epochs,val_loss,loss,batch_sizes,epochs,layers,losses,nodes,optimizers
100,0.013936028350144625,0.017398887022134654,100,100,1,mean_squared_error,128,adam
250,0.013685610145330429,0.01707825233184156,100,250,1,mean_squared_error,128,adam
500,0.013134009204804897,0.016883425136799354,100,500,1,mean_squared_error,128,adam
750,0.013154683168977499,0.016898886036865395,100,750,1,mean_squared_error,128,adam
1000,0.013135903980582952,0.016930890484318548,100,1000,1,mean_squared_error,128,adam
