round_epochs,val_loss,loss,batch_sizes,epochs,layers,losses,nodes,optimizers
100,0.01500106230378151,0.01709092424757648,100,100,1,mean_squared_error,128,adam
250,0.015081845223903656,0.016694570277679833,100,250,1,mean_squared_error,128,adam
500,0.015094019006937742,0.016400990816286036,100,500,1,mean_squared_error,128,adam
750,0.015057552140206099,0.016444930069167214,100,750,1,mean_squared_error,128,adam
1000,0.015051546040922403,0.016395018524712042,100,1000,1,mean_squared_error,128,adam
