round_epochs,val_loss,loss,batch_sizes,epochs,layers,losses,nodes,optimizers
100,0.015021164901554585,0.017053169364058283,100,100,1,mean_squared_error,128,adam
250,0.01493333000689745,0.016527238229574415,100,250,1,mean_squared_error,128,adam
500,0.01506896410137415,0.016462472615236028,100,500,1,mean_squared_error,128,adam
750,0.014994268771260977,0.01639826422823327,100,750,1,mean_squared_error,128,adam
1000,0.01499428367242217,0.01639798053430585,100,1000,1,mean_squared_error,128,adam
