round_epochs,val_loss,loss,batch_sizes,epochs,layers,losses,nodes,optimizers
100,0.01634642295539379,0.016747034483946356,100,100,1,mean_squared_error,128,adam
250,0.016034331172704697,0.016303527259961106,100,250,1,mean_squared_error,128,adam
500,0.01590320933610201,0.01620266160794667,100,500,1,mean_squared_error,128,adam
750,0.01596463890746236,0.01616882849811462,100,750,1,mean_squared_error,128,adam
1000,0.01604832662269473,0.016194399875731097,100,1000,1,mean_squared_error,128,adam
