round_epochs,val_loss,loss,batch_sizes,epochs,layers,losses,nodes,optimizers
100,0.01311888825148344,0.017539280055926407,100,100,1,mean_squared_error,128,adam
250,0.013034369330853224,0.017088135106857857,100,250,1,mean_squared_error,128,adam
500,0.013207250740379095,0.016891754024608394,100,500,1,mean_squared_error,128,adam
750,0.013168806210160255,0.01695333856314346,100,750,1,mean_squared_error,128,adam
1000,0.013227466493844986,0.016855556797936447,100,1000,1,mean_squared_error,128,adam
