round_epochs,val_loss,loss,batch_sizes,epochs,layers,losses,nodes,optimizers
100,0.01598750427365303,0.01687622369782892,100,100,1,mean_squared_error,128,adam
250,0.01568009704351425,0.016388467459339546,100,250,1,mean_squared_error,128,adam
500,0.015652933157980442,0.016462340395440134,100,500,1,mean_squared_error,128,adam
750,0.01562512433156371,0.01629513672980151,100,750,1,mean_squared_error,128,adam
1000,0.01560515584424138,0.01625144070383152,100,1000,1,mean_squared_error,128,adam
