round_epochs,val_loss,loss,batch_sizes,epochs,layers,losses,nodes,optimizers
100,0.02472864557057619,0.014748645913705491,100,100,1,mean_squared_error,128,adam
250,0.02416250016540289,0.014440485918170827,100,250,1,mean_squared_error,128,adam
500,0.023622674867510796,0.014268066986162859,100,500,1,mean_squared_error,128,adam
750,0.023554435931146145,0.014284802269293252,100,750,1,mean_squared_error,128,adam
1000,0.023537191562354565,0.01428736956383949,100,1000,1,mean_squared_error,128,adam
