round_epochs,val_loss,loss,batch_sizes,epochs,layers,losses,nodes,optimizers
100,0.017459508031606674,0.01649070864445285,100,100,1,mean_squared_error,128,adam
250,0.016990204341709614,0.016310389415083223,100,250,1,mean_squared_error,128,adam
500,0.016218730248510838,0.016136280095256063,100,500,1,mean_squared_error,128,adam
750,0.01619723718613386,0.016166923668020798,100,750,1,mean_squared_error,128,adam
1000,0.01618850603699684,0.016150902933382748,100,1000,1,mean_squared_error,128,adam
