round_epochs,val_loss,loss,batch_sizes,epochs,layers,losses,nodes,optimizers
100,0.013405567035079002,0.017452640416926908,100,100,1,mean_squared_error,128,adam
250,0.013187906239181757,0.01704460346048936,100,250,1,mean_squared_error,128,adam
500,0.01359076239168644,0.016795423526064793,100,500,1,mean_squared_error,128,adam
750,0.013713945169001818,0.01685986543695132,100,750,1,mean_squared_error,128,adam
1000,0.013601315207779408,0.01677355765922924,100,1000,1,mean_squared_error,128,adam
