round_epochs,val_loss,loss,batch_sizes,epochs,layers,losses,nodes,optimizers
100,0.013107255566865206,0.017616761782974527,100,100,1,mean_squared_error,128,adam
250,0.012884649448096752,0.0173360709040274,100,250,1,mean_squared_error,128,adam
500,0.012400376610457897,0.017099419879472645,100,500,1,mean_squared_error,128,adam
750,0.012511723209172487,0.017078896382249388,100,750,1,mean_squared_error,128,adam
1000,0.012538562528789043,0.01706814237013646,100,1000,1,mean_squared_error,128,adam
