round_epochs,val_loss,loss,batch_sizes,epochs,layers,losses,nodes,optimizers
100,0.017682181671261787,0.01646919853350423,100,100,1,mean_squared_error,128,adam
250,0.017099672462791204,0.0162710204701824,100,250,1,mean_squared_error,128,adam
500,0.01647762442007661,0.016048792763648175,100,500,1,mean_squared_error,128,adam
750,0.016481615602970123,0.016102559470051063,100,750,1,mean_squared_error,128,adam
1000,0.01641277503222227,0.0160848932074649,100,1000,1,mean_squared_error,128,adam
