round_epochs,val_loss,loss,batch_sizes,epochs,layers,losses,nodes,optimizers
100,0.013171894010156393,0.017540532913535162,100,100,1,mean_squared_error,128,adam
250,0.012935252394527197,0.017297704897839623,100,250,1,mean_squared_error,128,adam
500,0.012530861888080835,0.017127559051141703,100,500,1,mean_squared_error,128,adam
750,0.012397071346640587,0.017088002861386405,100,750,1,mean_squared_error,128,adam
1000,0.01235649874433875,0.017080737184499737,100,1000,1,mean_squared_error,128,adam
