round_epochs,val_loss,loss,batch_sizes,epochs,layers,losses,nodes,optimizers
100,0.01845470629632473,0.01627648374378532,100,100,1,mean_squared_error,128,adam
250,0.01824190467596054,0.015744158923439215,100,250,1,mean_squared_error,128,adam
500,0.018323885276913643,0.01564538256874434,100,500,1,mean_squared_error,128,adam
750,0.018315913155674934,0.015580138994525549,100,750,1,mean_squared_error,128,adam
1000,0.018346632830798626,0.015565240765013791,100,1000,1,mean_squared_error,128,adam
