round_epochs,val_loss,loss,batch_sizes,epochs,layers,losses,nodes,optimizers
100,0.016428282018750906,0.01677212313069661,100,100,1,mean_squared_error,128,adam
250,0.016205239575356245,0.016431200019268313,100,250,1,mean_squared_error,128,adam
500,0.015867273323237896,0.01619696128824002,100,500,1,mean_squared_error,128,adam
750,0.015864552929997444,0.016187341783410476,100,750,1,mean_squared_error,128,adam
1000,0.015885792672634125,0.016227569342369123,100,1000,1,mean_squared_error,128,adam
