round_epochs,val_loss,loss,batch_sizes,epochs,layers,losses,nodes,optimizers
100,0.01599401095882058,0.016809841786000066,100,100,1,mean_squared_error,128,adam
250,0.01569843990728259,0.016412790155126936,100,250,1,mean_squared_error,128,adam
500,0.016001359093934298,0.016249457621634156,100,500,1,mean_squared_error,128,adam
750,0.0158245419152081,0.01620393918645113,100,750,1,mean_squared_error,128,adam
1000,0.015747608616948128,0.016216780413829145,100,1000,1,mean_squared_error,128,adam
