round_epochs,val_loss,loss,batch_sizes,epochs,layers,losses,nodes,optimizers
100,0.01641652826219797,0.01675509904186827,100,100,1,mean_squared_error,128,adam
250,0.015996192581951618,0.016510889639046258,100,250,1,mean_squared_error,128,adam
500,0.015569719020277262,0.016397468523964995,100,500,1,mean_squared_error,128,adam
750,0.015460626222193241,0.016378582578927353,100,750,1,mean_squared_error,128,adam
1000,0.015446953941136599,0.01631674190567699,100,1000,1,mean_squared_error,128,adam
