round_epochs,val_loss,loss,batch_sizes,epochs,layers,losses,nodes,optimizers
100,0.014614279847592115,0.017199709007801267,100,100,1,mean_squared_error,128,adam
250,0.014442618936300278,0.016727475720203312,100,250,1,mean_squared_error,128,adam
500,0.014420554041862488,0.0165612048406462,100,500,1,mean_squared_error,128,adam
750,0.014425558038055897,0.016565434595005105,100,750,1,mean_squared_error,128,adam
1000,0.014445926528424025,0.016538448300315325,100,1000,1,mean_squared_error,128,adam
