round_epochs,val_loss,loss,batch_sizes,epochs,layers,losses,nodes,optimizers
100,0.017790655605494976,0.016427173930451386,100,100,1,mean_squared_error,128,adam
250,0.017328108195215464,0.01627337468559282,100,250,1,mean_squared_error,128,adam
500,0.01665342878550291,0.01605915303405066,100,500,1,mean_squared_error,128,adam
750,0.016683047637343407,0.016026482308157404,100,750,1,mean_squared_error,128,adam
1000,0.016641483642160892,0.016066024462718115,100,1000,1,mean_squared_error,128,adam
