round_epochs,val_loss,loss,batch_sizes,epochs,layers,losses,nodes,optimizers
100,0.014801099430769682,0.017145227370106784,100,100,1,mean_squared_error,128,adam
250,0.014530276414006948,0.01668575292635233,100,250,1,mean_squared_error,128,adam
500,0.014438754878938198,0.016538345710115324,100,500,1,mean_squared_error,128,adam
750,0.014416242949664593,0.016544795333685584,100,750,1,mean_squared_error,128,adam
1000,0.014459449797868729,0.016536709000554897,100,1000,1,mean_squared_error,128,adam
