round_epochs,val_loss,loss,batch_sizes,epochs,layers,losses,nodes,optimizers
100,0.020223503932356834,0.015761219380530798,100,100,1,mean_squared_error,128,adam
250,0.02021040767431259,0.015287105313836034,100,250,1,mean_squared_error,128,adam
500,0.020056206732988358,0.015125242353680738,100,500,1,mean_squared_error,128,adam
750,0.020095614716410637,0.015128692366967076,100,750,1,mean_squared_error,128,adam
1000,0.020437843166291714,0.015180366664639391,100,1000,1,mean_squared_error,128,adam
