round_epochs,val_loss,loss,batch_sizes,epochs,layers,losses,nodes,optimizers
100,0.01598102366551757,0.016941459331297336,100,100,1,mean_squared_error,128,adam
250,0.015511238481849432,0.016689097083974303,100,250,1,mean_squared_error,128,adam
500,0.01490350067615509,0.01647983769183619,100,500,1,mean_squared_error,128,adam
750,0.014796389732509851,0.016469457417838555,100,750,1,mean_squared_error,128,adam
1000,0.014886193908751011,0.016546433663140413,100,1000,1,mean_squared_error,128,adam
