round_epochs,val_loss,loss,batch_sizes,epochs,layers,losses,nodes,optimizers
100,0.016444687731564045,0.016757207640206304,100,100,1,mean_squared_error,128,adam
250,0.01587583078071475,0.01655994756684118,100,250,1,mean_squared_error,128,adam
500,0.015170357655733824,0.016398679138275616,100,500,1,mean_squared_error,128,adam
750,0.015238078776746988,0.016374704640424044,100,750,1,mean_squared_error,128,adam
1000,0.015192046295851469,0.01639044202191937,100,1000,1,mean_squared_error,128,adam
