round_epochs,val_loss,loss,batch_sizes,epochs,layers,losses,nodes,optimizers
100,0.02071345876902342,0.015666905431109563,100,100,1,mean_squared_error,128,adam
250,0.02041623741388321,0.015398635627015642,100,250,1,mean_squared_error,128,adam
500,0.020203109830617905,0.015126067827593414,100,500,1,mean_squared_error,128,adam
750,0.020120278000831604,0.01511606828479988,100,750,1,mean_squared_error,128,adam
1000,0.020115268416702747,0.015181862195967732,100,1000,1,mean_squared_error,128,adam
