round_epochs,val_loss,loss,batch_sizes,epochs,layers,losses,nodes,optimizers
100,0.004144335799761603,0.0023879170608283443,100,100,1,mean_squared_error,128,adam
250,0.0038504709826604503,0.0022605398071299525,100,250,1,mean_squared_error,128,adam
500,0.00393341703986253,0.0018015699387607964,100,500,1,mean_squared_error,128,adam
750,0.005653221843455305,0.001392433098505599,100,750,1,mean_squared_error,128,adam
1000,0.00692816512968073,0.0010348150299067111,100,1000,1,mean_squared_error,128,adam
