round_epochs,val_loss,loss,batch_sizes,epochs,layers,losses,nodes,optimizers
100,0.00500232554696051,0.0021182672970815365,100,100,1,mean_squared_error,128,adam
250,0.004916726750785008,0.001893699993473487,100,250,1,mean_squared_error,128,adam
500,0.004605372555684954,0.0018153760036585308,100,500,1,mean_squared_error,128,adam
750,0.005060665142118706,0.0015853963627108381,100,750,1,mean_squared_error,128,adam
1000,0.006077112622989632,0.0013600257616325497,100,1000,1,mean_squared_error,128,adam
