round_epochs,val_loss,loss,batch_sizes,epochs,layers,losses,nodes,optimizers
100,0.003962285734769238,0.0024490874123082244,100,100,1,mean_squared_error,128,adam
250,0.0034128414284456616,0.0023117811813588357,100,250,1,mean_squared_error,128,adam
500,0.0030556273829173202,0.0020909811101966734,100,500,1,mean_squared_error,128,adam
750,0.00439101372887591,0.0017808662472302188,100,750,1,mean_squared_error,128,adam
1000,0.009661282433767864,0.0014175346889650695,100,1000,1,mean_squared_error,128,adam
