round_epochs,val_loss,loss,batch_sizes,epochs,layers,losses,nodes,optimizers
100,0.0042661571835434465,0.002351789030886133,100,100,1,mean_squared_error,128,adam
250,0.004353694159106992,0.002084437718925377,100,250,1,mean_squared_error,128,adam
500,0.004394413042233218,0.0018039494935150324,100,500,1,mean_squared_error,128,adam
750,0.005008754210462372,0.001506288720511201,100,750,1,mean_squared_error,128,adam
1000,0.005955661038620088,0.0008406976862302558,100,1000,1,mean_squared_error,128,adam
