round_epochs,val_loss,loss,batch_sizes,epochs,layers,losses,nodes,optimizers
100,0.005350315685959617,0.002042042294333717,100,100,1,mean_squared_error,128,adam
250,0.0055837030265124595,0.0017452196945963107,100,250,1,mean_squared_error,128,adam
500,0.00507967116489033,0.0016916169710880654,100,500,1,mean_squared_error,128,adam
750,0.004933566313667513,0.0016521869748807277,100,750,1,mean_squared_error,128,adam
1000,0.005382361218108604,0.0015344214652114633,100,1000,1,mean_squared_error,128,adam
