round_epochs,val_loss,loss,batch_sizes,epochs,layers,losses,nodes,optimizers
100,0.0017671184280849807,0.0029021764069447537,100,100,1,mean_squared_error,128,adam
250,0.0016113970049624169,0.002680634649945517,100,250,1,mean_squared_error,128,adam
500,0.0018689691284484225,0.0024126914672017324,100,500,1,mean_squared_error,128,adam
750,0.002043012964852791,0.002036240242299332,100,750,1,mean_squared_error,128,adam
1000,0.0022589916529498957,0.0017289800114924972,100,1000,1,mean_squared_error,128,adam
