round_epochs,val_loss,loss,batch_sizes,epochs,layers,losses,nodes,optimizers
100,0.0034609293757034607,0.00263773720250512,100,100,1,mean_squared_error,128,adam
250,0.0028772038868605044,0.0024123082650035167,100,250,1,mean_squared_error,128,adam
500,0.004254752470545433,0.0021656626718462154,100,500,1,mean_squared_error,128,adam
750,0.004119721106744966,0.0020224400916527205,100,750,1,mean_squared_error,128,adam
1000,0.007184145962772657,0.0017046691136048974,100,1000,1,mean_squared_error,128,adam
