round_epochs,val_loss,loss,batch_sizes,epochs,layers,losses,nodes,optimizers
100,0.002947801425725446,0.0026728513461274253,100,100,1,mean_squared_error,128,adam
250,0.0023113273589605065,0.0024935832909176673,100,250,1,mean_squared_error,128,adam
500,0.0022127951832310337,0.0022269556077780446,100,500,1,mean_squared_error,128,adam
750,0.0026414127910425467,0.0019235809708738492,100,750,1,mean_squared_error,128,adam
1000,0.0037211724241081644,0.0014970823778474535,100,1000,1,mean_squared_error,128,adam
