round_epochs,val_loss,loss,batch_sizes,epochs,layers,losses,nodes,optimizers
100,0.0021390786345336756,0.0029128141415474765,100,100,1,mean_squared_error,128,adam
250,0.001676580779741158,0.0026352726025365746,100,250,1,mean_squared_error,128,adam
500,0.002323773105151427,0.0023663364988140236,100,500,1,mean_squared_error,128,adam
750,0.002165622560508624,0.0020686575147497344,100,750,1,mean_squared_error,128,adam
1000,0.002635842701069187,0.0017874353339500499,100,1000,1,mean_squared_error,128,adam
