round_epochs,val_loss,loss,batch_sizes,epochs,layers,losses,nodes,optimizers
100,0.0017422315753509651,0.0029510681375136804,100,100,1,mean_squared_error,128,adam
250,0.0019279930052632961,0.0026372643446342815,100,250,1,mean_squared_error,128,adam
500,0.002043552619484651,0.002403570804450981,100,500,1,mean_squared_error,128,adam
750,0.0021348369948977802,0.0022732126447160476,100,750,1,mean_squared_error,128,adam
1000,0.0027049304601553846,0.0019180365406550617,100,1000,1,mean_squared_error,128,adam
