round_epochs,val_loss,loss,batch_sizes,epochs,layers,losses,nodes,optimizers
100,0.0016326982113790123,0.002960711549450126,100,100,1,mean_squared_error,128,adam
250,0.00148526539420007,0.002645878950275029,100,250,1,mean_squared_error,128,adam
500,0.0023668840850455375,0.0021718167138375303,100,500,1,mean_squared_error,128,adam
750,0.0038125395386400234,0.0016638807881261325,100,750,1,mean_squared_error,128,adam
1000,0.007031167183427056,0.0009614788448541529,100,1000,1,mean_squared_error,128,adam
