round_epochs,val_loss,loss,batch_sizes,epochs,layers,losses,nodes,optimizers
100,0.0016095392609567348,0.0029424787210912038,100,100,1,mean_squared_error,128,adam
250,0.0013606691318821518,0.0027081624209655056,100,250,1,mean_squared_error,128,adam
500,0.0013728275124086581,0.002379998187252292,100,500,1,mean_squared_error,128,adam
750,0.0026156990472976137,0.002130509770153128,100,750,1,mean_squared_error,128,adam
1000,0.003031854179626958,0.0019271815386177464,100,1000,1,mean_squared_error,128,adam
