round_epochs,val_loss,loss,batch_sizes,epochs,layers,losses,nodes,optimizers
100,0.0046290964257889354,0.0022790938136026716,100,100,1,mean_squared_error,128,adam
250,0.0039933503221664295,0.0020797260662992344,100,250,1,mean_squared_error,128,adam
500,0.004297505582135227,0.0018798205166622394,100,500,1,mean_squared_error,128,adam
750,0.004202222278407171,0.0016746694634249904,100,750,1,mean_squared_error,128,adam
1000,0.00597409486077988,0.0012486242592767483,100,1000,1,mean_squared_error,128,adam
