round_epochs,val_loss,loss,batch_sizes,epochs,layers,losses,nodes,optimizers
100,0.002253656142190024,0.0028153493285480173,100,100,1,mean_squared_error,128,adam
250,0.0021822637546077446,0.0025089728978763552,100,250,1,mean_squared_error,128,adam
500,0.0020726999179015507,0.002227900146431468,100,500,1,mean_squared_error,128,adam
750,0.0024046645916287026,0.0020158054069568864,100,750,1,mean_squared_error,128,adam
1000,0.003035528593504773,0.0015290478941739885,100,1000,1,mean_squared_error,128,adam
