round_epochs,val_loss,loss,batch_sizes,epochs,layers,losses,nodes,optimizers
100,0.00455819657095825,0.0022884204053564582,100,100,1,mean_squared_error,128,adam
250,0.004188726805899311,0.0021231920814677846,100,250,1,mean_squared_error,128,adam
500,0.004251182701756906,0.0018509175870073677,100,500,1,mean_squared_error,128,adam
750,0.004255525028361148,0.0017254485353601701,100,750,1,mean_squared_error,128,adam
1000,0.005131017255255175,0.001457707364067454,100,1000,1,mean_squared_error,128,adam
