round_epochs,val_loss,loss,batch_sizes,epochs,layers,losses,nodes,optimizers
100,0.0027305920708961973,0.0027696980331610474,100,100,1,mean_squared_error,128,adam
250,0.002364607569972175,0.002503074397511705,100,250,1,mean_squared_error,128,adam
500,0.002241650298495201,0.002255079946174954,100,500,1,mean_squared_error,128,adam
750,0.002455021705169549,0.0019866089419475898,100,750,1,mean_squared_error,128,adam
1000,0.008520416831176485,0.00139439805214425,100,1000,1,mean_squared_error,128,adam
