round_epochs,val_loss,loss,batch_sizes,epochs,layers,losses,nodes,optimizers
100,0.004074370064983266,0.0024645189234911644,100,100,1,mean_squared_error,128,adam
250,0.0037992891256496235,0.0023221302627011984,100,250,1,mean_squared_error,128,adam
500,0.0034803182668235134,0.002099911832236544,100,500,1,mean_squared_error,128,adam
750,0.003927115793222908,0.0019012903012664555,100,750,1,mean_squared_error,128,adam
1000,0.006877808403410953,0.001605282550574177,100,1000,1,mean_squared_error,128,adam
