round_epochs,val_loss,loss,batch_sizes,epochs,layers,losses,nodes,optimizers
100,0.002110469716615114,0.0028041335571830097,100,100,1,mean_squared_error,128,adam
250,0.0021306175958533684,0.0025999835154954156,100,250,1,mean_squared_error,128,adam
500,0.002740730503433613,0.002145578747855104,100,500,1,mean_squared_error,128,adam
750,0.0037623141148132293,0.0019213899292729118,100,750,1,mean_squared_error,128,adam
1000,0.0033918133557741367,0.0013376433876192554,100,1000,1,mean_squared_error,128,adam
