round_epochs,val_loss,loss,batch_sizes,epochs,layers,losses,nodes,optimizers
100,0.00246544481938396,0.002872607808306136,100,100,1,mean_squared_error,128,adam
250,0.0021493742359455807,0.00259560297097484,100,250,1,mean_squared_error,128,adam
500,0.0023484162649317604,0.0022681777370209344,100,500,1,mean_squared_error,128,adam
750,0.0051594959050136145,0.0019727308527129053,100,750,1,mean_squared_error,128,adam
1000,0.004619251354012507,0.0016809566533827985,100,1000,1,mean_squared_error,128,adam
