round_epochs,val_loss,loss,batch_sizes,epochs,layers,losses,nodes,optimizers
100,0.001872869995282261,0.0028694796986228816,100,100,1,mean_squared_error,128,adam
250,0.001754942926316143,0.002593938034319441,100,250,1,mean_squared_error,128,adam
500,0.00295729106455929,0.002346209460290883,100,500,1,mean_squared_error,128,adam
750,0.002407118943098689,0.002124482956879556,100,750,1,mean_squared_error,128,adam
1000,0.0028253504316130625,0.0012958756832622293,100,1000,1,mean_squared_error,128,adam
