round_epochs,val_loss,loss,batch_sizes,epochs,layers,losses,nodes,optimizers
100,0.002045217802603004,0.0028881092803938447,100,100,1,mean_squared_error,128,adam
250,0.001594563297361098,0.002695748758281233,100,250,1,mean_squared_error,128,adam
500,0.00157537640671447,0.002386300457697926,100,500,1,mean_squared_error,128,adam
750,0.005473687609507885,0.0020546771184955207,100,750,1,mean_squared_error,128,adam
1000,0.003478388037607448,0.00167471841430395,100,1000,1,mean_squared_error,128,adam
